ISO-10303-21;
HEADER;
/* Generated by software containing ST-Developer
 * from STEP Tools, Inc. (www.steptools.com) 
 */
/* OPTION: using custom renumber hook */

FILE_DESCRIPTION(
/* description */ ('STEP AP242 Edition 2',
'CAx-IF Rec.Pracs.---Representation and Presentation of Product Manufa
cturing Information (PMI)---4.0---2014-10-13',
'CAx-IF Rec.Pracs.---3D Tessellated Geometry---0.4---2014-09-14','2;1',
'CAx-IF Rec.Pracs.---User Defined Attributes---1.5---2016-08-15'),
/* implementation_level */ '2;1');

FILE_NAME(
/* name */ 'Part Studio 17 - Part 1',
/* time_stamp */ '2026-09-24T02:25:54Z',
/* author */ (''),
/* organization */ (''),
/* preprocessor_version */ 'ST-DEVELOPER v20',
/* originating_system */ 'ONSHAPE BY PTC INC, 1.221',
/* authorisation */ '  ');

FILE_SCHEMA (('AP242_MANAGED_MODEL_BASED_3D_ENGINEERING_MIM_LF { 1 0 10303 442 3 1 4 }'));
ENDSEC;

DATA;
#10=SHAPE_REPRESENTATION_RELATIONSHIP('','',#1866,#11);
#11=ADVANCED_BREP_SHAPE_REPRESENTATION('',(#1864),#3172);
#12=SPHERICAL_SURFACE('',#1986,0.001);
#13=SPHERICAL_SURFACE('',#2001,0.001);
#14=SPHERICAL_SURFACE('',#2024,0.001);
#15=SPHERICAL_SURFACE('',#2028,0.001);
#16=(
BOUNDED_SURFACE()
B_SPLINE_SURFACE(3,2,((#3018,#3019,#3020),(#3021,#3022,#3023),(#3024,#3025,
#3026),(#3027,#3028,#3029),(#3030,#3031,#3032),(#3033,#3034,#3035),(#3036,
#3037,#3038)),.UNSPECIFIED.,.F.,.F.,.F.)
B_SPLINE_SURFACE_WITH_KNOTS((4,1,1,1,4),(3,3),(4.71238898038469,5.10508806208341,
5.49778714378214,5.89048622548086,6.28318530717959),(0.,1.),
 .UNSPECIFIED.)
GEOMETRIC_REPRESENTATION_ITEM()
RATIONAL_B_SPLINE_SURFACE(((1.,1.,1.),(1.,0.999999999839716,1.),(1.,0.973464424261944,
1.),(1.,0.869029034610562,1.),(1.,0.746571860002458,1.),(1.,0.707106782981633,
1.),(1.,0.707106781186548,1.)))
REPRESENTATION_ITEM('')
SURFACE()
);
#17=(
BOUNDED_SURFACE()
B_SPLINE_SURFACE(3,2,((#3048,#3049,#3050),(#3051,#3052,#3053),(#3054,#3055,
#3056),(#3057,#3058,#3059),(#3060,#3061,#3062),(#3063,#3064,#3065),(#3066,
#3067,#3068)),.UNSPECIFIED.,.F.,.F.,.F.)
B_SPLINE_SURFACE_WITH_KNOTS((4,1,1,1,4),(3,3),(1.5707963267949,1.96349540849362,
2.35619449019234,2.74889357189107,3.14159265358979),(0.,1.),
 .UNSPECIFIED.)
GEOMETRIC_REPRESENTATION_ITEM()
RATIONAL_B_SPLINE_SURFACE(((1.,1.,1.),(1.,0.999999999839716,1.),(1.,0.973464424261945,
1.),(1.,0.869029034610557,1.),(1.,0.746571860002459,1.),(1.,0.707106782981633,
1.),(1.,0.707106781186548,1.)))
REPRESENTATION_ITEM('')
SURFACE()
);
#18=(
BOUNDED_SURFACE()
B_SPLINE_SURFACE(3,2,((#3069,#3070,#3071),(#3072,#3073,#3074),(#3075,#3076,
#3077),(#3078,#3079,#3080),(#3081,#3082,#3083),(#3084,#3085,#3086),(#3087,
#3088,#3089)),.UNSPECIFIED.,.F.,.F.,.F.)
B_SPLINE_SURFACE_WITH_KNOTS((4,1,1,1,4),(3,3),(1.5707963267949,1.96349540849362,
2.35619449019234,2.74889357189107,3.14159265358979),(0.,1.),
 .UNSPECIFIED.)
GEOMETRIC_REPRESENTATION_ITEM()
RATIONAL_B_SPLINE_SURFACE(((1.,1.,1.),(1.,0.999999999839716,1.),(1.,0.973464424261956,
1.),(1.,0.869029034610521,1.),(1.,0.746571860002592,1.),(1.,0.707106782981346,
1.),(1.,0.707106781186548,1.)))
REPRESENTATION_ITEM('')
SURFACE()
);
#19=(
BOUNDED_SURFACE()
B_SPLINE_SURFACE(3,2,((#3105,#3106,#3107),(#3108,#3109,#3110),(#3111,#3112,
#3113),(#3114,#3115,#3116),(#3117,#3118,#3119),(#3120,#3121,#3122),(#3123,
#3124,#3125)),.UNSPECIFIED.,.F.,.F.,.F.)
B_SPLINE_SURFACE_WITH_KNOTS((4,1,1,1,4),(3,3),(4.71238898038469,5.10508806208341,
5.49778714378214,5.89048622548086,6.28318530717959),(0.,1.),
 .UNSPECIFIED.)
GEOMETRIC_REPRESENTATION_ITEM()
RATIONAL_B_SPLINE_SURFACE(((1.,1.,1.),(1.,0.999999999839716,1.),(1.,0.973464424261955,
1.),(1.,0.869029034610526,1.),(1.,0.746571860002591,1.),(1.,0.707106782981346,
1.),(1.,0.707106781186548,1.)))
REPRESENTATION_ITEM('')
SURFACE()
);
#20=ELLIPSE('',#1960,0.00151638097289881,0.00144852813742386);
#21=ELLIPSE('',#1961,0.00151638097289881,0.00144852813742386);
#22=ELLIPSE('',#1963,0.00151638097289881,0.00144852813742386);
#23=ELLIPSE('',#1964,0.00151638097289881,0.00144852813742386);
#24=ELLIPSE('',#1966,0.00151638097289881,0.00144852813742386);
#25=ELLIPSE('',#1967,0.00151638097289881,0.00144852813742386);
#26=ELLIPSE('',#1969,0.00151638097289881,0.00144852813742386);
#27=ELLIPSE('',#1970,0.00151638097289881,0.00144852813742386);
#28=ELLIPSE('',#1988,0.00141421356237309,0.001);
#29=ELLIPSE('',#1989,0.00141421356237309,0.001);
#30=ELLIPSE('',#1991,0.00141421356237309,0.001);
#31=ELLIPSE('',#1993,0.00141421356237309,0.001);
#32=ELLIPSE('',#2003,0.00141421356237309,0.001);
#33=ELLIPSE('',#2004,0.00141421356237309,0.001);
#34=ELLIPSE('',#2006,0.00141421356237309,0.001);
#35=ELLIPSE('',#2007,0.00141421356237309,0.001);
#36=ELLIPSE('',#2008,0.00141421356237309,0.001);
#37=ELLIPSE('',#2010,0.00141421356237309,0.001);
#38=ELLIPSE('',#2011,0.00141421356237309,0.001);
#39=ELLIPSE('',#2012,0.00141421356237309,0.001);
#40=ELLIPSE('',#2017,0.00141421356237309,0.001);
#41=ELLIPSE('',#2018,0.00141421356237309,0.001);
#42=ELLIPSE('',#2020,0.00141421356237309,0.001);
#43=ELLIPSE('',#2022,0.00141421356237309,0.001);
#44=ELLIPSE('',#2030,0.00141421356237309,0.001);
#45=ELLIPSE('',#2031,0.00141421356237309,0.001);
#46=ELLIPSE('',#2033,0.00141421356237309,0.001);
#47=ELLIPSE('',#2035,0.00141421356237309,0.001);
#48=B_SPLINE_CURVE_WITH_KNOTS('',3,(#2894,#2895,#2896,#2897,#2898),
 .UNSPECIFIED.,.F.,.F.,(4,1,4),(0.,0.0012763593979109,0.0025527187958218),
 .UNSPECIFIED.);
#49=B_SPLINE_CURVE_WITH_KNOTS('',3,(#2911,#2912,#2913,#2914,#2915),
 .UNSPECIFIED.,.F.,.F.,(4,1,4),(0.,0.00127635939791089,0.00255271879582177),
 .UNSPECIFIED.);
#50=CYLINDRICAL_SURFACE('',#1892,0.0023);
#51=CYLINDRICAL_SURFACE('',#1902,0.0023);
#52=CYLINDRICAL_SURFACE('',#1911,0.0023);
#53=CYLINDRICAL_SURFACE('',#1921,0.0023);
#54=CYLINDRICAL_SURFACE('',#1926,0.0023);
#55=CYLINDRICAL_SURFACE('',#1929,0.0023);
#56=CYLINDRICAL_SURFACE('',#1932,0.0023);
#57=CYLINDRICAL_SURFACE('',#1935,0.0023);
#58=CYLINDRICAL_SURFACE('',#1959,0.00144852813742386);
#59=CYLINDRICAL_SURFACE('',#1962,0.00144852813742386);
#60=CYLINDRICAL_SURFACE('',#1965,0.00144852813742386);
#61=CYLINDRICAL_SURFACE('',#1968,0.00144852813742386);
#62=CYLINDRICAL_SURFACE('',#1972,0.001);
#63=CYLINDRICAL_SURFACE('',#1974,0.001);
#64=CYLINDRICAL_SURFACE('',#1977,0.001);
#65=CYLINDRICAL_SURFACE('',#1981,0.001);
#66=CYLINDRICAL_SURFACE('',#1983,0.001);
#67=CYLINDRICAL_SURFACE('',#1987,0.001);
#68=CYLINDRICAL_SURFACE('',#1990,0.001);
#69=CYLINDRICAL_SURFACE('',#1992,0.001);
#70=CYLINDRICAL_SURFACE('',#1994,0.001);
#71=CYLINDRICAL_SURFACE('',#1996,0.001);
#72=CYLINDRICAL_SURFACE('',#1998,0.001);
#73=CYLINDRICAL_SURFACE('',#2002,0.001);
#74=CYLINDRICAL_SURFACE('',#2005,0.001);
#75=CYLINDRICAL_SURFACE('',#2009,0.001);
#76=CYLINDRICAL_SURFACE('',#2013,0.001);
#77=CYLINDRICAL_SURFACE('',#2014,0.001);
#78=CYLINDRICAL_SURFACE('',#2015,0.001);
#79=CYLINDRICAL_SURFACE('',#2016,0.001);
#80=CYLINDRICAL_SURFACE('',#2019,0.001);
#81=CYLINDRICAL_SURFACE('',#2021,0.001);
#82=CYLINDRICAL_SURFACE('',#2023,0.001);
#83=CYLINDRICAL_SURFACE('',#2026,0.001);
#84=CYLINDRICAL_SURFACE('',#2029,0.001);
#85=CYLINDRICAL_SURFACE('',#2032,0.001);
#86=CYLINDRICAL_SURFACE('',#2034,0.001);
#87=CYLINDRICAL_SURFACE('',#2036,0.001);
#88=CIRCLE('',#1879,0.0023);
#89=CIRCLE('',#1880,0.0023);
#90=CIRCLE('',#1881,0.0023);
#91=CIRCLE('',#1882,0.0023);
#92=CIRCLE('',#1893,0.0023);
#93=CIRCLE('',#1894,0.0023);
#94=CIRCLE('',#1903,0.0023);
#95=CIRCLE('',#1904,0.0023);
#96=CIRCLE('',#1912,0.0023);
#97=CIRCLE('',#1913,0.0023);
#98=CIRCLE('',#1922,0.0023);
#99=CIRCLE('',#1923,0.0023);
#100=CIRCLE('',#1927,0.0023);
#101=CIRCLE('',#1930,0.0023);
#102=CIRCLE('',#1933,0.0023);
#103=CIRCLE('',#1936,0.0023);
#104=CIRCLE('',#1971,0.001);
#105=CIRCLE('',#1973,0.001);
#106=CIRCLE('',#1975,0.001);
#107=CIRCLE('',#1976,0.001);
#108=CIRCLE('',#1978,0.001);
#109=CIRCLE('',#1979,0.001);
#110=CIRCLE('',#1980,0.001);
#111=CIRCLE('',#1982,0.001);
#112=CIRCLE('',#1984,0.001);
#113=CIRCLE('',#1985,0.001);
#114=CIRCLE('',#1995,0.001);
#115=CIRCLE('',#1997,0.001);
#116=CIRCLE('',#1999,0.001);
#117=CIRCLE('',#2000,0.001);
#118=CIRCLE('',#2025,0.001);
#119=CIRCLE('',#2027,0.001);
#120=ORIENTED_EDGE('',*,*,#618,.T.);
#121=ORIENTED_EDGE('',*,*,#619,.T.);
#122=ORIENTED_EDGE('',*,*,#620,.T.);
#123=ORIENTED_EDGE('',*,*,#621,.T.);
#124=ORIENTED_EDGE('',*,*,#622,.T.);
#125=ORIENTED_EDGE('',*,*,#623,.T.);
#126=ORIENTED_EDGE('',*,*,#624,.T.);
#127=ORIENTED_EDGE('',*,*,#625,.T.);
#128=ORIENTED_EDGE('',*,*,#626,.T.);
#129=ORIENTED_EDGE('',*,*,#627,.T.);
#130=ORIENTED_EDGE('',*,*,#628,.T.);
#131=ORIENTED_EDGE('',*,*,#629,.T.);
#132=ORIENTED_EDGE('',*,*,#630,.F.);
#133=ORIENTED_EDGE('',*,*,#631,.F.);
#134=ORIENTED_EDGE('',*,*,#632,.T.);
#135=ORIENTED_EDGE('',*,*,#633,.T.);
#136=ORIENTED_EDGE('',*,*,#634,.F.);
#137=ORIENTED_EDGE('',*,*,#635,.F.);
#138=ORIENTED_EDGE('',*,*,#636,.T.);
#139=ORIENTED_EDGE('',*,*,#637,.T.);
#140=ORIENTED_EDGE('',*,*,#638,.F.);
#141=ORIENTED_EDGE('',*,*,#639,.F.);
#142=ORIENTED_EDGE('',*,*,#640,.T.);
#143=ORIENTED_EDGE('',*,*,#641,.T.);
#144=ORIENTED_EDGE('',*,*,#642,.F.);
#145=ORIENTED_EDGE('',*,*,#643,.F.);
#146=ORIENTED_EDGE('',*,*,#644,.T.);
#147=ORIENTED_EDGE('',*,*,#645,.T.);
#148=ORIENTED_EDGE('',*,*,#646,.F.);
#149=ORIENTED_EDGE('',*,*,#647,.F.);
#150=ORIENTED_EDGE('',*,*,#648,.F.);
#151=ORIENTED_EDGE('',*,*,#649,.T.);
#152=ORIENTED_EDGE('',*,*,#633,.F.);
#153=ORIENTED_EDGE('',*,*,#650,.F.);
#154=ORIENTED_EDGE('',*,*,#651,.T.);
#155=ORIENTED_EDGE('',*,*,#652,.T.);
#156=ORIENTED_EDGE('',*,*,#653,.T.);
#157=ORIENTED_EDGE('',*,*,#654,.F.);
#158=ORIENTED_EDGE('',*,*,#655,.F.);
#159=ORIENTED_EDGE('',*,*,#656,.T.);
#160=ORIENTED_EDGE('',*,*,#657,.T.);
#161=ORIENTED_EDGE('',*,*,#658,.F.);
#162=ORIENTED_EDGE('',*,*,#659,.T.);
#163=ORIENTED_EDGE('',*,*,#660,.T.);
#164=ORIENTED_EDGE('',*,*,#661,.T.);
#165=ORIENTED_EDGE('',*,*,#662,.T.);
#166=ORIENTED_EDGE('',*,*,#663,.T.);
#167=ORIENTED_EDGE('',*,*,#664,.T.);
#168=ORIENTED_EDGE('',*,*,#665,.T.);
#169=ORIENTED_EDGE('',*,*,#666,.T.);
#170=ORIENTED_EDGE('',*,*,#667,.T.);
#171=ORIENTED_EDGE('',*,*,#668,.T.);
#172=ORIENTED_EDGE('',*,*,#669,.T.);
#173=ORIENTED_EDGE('',*,*,#670,.T.);
#174=ORIENTED_EDGE('',*,*,#671,.T.);
#175=ORIENTED_EDGE('',*,*,#672,.T.);
#176=ORIENTED_EDGE('',*,*,#673,.T.);
#177=ORIENTED_EDGE('',*,*,#674,.T.);
#178=ORIENTED_EDGE('',*,*,#675,.F.);
#179=ORIENTED_EDGE('',*,*,#676,.T.);
#180=ORIENTED_EDGE('',*,*,#677,.T.);
#181=ORIENTED_EDGE('',*,*,#652,.F.);
#182=ORIENTED_EDGE('',*,*,#678,.F.);
#183=ORIENTED_EDGE('',*,*,#679,.F.);
#184=ORIENTED_EDGE('',*,*,#680,.F.);
#185=ORIENTED_EDGE('',*,*,#681,.T.);
#186=ORIENTED_EDGE('',*,*,#682,.F.);
#187=ORIENTED_EDGE('',*,*,#683,.T.);
#188=ORIENTED_EDGE('',*,*,#684,.T.);
#189=ORIENTED_EDGE('',*,*,#685,.F.);
#190=ORIENTED_EDGE('',*,*,#634,.T.);
#191=ORIENTED_EDGE('',*,*,#649,.F.);
#192=ORIENTED_EDGE('',*,*,#686,.F.);
#193=ORIENTED_EDGE('',*,*,#687,.T.);
#194=ORIENTED_EDGE('',*,*,#688,.T.);
#195=ORIENTED_EDGE('',*,*,#689,.F.);
#196=ORIENTED_EDGE('',*,*,#690,.F.);
#197=ORIENTED_EDGE('',*,*,#691,.T.);
#198=ORIENTED_EDGE('',*,*,#692,.T.);
#199=ORIENTED_EDGE('',*,*,#693,.F.);
#200=ORIENTED_EDGE('',*,*,#694,.F.);
#201=ORIENTED_EDGE('',*,*,#695,.T.);
#202=ORIENTED_EDGE('',*,*,#696,.T.);
#203=ORIENTED_EDGE('',*,*,#697,.F.);
#204=ORIENTED_EDGE('',*,*,#698,.T.);
#205=ORIENTED_EDGE('',*,*,#699,.T.);
#206=ORIENTED_EDGE('',*,*,#700,.T.);
#207=ORIENTED_EDGE('',*,*,#701,.T.);
#208=ORIENTED_EDGE('',*,*,#702,.T.);
#209=ORIENTED_EDGE('',*,*,#703,.T.);
#210=ORIENTED_EDGE('',*,*,#704,.T.);
#211=ORIENTED_EDGE('',*,*,#705,.T.);
#212=ORIENTED_EDGE('',*,*,#706,.T.);
#213=ORIENTED_EDGE('',*,*,#707,.T.);
#214=ORIENTED_EDGE('',*,*,#708,.T.);
#215=ORIENTED_EDGE('',*,*,#678,.T.);
#216=ORIENTED_EDGE('',*,*,#651,.F.);
#217=ORIENTED_EDGE('',*,*,#709,.F.);
#218=ORIENTED_EDGE('',*,*,#710,.F.);
#219=ORIENTED_EDGE('',*,*,#706,.F.);
#220=ORIENTED_EDGE('',*,*,#711,.T.);
#221=ORIENTED_EDGE('',*,*,#631,.T.);
#222=ORIENTED_EDGE('',*,*,#712,.F.);
#223=ORIENTED_EDGE('',*,*,#713,.T.);
#224=ORIENTED_EDGE('',*,*,#683,.F.);
#225=ORIENTED_EDGE('',*,*,#714,.F.);
#226=ORIENTED_EDGE('',*,*,#715,.T.);
#227=ORIENTED_EDGE('',*,*,#716,.T.);
#228=ORIENTED_EDGE('',*,*,#717,.F.);
#229=ORIENTED_EDGE('',*,*,#718,.T.);
#230=ORIENTED_EDGE('',*,*,#719,.F.);
#231=ORIENTED_EDGE('',*,*,#720,.T.);
#232=ORIENTED_EDGE('',*,*,#721,.T.);
#233=ORIENTED_EDGE('',*,*,#722,.T.);
#234=ORIENTED_EDGE('',*,*,#723,.F.);
#235=ORIENTED_EDGE('',*,*,#724,.F.);
#236=ORIENTED_EDGE('',*,*,#709,.T.);
#237=ORIENTED_EDGE('',*,*,#650,.T.);
#238=ORIENTED_EDGE('',*,*,#632,.F.);
#239=ORIENTED_EDGE('',*,*,#711,.F.);
#240=ORIENTED_EDGE('',*,*,#680,.T.);
#241=ORIENTED_EDGE('',*,*,#725,.F.);
#242=ORIENTED_EDGE('',*,*,#726,.F.);
#243=ORIENTED_EDGE('',*,*,#727,.T.);
#244=ORIENTED_EDGE('',*,*,#681,.F.);
#245=ORIENTED_EDGE('',*,*,#727,.F.);
#246=ORIENTED_EDGE('',*,*,#728,.T.);
#247=ORIENTED_EDGE('',*,*,#729,.T.);
#248=ORIENTED_EDGE('',*,*,#707,.F.);
#249=ORIENTED_EDGE('',*,*,#710,.T.);
#250=ORIENTED_EDGE('',*,*,#730,.T.);
#251=ORIENTED_EDGE('',*,*,#728,.F.);
#252=ORIENTED_EDGE('',*,*,#726,.T.);
#253=ORIENTED_EDGE('',*,*,#731,.T.);
#254=ORIENTED_EDGE('',*,*,#682,.T.);
#255=ORIENTED_EDGE('',*,*,#729,.F.);
#256=ORIENTED_EDGE('',*,*,#730,.F.);
#257=ORIENTED_EDGE('',*,*,#714,.T.);
#258=ORIENTED_EDGE('',*,*,#679,.T.);
#259=ORIENTED_EDGE('',*,*,#708,.F.);
#260=ORIENTED_EDGE('',*,*,#731,.F.);
#261=ORIENTED_EDGE('',*,*,#725,.T.);
#262=ORIENTED_EDGE('',*,*,#685,.T.);
#263=ORIENTED_EDGE('',*,*,#732,.F.);
#264=ORIENTED_EDGE('',*,*,#733,.F.);
#265=ORIENTED_EDGE('',*,*,#635,.T.);
#266=ORIENTED_EDGE('',*,*,#684,.F.);
#267=ORIENTED_EDGE('',*,*,#713,.F.);
#268=ORIENTED_EDGE('',*,*,#734,.T.);
#269=ORIENTED_EDGE('',*,*,#732,.T.);
#270=ORIENTED_EDGE('',*,*,#734,.F.);
#271=ORIENTED_EDGE('',*,*,#712,.T.);
#272=ORIENTED_EDGE('',*,*,#630,.T.);
#273=ORIENTED_EDGE('',*,*,#733,.T.);
#274=ORIENTED_EDGE('',*,*,#676,.F.);
#275=ORIENTED_EDGE('',*,*,#735,.F.);
#276=ORIENTED_EDGE('',*,*,#736,.T.);
#277=ORIENTED_EDGE('',*,*,#737,.T.);
#278=ORIENTED_EDGE('',*,*,#738,.F.);
#279=ORIENTED_EDGE('',*,*,#739,.T.);
#280=ORIENTED_EDGE('',*,*,#735,.T.);
#281=ORIENTED_EDGE('',*,*,#675,.T.);
#282=ORIENTED_EDGE('',*,*,#648,.T.);
#283=ORIENTED_EDGE('',*,*,#740,.F.);
#284=ORIENTED_EDGE('',*,*,#677,.F.);
#285=ORIENTED_EDGE('',*,*,#737,.F.);
#286=ORIENTED_EDGE('',*,*,#741,.T.);
#287=ORIENTED_EDGE('',*,*,#653,.F.);
#288=ORIENTED_EDGE('',*,*,#738,.T.);
#289=ORIENTED_EDGE('',*,*,#740,.T.);
#290=ORIENTED_EDGE('',*,*,#654,.T.);
#291=ORIENTED_EDGE('',*,*,#741,.F.);
#292=ORIENTED_EDGE('',*,*,#736,.F.);
#293=ORIENTED_EDGE('',*,*,#742,.T.);
#294=ORIENTED_EDGE('',*,*,#686,.T.);
#295=ORIENTED_EDGE('',*,*,#743,.F.);
#296=ORIENTED_EDGE('',*,*,#744,.F.);
#297=ORIENTED_EDGE('',*,*,#687,.F.);
#298=ORIENTED_EDGE('',*,*,#742,.F.);
#299=ORIENTED_EDGE('',*,*,#745,.T.);
#300=ORIENTED_EDGE('',*,*,#746,.T.);
#301=ORIENTED_EDGE('',*,*,#688,.F.);
#302=ORIENTED_EDGE('',*,*,#746,.F.);
#303=ORIENTED_EDGE('',*,*,#747,.T.);
#304=ORIENTED_EDGE('',*,*,#748,.T.);
#305=ORIENTED_EDGE('',*,*,#743,.T.);
#306=ORIENTED_EDGE('',*,*,#689,.T.);
#307=ORIENTED_EDGE('',*,*,#748,.F.);
#308=ORIENTED_EDGE('',*,*,#749,.F.);
#309=ORIENTED_EDGE('',*,*,#750,.F.);
#310=ORIENTED_EDGE('',*,*,#751,.T.);
#311=ORIENTED_EDGE('',*,*,#744,.T.);
#312=ORIENTED_EDGE('',*,*,#749,.T.);
#313=ORIENTED_EDGE('',*,*,#747,.F.);
#314=ORIENTED_EDGE('',*,*,#745,.F.);
#315=ORIENTED_EDGE('',*,*,#750,.T.);
#316=ORIENTED_EDGE('',*,*,#751,.F.);
#317=ORIENTED_EDGE('',*,*,#752,.T.);
#318=ORIENTED_EDGE('',*,*,#690,.T.);
#319=ORIENTED_EDGE('',*,*,#753,.F.);
#320=ORIENTED_EDGE('',*,*,#754,.F.);
#321=ORIENTED_EDGE('',*,*,#691,.F.);
#322=ORIENTED_EDGE('',*,*,#752,.F.);
#323=ORIENTED_EDGE('',*,*,#755,.T.);
#324=ORIENTED_EDGE('',*,*,#756,.T.);
#325=ORIENTED_EDGE('',*,*,#692,.F.);
#326=ORIENTED_EDGE('',*,*,#756,.F.);
#327=ORIENTED_EDGE('',*,*,#757,.T.);
#328=ORIENTED_EDGE('',*,*,#758,.T.);
#329=ORIENTED_EDGE('',*,*,#753,.T.);
#330=ORIENTED_EDGE('',*,*,#693,.T.);
#331=ORIENTED_EDGE('',*,*,#758,.F.);
#332=ORIENTED_EDGE('',*,*,#759,.F.);
#333=ORIENTED_EDGE('',*,*,#760,.F.);
#334=ORIENTED_EDGE('',*,*,#761,.T.);
#335=ORIENTED_EDGE('',*,*,#754,.T.);
#336=ORIENTED_EDGE('',*,*,#759,.T.);
#337=ORIENTED_EDGE('',*,*,#757,.F.);
#338=ORIENTED_EDGE('',*,*,#755,.F.);
#339=ORIENTED_EDGE('',*,*,#760,.T.);
#340=ORIENTED_EDGE('',*,*,#761,.F.);
#341=ORIENTED_EDGE('',*,*,#739,.F.);
#342=ORIENTED_EDGE('',*,*,#762,.T.);
#343=ORIENTED_EDGE('',*,*,#694,.T.);
#344=ORIENTED_EDGE('',*,*,#763,.F.);
#345=ORIENTED_EDGE('',*,*,#764,.F.);
#346=ORIENTED_EDGE('',*,*,#695,.F.);
#347=ORIENTED_EDGE('',*,*,#762,.F.);
#348=ORIENTED_EDGE('',*,*,#765,.T.);
#349=ORIENTED_EDGE('',*,*,#766,.T.);
#350=ORIENTED_EDGE('',*,*,#696,.F.);
#351=ORIENTED_EDGE('',*,*,#766,.F.);
#352=ORIENTED_EDGE('',*,*,#767,.T.);
#353=ORIENTED_EDGE('',*,*,#768,.T.);
#354=ORIENTED_EDGE('',*,*,#763,.T.);
#355=ORIENTED_EDGE('',*,*,#697,.T.);
#356=ORIENTED_EDGE('',*,*,#768,.F.);
#357=ORIENTED_EDGE('',*,*,#769,.F.);
#358=ORIENTED_EDGE('',*,*,#770,.F.);
#359=ORIENTED_EDGE('',*,*,#771,.T.);
#360=ORIENTED_EDGE('',*,*,#764,.T.);
#361=ORIENTED_EDGE('',*,*,#769,.T.);
#362=ORIENTED_EDGE('',*,*,#767,.F.);
#363=ORIENTED_EDGE('',*,*,#765,.F.);
#364=ORIENTED_EDGE('',*,*,#770,.T.);
#365=ORIENTED_EDGE('',*,*,#771,.F.);
#366=ORIENTED_EDGE('',*,*,#772,.F.);
#367=ORIENTED_EDGE('',*,*,#719,.T.);
#368=ORIENTED_EDGE('',*,*,#773,.T.);
#369=ORIENTED_EDGE('',*,*,#772,.T.);
#370=ORIENTED_EDGE('',*,*,#774,.F.);
#371=ORIENTED_EDGE('',*,*,#724,.T.);
#372=ORIENTED_EDGE('',*,*,#774,.T.);
#373=ORIENTED_EDGE('',*,*,#775,.F.);
#374=ORIENTED_EDGE('',*,*,#723,.T.);
#375=ORIENTED_EDGE('',*,*,#775,.T.);
#376=ORIENTED_EDGE('',*,*,#776,.F.);
#377=ORIENTED_EDGE('',*,*,#717,.T.);
#378=ORIENTED_EDGE('',*,*,#777,.T.);
#379=ORIENTED_EDGE('',*,*,#776,.T.);
#380=ORIENTED_EDGE('',*,*,#778,.T.);
#381=ORIENTED_EDGE('',*,*,#779,.T.);
#382=ORIENTED_EDGE('',*,*,#780,.F.);
#383=ORIENTED_EDGE('',*,*,#781,.T.);
#384=ORIENTED_EDGE('',*,*,#780,.T.);
#385=ORIENTED_EDGE('',*,*,#782,.T.);
#386=ORIENTED_EDGE('',*,*,#783,.F.);
#387=ORIENTED_EDGE('',*,*,#784,.F.);
#388=ORIENTED_EDGE('',*,*,#783,.T.);
#389=ORIENTED_EDGE('',*,*,#785,.T.);
#390=ORIENTED_EDGE('',*,*,#786,.F.);
#391=ORIENTED_EDGE('',*,*,#787,.F.);
#392=ORIENTED_EDGE('',*,*,#786,.T.);
#393=ORIENTED_EDGE('',*,*,#788,.T.);
#394=ORIENTED_EDGE('',*,*,#778,.F.);
#395=ORIENTED_EDGE('',*,*,#789,.T.);
#396=ORIENTED_EDGE('',*,*,#781,.F.);
#397=ORIENTED_EDGE('',*,*,#784,.T.);
#398=ORIENTED_EDGE('',*,*,#787,.T.);
#399=ORIENTED_EDGE('',*,*,#789,.F.);
#400=ORIENTED_EDGE('',*,*,#790,.T.);
#401=ORIENTED_EDGE('',*,*,#791,.T.);
#402=ORIENTED_EDGE('',*,*,#792,.F.);
#403=ORIENTED_EDGE('',*,*,#655,.T.);
#404=ORIENTED_EDGE('',*,*,#792,.T.);
#405=ORIENTED_EDGE('',*,*,#793,.T.);
#406=ORIENTED_EDGE('',*,*,#794,.F.);
#407=ORIENTED_EDGE('',*,*,#656,.F.);
#408=ORIENTED_EDGE('',*,*,#794,.T.);
#409=ORIENTED_EDGE('',*,*,#795,.T.);
#410=ORIENTED_EDGE('',*,*,#796,.F.);
#411=ORIENTED_EDGE('',*,*,#657,.F.);
#412=ORIENTED_EDGE('',*,*,#796,.T.);
#413=ORIENTED_EDGE('',*,*,#797,.T.);
#414=ORIENTED_EDGE('',*,*,#790,.F.);
#415=ORIENTED_EDGE('',*,*,#658,.T.);
#416=ORIENTED_EDGE('',*,*,#798,.T.);
#417=ORIENTED_EDGE('',*,*,#799,.T.);
#418=ORIENTED_EDGE('',*,*,#800,.F.);
#419=ORIENTED_EDGE('',*,*,#637,.F.);
#420=ORIENTED_EDGE('',*,*,#800,.T.);
#421=ORIENTED_EDGE('',*,*,#801,.T.);
#422=ORIENTED_EDGE('',*,*,#802,.F.);
#423=ORIENTED_EDGE('',*,*,#638,.T.);
#424=ORIENTED_EDGE('',*,*,#802,.T.);
#425=ORIENTED_EDGE('',*,*,#803,.T.);
#426=ORIENTED_EDGE('',*,*,#804,.F.);
#427=ORIENTED_EDGE('',*,*,#639,.T.);
#428=ORIENTED_EDGE('',*,*,#804,.T.);
#429=ORIENTED_EDGE('',*,*,#805,.T.);
#430=ORIENTED_EDGE('',*,*,#798,.F.);
#431=ORIENTED_EDGE('',*,*,#636,.F.);
#432=ORIENTED_EDGE('',*,*,#806,.T.);
#433=ORIENTED_EDGE('',*,*,#807,.T.);
#434=ORIENTED_EDGE('',*,*,#808,.F.);
#435=ORIENTED_EDGE('',*,*,#641,.F.);
#436=ORIENTED_EDGE('',*,*,#808,.T.);
#437=ORIENTED_EDGE('',*,*,#809,.T.);
#438=ORIENTED_EDGE('',*,*,#810,.F.);
#439=ORIENTED_EDGE('',*,*,#642,.T.);
#440=ORIENTED_EDGE('',*,*,#810,.T.);
#441=ORIENTED_EDGE('',*,*,#811,.T.);
#442=ORIENTED_EDGE('',*,*,#812,.F.);
#443=ORIENTED_EDGE('',*,*,#643,.T.);
#444=ORIENTED_EDGE('',*,*,#812,.T.);
#445=ORIENTED_EDGE('',*,*,#813,.T.);
#446=ORIENTED_EDGE('',*,*,#806,.F.);
#447=ORIENTED_EDGE('',*,*,#640,.F.);
#448=ORIENTED_EDGE('',*,*,#814,.T.);
#449=ORIENTED_EDGE('',*,*,#815,.T.);
#450=ORIENTED_EDGE('',*,*,#816,.F.);
#451=ORIENTED_EDGE('',*,*,#645,.F.);
#452=ORIENTED_EDGE('',*,*,#816,.T.);
#453=ORIENTED_EDGE('',*,*,#817,.T.);
#454=ORIENTED_EDGE('',*,*,#818,.F.);
#455=ORIENTED_EDGE('',*,*,#646,.T.);
#456=ORIENTED_EDGE('',*,*,#818,.T.);
#457=ORIENTED_EDGE('',*,*,#819,.T.);
#458=ORIENTED_EDGE('',*,*,#820,.F.);
#459=ORIENTED_EDGE('',*,*,#647,.T.);
#460=ORIENTED_EDGE('',*,*,#820,.T.);
#461=ORIENTED_EDGE('',*,*,#821,.T.);
#462=ORIENTED_EDGE('',*,*,#814,.F.);
#463=ORIENTED_EDGE('',*,*,#644,.F.);
#464=ORIENTED_EDGE('',*,*,#700,.F.);
#465=ORIENTED_EDGE('',*,*,#822,.T.);
#466=ORIENTED_EDGE('',*,*,#702,.F.);
#467=ORIENTED_EDGE('',*,*,#823,.T.);
#468=ORIENTED_EDGE('',*,*,#705,.F.);
#469=ORIENTED_EDGE('',*,*,#824,.T.);
#470=ORIENTED_EDGE('',*,*,#674,.F.);
#471=ORIENTED_EDGE('',*,*,#825,.T.);
#472=ORIENTED_EDGE('',*,*,#666,.F.);
#473=ORIENTED_EDGE('',*,*,#826,.T.);
#474=ORIENTED_EDGE('',*,*,#703,.F.);
#475=ORIENTED_EDGE('',*,*,#827,.T.);
#476=ORIENTED_EDGE('',*,*,#629,.F.);
#477=ORIENTED_EDGE('',*,*,#828,.T.);
#478=ORIENTED_EDGE('',*,*,#704,.F.);
#479=ORIENTED_EDGE('',*,*,#829,.T.);
#480=ORIENTED_EDGE('',*,*,#823,.F.);
#481=ORIENTED_EDGE('',*,*,#825,.F.);
#482=ORIENTED_EDGE('',*,*,#830,.F.);
#483=ORIENTED_EDGE('',*,*,#673,.F.);
#484=ORIENTED_EDGE('',*,*,#831,.T.);
#485=ORIENTED_EDGE('',*,*,#701,.F.);
#486=ORIENTED_EDGE('',*,*,#830,.T.);
#487=ORIENTED_EDGE('',*,*,#698,.F.);
#488=ORIENTED_EDGE('',*,*,#832,.T.);
#489=ORIENTED_EDGE('',*,*,#715,.F.);
#490=ORIENTED_EDGE('',*,*,#833,.T.);
#491=ORIENTED_EDGE('',*,*,#699,.F.);
#492=ORIENTED_EDGE('',*,*,#834,.T.);
#493=ORIENTED_EDGE('',*,*,#663,.F.);
#494=ORIENTED_EDGE('',*,*,#835,.F.);
#495=ORIENTED_EDGE('',*,*,#827,.F.);
#496=ORIENTED_EDGE('',*,*,#822,.F.);
#497=ORIENTED_EDGE('',*,*,#835,.T.);
#498=ORIENTED_EDGE('',*,*,#829,.F.);
#499=ORIENTED_EDGE('',*,*,#826,.F.);
#500=ORIENTED_EDGE('',*,*,#836,.F.);
#501=ORIENTED_EDGE('',*,*,#665,.F.);
#502=ORIENTED_EDGE('',*,*,#837,.T.);
#503=ORIENTED_EDGE('',*,*,#626,.F.);
#504=ORIENTED_EDGE('',*,*,#836,.T.);
#505=ORIENTED_EDGE('',*,*,#722,.F.);
#506=ORIENTED_EDGE('',*,*,#838,.T.);
#507=ORIENTED_EDGE('',*,*,#664,.F.);
#508=ORIENTED_EDGE('',*,*,#839,.F.);
#509=ORIENTED_EDGE('',*,*,#834,.F.);
#510=ORIENTED_EDGE('',*,*,#833,.F.);
#511=ORIENTED_EDGE('',*,*,#839,.T.);
#512=ORIENTED_EDGE('',*,*,#840,.F.);
#513=ORIENTED_EDGE('',*,*,#793,.F.);
#514=ORIENTED_EDGE('',*,*,#841,.F.);
#515=ORIENTED_EDGE('',*,*,#661,.F.);
#516=ORIENTED_EDGE('',*,*,#841,.T.);
#517=ORIENTED_EDGE('',*,*,#791,.F.);
#518=ORIENTED_EDGE('',*,*,#842,.F.);
#519=ORIENTED_EDGE('',*,*,#662,.F.);
#520=ORIENTED_EDGE('',*,*,#840,.T.);
#521=ORIENTED_EDGE('',*,*,#660,.F.);
#522=ORIENTED_EDGE('',*,*,#843,.F.);
#523=ORIENTED_EDGE('',*,*,#795,.F.);
#524=ORIENTED_EDGE('',*,*,#842,.T.);
#525=ORIENTED_EDGE('',*,*,#797,.F.);
#526=ORIENTED_EDGE('',*,*,#843,.T.);
#527=ORIENTED_EDGE('',*,*,#659,.F.);
#528=ORIENTED_EDGE('',*,*,#824,.F.);
#529=ORIENTED_EDGE('',*,*,#828,.F.);
#530=ORIENTED_EDGE('',*,*,#844,.F.);
#531=ORIENTED_EDGE('',*,*,#628,.F.);
#532=ORIENTED_EDGE('',*,*,#845,.T.);
#533=ORIENTED_EDGE('',*,*,#671,.F.);
#534=ORIENTED_EDGE('',*,*,#844,.T.);
#535=ORIENTED_EDGE('',*,*,#721,.F.);
#536=ORIENTED_EDGE('',*,*,#846,.T.);
#537=ORIENTED_EDGE('',*,*,#627,.F.);
#538=ORIENTED_EDGE('',*,*,#847,.F.);
#539=ORIENTED_EDGE('',*,*,#847,.T.);
#540=ORIENTED_EDGE('',*,*,#837,.F.);
#541=ORIENTED_EDGE('',*,*,#838,.F.);
#542=ORIENTED_EDGE('',*,*,#848,.F.);
#543=ORIENTED_EDGE('',*,*,#809,.F.);
#544=ORIENTED_EDGE('',*,*,#849,.F.);
#545=ORIENTED_EDGE('',*,*,#621,.F.);
#546=ORIENTED_EDGE('',*,*,#849,.T.);
#547=ORIENTED_EDGE('',*,*,#807,.F.);
#548=ORIENTED_EDGE('',*,*,#850,.F.);
#549=ORIENTED_EDGE('',*,*,#851,.T.);
#550=ORIENTED_EDGE('',*,*,#799,.F.);
#551=ORIENTED_EDGE('',*,*,#852,.F.);
#552=ORIENTED_EDGE('',*,*,#618,.F.);
#553=ORIENTED_EDGE('',*,*,#853,.F.);
#554=ORIENTED_EDGE('',*,*,#811,.F.);
#555=ORIENTED_EDGE('',*,*,#848,.T.);
#556=ORIENTED_EDGE('',*,*,#620,.F.);
#557=ORIENTED_EDGE('',*,*,#854,.F.);
#558=ORIENTED_EDGE('',*,*,#803,.F.);
#559=ORIENTED_EDGE('',*,*,#855,.T.);
#560=ORIENTED_EDGE('',*,*,#813,.F.);
#561=ORIENTED_EDGE('',*,*,#853,.T.);
#562=ORIENTED_EDGE('',*,*,#856,.F.);
#563=ORIENTED_EDGE('',*,*,#850,.T.);
#564=ORIENTED_EDGE('',*,*,#855,.F.);
#565=ORIENTED_EDGE('',*,*,#801,.F.);
#566=ORIENTED_EDGE('',*,*,#851,.F.);
#567=ORIENTED_EDGE('',*,*,#856,.T.);
#568=ORIENTED_EDGE('',*,*,#852,.T.);
#569=ORIENTED_EDGE('',*,*,#805,.F.);
#570=ORIENTED_EDGE('',*,*,#854,.T.);
#571=ORIENTED_EDGE('',*,*,#619,.F.);
#572=ORIENTED_EDGE('',*,*,#857,.F.);
#573=ORIENTED_EDGE('',*,*,#817,.F.);
#574=ORIENTED_EDGE('',*,*,#858,.F.);
#575=ORIENTED_EDGE('',*,*,#624,.F.);
#576=ORIENTED_EDGE('',*,*,#858,.T.);
#577=ORIENTED_EDGE('',*,*,#815,.F.);
#578=ORIENTED_EDGE('',*,*,#859,.F.);
#579=ORIENTED_EDGE('',*,*,#625,.F.);
#580=ORIENTED_EDGE('',*,*,#857,.T.);
#581=ORIENTED_EDGE('',*,*,#623,.F.);
#582=ORIENTED_EDGE('',*,*,#860,.F.);
#583=ORIENTED_EDGE('',*,*,#819,.F.);
#584=ORIENTED_EDGE('',*,*,#859,.T.);
#585=ORIENTED_EDGE('',*,*,#821,.F.);
#586=ORIENTED_EDGE('',*,*,#860,.T.);
#587=ORIENTED_EDGE('',*,*,#622,.F.);
#588=ORIENTED_EDGE('',*,*,#845,.F.);
#589=ORIENTED_EDGE('',*,*,#846,.F.);
#590=ORIENTED_EDGE('',*,*,#861,.F.);
#591=ORIENTED_EDGE('',*,*,#777,.F.);
#592=ORIENTED_EDGE('',*,*,#716,.F.);
#593=ORIENTED_EDGE('',*,*,#862,.F.);
#594=ORIENTED_EDGE('',*,*,#672,.F.);
#595=ORIENTED_EDGE('',*,*,#861,.T.);
#596=ORIENTED_EDGE('',*,*,#720,.F.);
#597=ORIENTED_EDGE('',*,*,#773,.F.);
#598=ORIENTED_EDGE('',*,*,#718,.F.);
#599=ORIENTED_EDGE('',*,*,#832,.F.);
#600=ORIENTED_EDGE('',*,*,#831,.F.);
#601=ORIENTED_EDGE('',*,*,#862,.T.);
#602=ORIENTED_EDGE('',*,*,#863,.F.);
#603=ORIENTED_EDGE('',*,*,#670,.F.);
#604=ORIENTED_EDGE('',*,*,#864,.F.);
#605=ORIENTED_EDGE('',*,*,#779,.F.);
#606=ORIENTED_EDGE('',*,*,#864,.T.);
#607=ORIENTED_EDGE('',*,*,#669,.F.);
#608=ORIENTED_EDGE('',*,*,#865,.F.);
#609=ORIENTED_EDGE('',*,*,#782,.F.);
#610=ORIENTED_EDGE('',*,*,#863,.T.);
#611=ORIENTED_EDGE('',*,*,#788,.F.);
#612=ORIENTED_EDGE('',*,*,#866,.F.);
#613=ORIENTED_EDGE('',*,*,#667,.F.);
#614=ORIENTED_EDGE('',*,*,#865,.T.);
#615=ORIENTED_EDGE('',*,*,#668,.F.);
#616=ORIENTED_EDGE('',*,*,#866,.T.);
#617=ORIENTED_EDGE('',*,*,#785,.F.);
#618=EDGE_CURVE('',#867,#868,#1023,.T.);
#619=EDGE_CURVE('',#868,#869,#1024,.T.);
#620=EDGE_CURVE('',#869,#870,#1025,.F.);
#621=EDGE_CURVE('',#870,#867,#1026,.F.);
#622=EDGE_CURVE('',#871,#872,#1027,.T.);
#623=EDGE_CURVE('',#872,#873,#1028,.F.);
#624=EDGE_CURVE('',#873,#874,#1029,.F.);
#625=EDGE_CURVE('',#874,#871,#1030,.T.);
#626=EDGE_CURVE('',#875,#876,#1031,.F.);
#627=EDGE_CURVE('',#876,#877,#1032,.F.);
#628=EDGE_CURVE('',#877,#878,#1033,.T.);
#629=EDGE_CURVE('',#878,#875,#1034,.T.);
#630=EDGE_CURVE('',#879,#880,#1035,.T.);
#631=EDGE_CURVE('',#881,#879,#1036,.T.);
#632=EDGE_CURVE('',#881,#882,#1037,.T.);
#633=EDGE_CURVE('',#882,#883,#1038,.T.);
#634=EDGE_CURVE('',#884,#883,#1039,.T.);
#635=EDGE_CURVE('',#880,#884,#1040,.T.);
#636=EDGE_CURVE('',#885,#886,#1041,.T.);
#637=EDGE_CURVE('',#886,#887,#1042,.T.);
#638=EDGE_CURVE('',#888,#887,#1043,.T.);
#639=EDGE_CURVE('',#885,#888,#1044,.T.);
#640=EDGE_CURVE('',#889,#890,#1045,.T.);
#641=EDGE_CURVE('',#890,#891,#1046,.T.);
#642=EDGE_CURVE('',#892,#891,#1047,.T.);
#643=EDGE_CURVE('',#889,#892,#1048,.T.);
#644=EDGE_CURVE('',#893,#894,#1049,.T.);
#645=EDGE_CURVE('',#894,#895,#1050,.T.);
#646=EDGE_CURVE('',#896,#895,#1051,.T.);
#647=EDGE_CURVE('',#893,#896,#1052,.T.);
#648=EDGE_CURVE('',#897,#898,#1053,.T.);
#649=EDGE_CURVE('',#897,#883,#1054,.T.);
#650=EDGE_CURVE('',#899,#882,#1055,.T.);
#651=EDGE_CURVE('',#899,#900,#1056,.T.);
#652=EDGE_CURVE('',#900,#901,#1057,.T.);
#653=EDGE_CURVE('',#901,#902,#1058,.T.);
#654=EDGE_CURVE('',#898,#902,#1059,.T.);
#655=EDGE_CURVE('',#903,#904,#1060,.T.);
#656=EDGE_CURVE('',#903,#905,#1061,.T.);
#657=EDGE_CURVE('',#905,#906,#1062,.T.);
#658=EDGE_CURVE('',#904,#906,#1063,.T.);
#659=EDGE_CURVE('',#907,#908,#1064,.T.);
#660=EDGE_CURVE('',#908,#909,#1065,.F.);
#661=EDGE_CURVE('',#909,#910,#1066,.F.);
#662=EDGE_CURVE('',#910,#907,#1067,.T.);
#663=EDGE_CURVE('',#911,#912,#1068,.F.);
#664=EDGE_CURVE('',#912,#913,#1069,.T.);
#665=EDGE_CURVE('',#913,#914,#1070,.T.);
#666=EDGE_CURVE('',#914,#911,#1071,.F.);
#667=EDGE_CURVE('',#915,#916,#1072,.T.);
#668=EDGE_CURVE('',#916,#917,#1073,.F.);
#669=EDGE_CURVE('',#917,#918,#1074,.F.);
#670=EDGE_CURVE('',#918,#915,#1075,.T.);
#671=EDGE_CURVE('',#919,#920,#1076,.F.);
#672=EDGE_CURVE('',#920,#921,#1077,.F.);
#673=EDGE_CURVE('',#921,#922,#1078,.T.);
#674=EDGE_CURVE('',#922,#919,#1079,.T.);
#675=EDGE_CURVE('',#923,#897,#1080,.T.);
#676=EDGE_CURVE('',#923,#924,#1081,.T.);
#677=EDGE_CURVE('',#924,#901,#1082,.T.);
#678=EDGE_CURVE('',#925,#900,#1083,.T.);
#679=EDGE_CURVE('',#926,#925,#1084,.T.);
#680=EDGE_CURVE('',#927,#926,#1085,.T.);
#681=EDGE_CURVE('',#927,#928,#1086,.T.);
#682=EDGE_CURVE('',#929,#928,#1087,.T.);
#683=EDGE_CURVE('',#929,#930,#1088,.T.);
#684=EDGE_CURVE('',#930,#931,#1089,.T.);
#685=EDGE_CURVE('',#884,#931,#1090,.T.);
#686=EDGE_CURVE('',#932,#933,#1091,.T.);
#687=EDGE_CURVE('',#932,#934,#1092,.T.);
#688=EDGE_CURVE('',#934,#935,#1093,.T.);
#689=EDGE_CURVE('',#933,#935,#1094,.T.);
#690=EDGE_CURVE('',#936,#937,#1095,.T.);
#691=EDGE_CURVE('',#936,#938,#1096,.T.);
#692=EDGE_CURVE('',#938,#939,#1097,.T.);
#693=EDGE_CURVE('',#937,#939,#1098,.T.);
#694=EDGE_CURVE('',#940,#941,#1099,.T.);
#695=EDGE_CURVE('',#940,#942,#1100,.T.);
#696=EDGE_CURVE('',#942,#943,#1101,.T.);
#697=EDGE_CURVE('',#941,#943,#1102,.T.);
#698=EDGE_CURVE('',#944,#945,#1103,.T.);
#699=EDGE_CURVE('',#945,#946,#1104,.T.);
#700=EDGE_CURVE('',#946,#947,#1105,.F.);
#701=EDGE_CURVE('',#947,#944,#1106,.F.);
#702=EDGE_CURVE('',#948,#949,#1107,.T.);
#703=EDGE_CURVE('',#949,#950,#1108,.T.);
#704=EDGE_CURVE('',#950,#951,#1109,.F.);
#705=EDGE_CURVE('',#951,#948,#1110,.F.);
#706=EDGE_CURVE('',#952,#953,#1111,.T.);
#707=EDGE_CURVE('',#953,#954,#1112,.T.);
#708=EDGE_CURVE('',#954,#925,#1113,.T.);
#709=EDGE_CURVE('',#952,#899,#1114,.T.);
#710=EDGE_CURVE('',#953,#955,#1115,.T.);
#711=EDGE_CURVE('',#952,#881,#1116,.T.);
#712=EDGE_CURVE('',#956,#879,#1117,.T.);
#713=EDGE_CURVE('',#956,#930,#1118,.T.);
#714=EDGE_CURVE('',#955,#929,#1119,.T.);
#715=EDGE_CURVE('',#957,#958,#1120,.F.);
#716=EDGE_CURVE('',#958,#959,#1121,.T.);
#717=EDGE_CURVE('',#960,#959,#88,.T.);
#718=EDGE_CURVE('',#960,#961,#1122,.T.);
#719=EDGE_CURVE('',#962,#961,#89,.T.);
#720=EDGE_CURVE('',#962,#963,#1123,.T.);
#721=EDGE_CURVE('',#963,#964,#1124,.T.);
#722=EDGE_CURVE('',#964,#957,#1125,.F.);
#723=EDGE_CURVE('',#965,#965,#90,.T.);
#724=EDGE_CURVE('',#966,#966,#91,.T.);
#725=EDGE_CURVE('',#967,#926,#1126,.T.);
#726=EDGE_CURVE('',#968,#967,#1127,.T.);
#727=EDGE_CURVE('',#968,#927,#1128,.T.);
#728=EDGE_CURVE('',#968,#969,#1129,.T.);
#729=EDGE_CURVE('',#969,#928,#1130,.T.);
#730=EDGE_CURVE('',#955,#969,#1131,.T.);
#731=EDGE_CURVE('',#967,#954,#1132,.T.);
#732=EDGE_CURVE('',#970,#931,#1133,.T.);
#733=EDGE_CURVE('',#880,#970,#1134,.T.);
#734=EDGE_CURVE('',#956,#970,#1135,.T.);
#735=EDGE_CURVE('',#971,#923,#1136,.T.);
#736=EDGE_CURVE('',#971,#972,#1137,.T.);
#737=EDGE_CURVE('',#972,#924,#1138,.T.);
#738=EDGE_CURVE('',#973,#973,#92,.T.);
#739=EDGE_CURVE('',#974,#974,#93,.T.);
#740=EDGE_CURVE('',#971,#898,#1139,.T.);
#741=EDGE_CURVE('',#972,#902,#1140,.T.);
#742=EDGE_CURVE('',#975,#932,#1141,.T.);
#743=EDGE_CURVE('',#976,#933,#1142,.T.);
#744=EDGE_CURVE('',#975,#976,#1143,.T.);
#745=EDGE_CURVE('',#975,#977,#1144,.T.);
#746=EDGE_CURVE('',#977,#934,#1145,.T.);
#747=EDGE_CURVE('',#977,#978,#1146,.T.);
#748=EDGE_CURVE('',#978,#935,#1147,.T.);
#749=EDGE_CURVE('',#976,#978,#1148,.T.);
#750=EDGE_CURVE('',#979,#979,#94,.T.);
#751=EDGE_CURVE('',#980,#980,#95,.T.);
#752=EDGE_CURVE('',#981,#936,#1149,.T.);
#753=EDGE_CURVE('',#982,#937,#1150,.T.);
#754=EDGE_CURVE('',#981,#982,#1151,.T.);
#755=EDGE_CURVE('',#981,#983,#1152,.T.);
#756=EDGE_CURVE('',#983,#938,#1153,.T.);
#757=EDGE_CURVE('',#983,#984,#1154,.T.);
#758=EDGE_CURVE('',#984,#939,#1155,.T.);
#759=EDGE_CURVE('',#982,#984,#1156,.T.);
#760=EDGE_CURVE('',#985,#985,#96,.T.);
#761=EDGE_CURVE('',#986,#986,#97,.T.);
#762=EDGE_CURVE('',#987,#940,#1157,.T.);
#763=EDGE_CURVE('',#988,#941,#1158,.T.);
#764=EDGE_CURVE('',#987,#988,#1159,.T.);
#765=EDGE_CURVE('',#987,#989,#1160,.T.);
#766=EDGE_CURVE('',#989,#942,#1161,.T.);
#767=EDGE_CURVE('',#989,#990,#1162,.T.);
#768=EDGE_CURVE('',#990,#943,#1163,.T.);
#769=EDGE_CURVE('',#988,#990,#1164,.T.);
#770=EDGE_CURVE('',#991,#991,#98,.T.);
#771=EDGE_CURVE('',#992,#992,#99,.T.);
#772=EDGE_CURVE('',#993,#993,#100,.T.);
#773=EDGE_CURVE('',#961,#962,#48,.T.);
#774=EDGE_CURVE('',#994,#994,#101,.T.);
#775=EDGE_CURVE('',#995,#995,#102,.T.);
#776=EDGE_CURVE('',#996,#996,#103,.T.);
#777=EDGE_CURVE('',#959,#960,#49,.T.);
#778=EDGE_CURVE('',#997,#998,#1165,.T.);
#779=EDGE_CURVE('',#998,#999,#1166,.F.);
#780=EDGE_CURVE('',#1000,#999,#1167,.T.);
#781=EDGE_CURVE('',#1000,#997,#1168,.T.);
#782=EDGE_CURVE('',#999,#1001,#1169,.T.);
#783=EDGE_CURVE('',#1002,#1001,#1170,.T.);
#784=EDGE_CURVE('',#1000,#1002,#1171,.T.);
#785=EDGE_CURVE('',#1001,#1003,#1172,.T.);
#786=EDGE_CURVE('',#1004,#1003,#1173,.T.);
#787=EDGE_CURVE('',#1002,#1004,#1174,.T.);
#788=EDGE_CURVE('',#1003,#998,#1175,.F.);
#789=EDGE_CURVE('',#997,#1004,#1176,.T.);
#790=EDGE_CURVE('',#904,#1005,#1177,.T.);
#791=EDGE_CURVE('',#1005,#1006,#1178,.F.);
#792=EDGE_CURVE('',#903,#1006,#1179,.T.);
#793=EDGE_CURVE('',#1006,#1007,#1180,.T.);
#794=EDGE_CURVE('',#905,#1007,#1181,.T.);
#795=EDGE_CURVE('',#1007,#1008,#1182,.T.);
#796=EDGE_CURVE('',#906,#1008,#1183,.T.);
#797=EDGE_CURVE('',#1008,#1005,#1184,.F.);
#798=EDGE_CURVE('',#886,#1009,#1185,.T.);
#799=EDGE_CURVE('',#1009,#1010,#1186,.F.);
#800=EDGE_CURVE('',#887,#1010,#1187,.T.);
#801=EDGE_CURVE('',#1010,#1011,#1188,.T.);
#802=EDGE_CURVE('',#888,#1011,#1189,.T.);
#803=EDGE_CURVE('',#1011,#1012,#1190,.T.);
#804=EDGE_CURVE('',#885,#1012,#1191,.T.);
#805=EDGE_CURVE('',#1012,#1009,#1192,.F.);
#806=EDGE_CURVE('',#890,#1013,#1193,.T.);
#807=EDGE_CURVE('',#1013,#1014,#1194,.F.);
#808=EDGE_CURVE('',#891,#1014,#1195,.T.);
#809=EDGE_CURVE('',#1014,#1015,#1196,.T.);
#810=EDGE_CURVE('',#892,#1015,#1197,.T.);
#811=EDGE_CURVE('',#1015,#1016,#1198,.T.);
#812=EDGE_CURVE('',#889,#1016,#1199,.T.);
#813=EDGE_CURVE('',#1016,#1013,#1200,.F.);
#814=EDGE_CURVE('',#894,#1017,#1201,.T.);
#815=EDGE_CURVE('',#1017,#1018,#1202,.F.);
#816=EDGE_CURVE('',#895,#1018,#1203,.T.);
#817=EDGE_CURVE('',#1018,#1019,#1204,.T.);
#818=EDGE_CURVE('',#896,#1019,#1205,.T.);
#819=EDGE_CURVE('',#1019,#1020,#1206,.T.);
#820=EDGE_CURVE('',#893,#1020,#1207,.T.);
#821=EDGE_CURVE('',#1020,#1017,#1208,.F.);
#822=EDGE_CURVE('',#946,#949,#20,.T.);
#823=EDGE_CURVE('',#948,#947,#21,.F.);
#824=EDGE_CURVE('',#951,#919,#22,.F.);
#825=EDGE_CURVE('',#922,#948,#23,.T.);
#826=EDGE_CURVE('',#914,#950,#24,.T.);
#827=EDGE_CURVE('',#949,#911,#25,.F.);
#828=EDGE_CURVE('',#878,#951,#26,.T.);
#829=EDGE_CURVE('',#950,#875,#27,.F.);
#830=EDGE_CURVE('',#947,#922,#104,.T.);
#831=EDGE_CURVE('',#921,#944,#105,.F.);
#832=EDGE_CURVE('',#944,#958,#106,.F.);
#833=EDGE_CURVE('',#957,#945,#107,.T.);
#834=EDGE_CURVE('',#945,#912,#108,.T.);
#835=EDGE_CURVE('',#946,#911,#109,.T.);
#836=EDGE_CURVE('',#875,#914,#110,.T.);
#837=EDGE_CURVE('',#913,#876,#111,.F.);
#838=EDGE_CURVE('',#964,#913,#112,.T.);
#839=EDGE_CURVE('',#957,#912,#113,.T.);
#840=EDGE_CURVE('',#1007,#909,#28,.F.);
#841=EDGE_CURVE('',#910,#1006,#29,.T.);
#842=EDGE_CURVE('',#907,#1005,#30,.T.);
#843=EDGE_CURVE('',#1008,#908,#31,.F.);
#844=EDGE_CURVE('',#919,#878,#114,.T.);
#845=EDGE_CURVE('',#877,#920,#115,.T.);
#846=EDGE_CURVE('',#963,#877,#116,.T.);
#847=EDGE_CURVE('',#964,#876,#117,.T.);
#848=EDGE_CURVE('',#1015,#870,#32,.T.);
#849=EDGE_CURVE('',#867,#1014,#33,.F.);
#850=EDGE_CURVE('',#1021,#1013,#34,.F.);
#851=EDGE_CURVE('',#1021,#1010,#35,.F.);
#852=EDGE_CURVE('',#868,#1009,#36,.F.);
#853=EDGE_CURVE('',#1016,#1022,#37,.T.);
#854=EDGE_CURVE('',#1012,#869,#38,.T.);
#855=EDGE_CURVE('',#1011,#1022,#39,.T.);
#856=EDGE_CURVE('',#1021,#1022,#1209,.F.);
#857=EDGE_CURVE('',#1019,#873,#40,.T.);
#858=EDGE_CURVE('',#874,#1018,#41,.F.);
#859=EDGE_CURVE('',#871,#1017,#42,.F.);
#860=EDGE_CURVE('',#1020,#872,#43,.T.);
#861=EDGE_CURVE('',#920,#963,#118,.T.);
#862=EDGE_CURVE('',#921,#958,#119,.T.);
#863=EDGE_CURVE('',#915,#998,#44,.F.);
#864=EDGE_CURVE('',#999,#918,#45,.T.);
#865=EDGE_CURVE('',#1001,#917,#46,.T.);
#866=EDGE_CURVE('',#916,#1003,#47,.F.);
#867=VERTEX_POINT('',#2567);
#868=VERTEX_POINT('',#2568);
#869=VERTEX_POINT('',#2570);
#870=VERTEX_POINT('',#2572);
#871=VERTEX_POINT('',#2575);
#872=VERTEX_POINT('',#2576);
#873=VERTEX_POINT('',#2578);
#874=VERTEX_POINT('',#2580);
#875=VERTEX_POINT('',#2583);
#876=VERTEX_POINT('',#2584);
#877=VERTEX_POINT('',#2586);
#878=VERTEX_POINT('',#2588);
#879=VERTEX_POINT('',#2592);
#880=VERTEX_POINT('',#2593);
#881=VERTEX_POINT('',#2595);
#882=VERTEX_POINT('',#2597);
#883=VERTEX_POINT('',#2599);
#884=VERTEX_POINT('',#2601);
#885=VERTEX_POINT('',#2604);
#886=VERTEX_POINT('',#2605);
#887=VERTEX_POINT('',#2607);
#888=VERTEX_POINT('',#2609);
#889=VERTEX_POINT('',#2612);
#890=VERTEX_POINT('',#2613);
#891=VERTEX_POINT('',#2615);
#892=VERTEX_POINT('',#2617);
#893=VERTEX_POINT('',#2620);
#894=VERTEX_POINT('',#2621);
#895=VERTEX_POINT('',#2623);
#896=VERTEX_POINT('',#2625);
#897=VERTEX_POINT('',#2629);
#898=VERTEX_POINT('',#2630);
#899=VERTEX_POINT('',#2633);
#900=VERTEX_POINT('',#2635);
#901=VERTEX_POINT('',#2637);
#902=VERTEX_POINT('',#2639);
#903=VERTEX_POINT('',#2642);
#904=VERTEX_POINT('',#2643);
#905=VERTEX_POINT('',#2645);
#906=VERTEX_POINT('',#2647);
#907=VERTEX_POINT('',#2651);
#908=VERTEX_POINT('',#2652);
#909=VERTEX_POINT('',#2654);
#910=VERTEX_POINT('',#2656);
#911=VERTEX_POINT('',#2659);
#912=VERTEX_POINT('',#2660);
#913=VERTEX_POINT('',#2662);
#914=VERTEX_POINT('',#2664);
#915=VERTEX_POINT('',#2668);
#916=VERTEX_POINT('',#2669);
#917=VERTEX_POINT('',#2671);
#918=VERTEX_POINT('',#2673);
#919=VERTEX_POINT('',#2676);
#920=VERTEX_POINT('',#2677);
#921=VERTEX_POINT('',#2679);
#922=VERTEX_POINT('',#2681);
#923=VERTEX_POINT('',#2685);
#924=VERTEX_POINT('',#2687);
#925=VERTEX_POINT('',#2690);
#926=VERTEX_POINT('',#2692);
#927=VERTEX_POINT('',#2694);
#928=VERTEX_POINT('',#2696);
#929=VERTEX_POINT('',#2698);
#930=VERTEX_POINT('',#2700);
#931=VERTEX_POINT('',#2702);
#932=VERTEX_POINT('',#2705);
#933=VERTEX_POINT('',#2706);
#934=VERTEX_POINT('',#2708);
#935=VERTEX_POINT('',#2710);
#936=VERTEX_POINT('',#2713);
#937=VERTEX_POINT('',#2714);
#938=VERTEX_POINT('',#2716);
#939=VERTEX_POINT('',#2718);
#940=VERTEX_POINT('',#2721);
#941=VERTEX_POINT('',#2722);
#942=VERTEX_POINT('',#2724);
#943=VERTEX_POINT('',#2726);
#944=VERTEX_POINT('',#2730);
#945=VERTEX_POINT('',#2731);
#946=VERTEX_POINT('',#2733);
#947=VERTEX_POINT('',#2735);
#948=VERTEX_POINT('',#2739);
#949=VERTEX_POINT('',#2740);
#950=VERTEX_POINT('',#2742);
#951=VERTEX_POINT('',#2744);
#952=VERTEX_POINT('',#2748);
#953=VERTEX_POINT('',#2749);
#954=VERTEX_POINT('',#2751);
#955=VERTEX_POINT('',#2756);
#956=VERTEX_POINT('',#2759);
#957=VERTEX_POINT('',#2764);
#958=VERTEX_POINT('',#2765);
#959=VERTEX_POINT('',#2767);
#960=VERTEX_POINT('',#2769);
#961=VERTEX_POINT('',#2771);
#962=VERTEX_POINT('',#2773);
#963=VERTEX_POINT('',#2775);
#964=VERTEX_POINT('',#2777);
#965=VERTEX_POINT('',#2780);
#966=VERTEX_POINT('',#2782);
#967=VERTEX_POINT('',#2785);
#968=VERTEX_POINT('',#2787);
#969=VERTEX_POINT('',#2791);
#970=VERTEX_POINT('',#2800);
#971=VERTEX_POINT('',#2807);
#972=VERTEX_POINT('',#2809);
#973=VERTEX_POINT('',#2813);
#974=VERTEX_POINT('',#2815);
#975=VERTEX_POINT('',#2823);
#976=VERTEX_POINT('',#2825);
#977=VERTEX_POINT('',#2829);
#978=VERTEX_POINT('',#2833);
#979=VERTEX_POINT('',#2839);
#980=VERTEX_POINT('',#2841);
#981=VERTEX_POINT('',#2846);
#982=VERTEX_POINT('',#2848);
#983=VERTEX_POINT('',#2852);
#984=VERTEX_POINT('',#2856);
#985=VERTEX_POINT('',#2862);
#986=VERTEX_POINT('',#2864);
#987=VERTEX_POINT('',#2870);
#988=VERTEX_POINT('',#2872);
#989=VERTEX_POINT('',#2876);
#990=VERTEX_POINT('',#2880);
#991=VERTEX_POINT('',#2886);
#992=VERTEX_POINT('',#2888);
#993=VERTEX_POINT('',#2893);
#994=VERTEX_POINT('',#2902);
#995=VERTEX_POINT('',#2906);
#996=VERTEX_POINT('',#2910);
#997=VERTEX_POINT('',#2919);
#998=VERTEX_POINT('',#2920);
#999=VERTEX_POINT('',#2922);
#1000=VERTEX_POINT('',#2924);
#1001=VERTEX_POINT('',#2928);
#1002=VERTEX_POINT('',#2930);
#1003=VERTEX_POINT('',#2934);
#1004=VERTEX_POINT('',#2936);
#1005=VERTEX_POINT('',#2944);
#1006=VERTEX_POINT('',#2946);
#1007=VERTEX_POINT('',#2950);
#1008=VERTEX_POINT('',#2954);
#1009=VERTEX_POINT('',#2960);
#1010=VERTEX_POINT('',#2962);
#1011=VERTEX_POINT('',#2966);
#1012=VERTEX_POINT('',#2970);
#1013=VERTEX_POINT('',#2976);
#1014=VERTEX_POINT('',#2978);
#1015=VERTEX_POINT('',#2982);
#1016=VERTEX_POINT('',#2986);
#1017=VERTEX_POINT('',#2992);
#1018=VERTEX_POINT('',#2994);
#1019=VERTEX_POINT('',#2998);
#1020=VERTEX_POINT('',#3002);
#1021=VERTEX_POINT('',#3138);
#1022=VERTEX_POINT('',#3143);
#1023=LINE('',#2566,#1210);
#1024=LINE('',#2569,#1211);
#1025=LINE('',#2571,#1212);
#1026=LINE('',#2573,#1213);
#1027=LINE('',#2574,#1214);
#1028=LINE('',#2577,#1215);
#1029=LINE('',#2579,#1216);
#1030=LINE('',#2581,#1217);
#1031=LINE('',#2582,#1218);
#1032=LINE('',#2585,#1219);
#1033=LINE('',#2587,#1220);
#1034=LINE('',#2589,#1221);
#1035=LINE('',#2591,#1222);
#1036=LINE('',#2594,#1223);
#1037=LINE('',#2596,#1224);
#1038=LINE('',#2598,#1225);
#1039=LINE('',#2600,#1226);
#1040=LINE('',#2602,#1227);
#1041=LINE('',#2603,#1228);
#1042=LINE('',#2606,#1229);
#1043=LINE('',#2608,#1230);
#1044=LINE('',#2610,#1231);
#1045=LINE('',#2611,#1232);
#1046=LINE('',#2614,#1233);
#1047=LINE('',#2616,#1234);
#1048=LINE('',#2618,#1235);
#1049=LINE('',#2619,#1236);
#1050=LINE('',#2622,#1237);
#1051=LINE('',#2624,#1238);
#1052=LINE('',#2626,#1239);
#1053=LINE('',#2628,#1240);
#1054=LINE('',#2631,#1241);
#1055=LINE('',#2632,#1242);
#1056=LINE('',#2634,#1243);
#1057=LINE('',#2636,#1244);
#1058=LINE('',#2638,#1245);
#1059=LINE('',#2640,#1246);
#1060=LINE('',#2641,#1247);
#1061=LINE('',#2644,#1248);
#1062=LINE('',#2646,#1249);
#1063=LINE('',#2648,#1250);
#1064=LINE('',#2650,#1251);
#1065=LINE('',#2653,#1252);
#1066=LINE('',#2655,#1253);
#1067=LINE('',#2657,#1254);
#1068=LINE('',#2658,#1255);
#1069=LINE('',#2661,#1256);
#1070=LINE('',#2663,#1257);
#1071=LINE('',#2665,#1258);
#1072=LINE('',#2667,#1259);
#1073=LINE('',#2670,#1260);
#1074=LINE('',#2672,#1261);
#1075=LINE('',#2674,#1262);
#1076=LINE('',#2675,#1263);
#1077=LINE('',#2678,#1264);
#1078=LINE('',#2680,#1265);
#1079=LINE('',#2682,#1266);
#1080=LINE('',#2684,#1267);
#1081=LINE('',#2686,#1268);
#1082=LINE('',#2688,#1269);
#1083=LINE('',#2689,#1270);
#1084=LINE('',#2691,#1271);
#1085=LINE('',#2693,#1272);
#1086=LINE('',#2695,#1273);
#1087=LINE('',#2697,#1274);
#1088=LINE('',#2699,#1275);
#1089=LINE('',#2701,#1276);
#1090=LINE('',#2703,#1277);
#1091=LINE('',#2704,#1278);
#1092=LINE('',#2707,#1279);
#1093=LINE('',#2709,#1280);
#1094=LINE('',#2711,#1281);
#1095=LINE('',#2712,#1282);
#1096=LINE('',#2715,#1283);
#1097=LINE('',#2717,#1284);
#1098=LINE('',#2719,#1285);
#1099=LINE('',#2720,#1286);
#1100=LINE('',#2723,#1287);
#1101=LINE('',#2725,#1288);
#1102=LINE('',#2727,#1289);
#1103=LINE('',#2729,#1290);
#1104=LINE('',#2732,#1291);
#1105=LINE('',#2734,#1292);
#1106=LINE('',#2736,#1293);
#1107=LINE('',#2738,#1294);
#1108=LINE('',#2741,#1295);
#1109=LINE('',#2743,#1296);
#1110=LINE('',#2745,#1297);
#1111=LINE('',#2747,#1298);
#1112=LINE('',#2750,#1299);
#1113=LINE('',#2752,#1300);
#1114=LINE('',#2753,#1301);
#1115=LINE('',#2755,#1302);
#1116=LINE('',#2757,#1303);
#1117=LINE('',#2758,#1304);
#1118=LINE('',#2760,#1305);
#1119=LINE('',#2761,#1306);
#1120=LINE('',#2763,#1307);
#1121=LINE('',#2766,#1308);
#1122=LINE('',#2770,#1309);
#1123=LINE('',#2774,#1310);
#1124=LINE('',#2776,#1311);
#1125=LINE('',#2778,#1312);
#1126=LINE('',#2784,#1313);
#1127=LINE('',#2786,#1314);
#1128=LINE('',#2788,#1315);
#1129=LINE('',#2790,#1316);
#1130=LINE('',#2792,#1317);
#1131=LINE('',#2794,#1318);
#1132=LINE('',#2795,#1319);
#1133=LINE('',#2799,#1320);
#1134=LINE('',#2801,#1321);
#1135=LINE('',#2803,#1322);
#1136=LINE('',#2806,#1323);
#1137=LINE('',#2808,#1324);
#1138=LINE('',#2810,#1325);
#1139=LINE('',#2817,#1326);
#1140=LINE('',#2819,#1327);
#1141=LINE('',#2822,#1328);
#1142=LINE('',#2824,#1329);
#1143=LINE('',#2826,#1330);
#1144=LINE('',#2828,#1331);
#1145=LINE('',#2830,#1332);
#1146=LINE('',#2832,#1333);
#1147=LINE('',#2834,#1334);
#1148=LINE('',#2836,#1335);
#1149=LINE('',#2845,#1336);
#1150=LINE('',#2847,#1337);
#1151=LINE('',#2849,#1338);
#1152=LINE('',#2851,#1339);
#1153=LINE('',#2853,#1340);
#1154=LINE('',#2855,#1341);
#1155=LINE('',#2857,#1342);
#1156=LINE('',#2859,#1343);
#1157=LINE('',#2869,#1344);
#1158=LINE('',#2871,#1345);
#1159=LINE('',#2873,#1346);
#1160=LINE('',#2875,#1347);
#1161=LINE('',#2877,#1348);
#1162=LINE('',#2879,#1349);
#1163=LINE('',#2881,#1350);
#1164=LINE('',#2883,#1351);
#1165=LINE('',#2918,#1352);
#1166=LINE('',#2921,#1353);
#1167=LINE('',#2923,#1354);
#1168=LINE('',#2925,#1355);
#1169=LINE('',#2927,#1356);
#1170=LINE('',#2929,#1357);
#1171=LINE('',#2931,#1358);
#1172=LINE('',#2933,#1359);
#1173=LINE('',#2935,#1360);
#1174=LINE('',#2937,#1361);
#1175=LINE('',#2939,#1362);
#1176=LINE('',#2940,#1363);
#1177=LINE('',#2943,#1364);
#1178=LINE('',#2945,#1365);
#1179=LINE('',#2947,#1366);
#1180=LINE('',#2949,#1367);
#1181=LINE('',#2951,#1368);
#1182=LINE('',#2953,#1369);
#1183=LINE('',#2955,#1370);
#1184=LINE('',#2957,#1371);
#1185=LINE('',#2959,#1372);
#1186=LINE('',#2961,#1373);
#1187=LINE('',#2963,#1374);
#1188=LINE('',#2965,#1375);
#1189=LINE('',#2967,#1376);
#1190=LINE('',#2969,#1377);
#1191=LINE('',#2971,#1378);
#1192=LINE('',#2973,#1379);
#1193=LINE('',#2975,#1380);
#1194=LINE('',#2977,#1381);
#1195=LINE('',#2979,#1382);
#1196=LINE('',#2981,#1383);
#1197=LINE('',#2983,#1384);
#1198=LINE('',#2985,#1385);
#1199=LINE('',#2987,#1386);
#1200=LINE('',#2989,#1387);
#1201=LINE('',#2991,#1388);
#1202=LINE('',#2993,#1389);
#1203=LINE('',#2995,#1390);
#1204=LINE('',#2997,#1391);
#1205=LINE('',#2999,#1392);
#1206=LINE('',#3001,#1393);
#1207=LINE('',#3003,#1394);
#1208=LINE('',#3005,#1395);
#1209=LINE('',#3147,#1396);
#1210=VECTOR('',#2041,1.);
#1211=VECTOR('',#2042,1.);
#1212=VECTOR('',#2043,1.);
#1213=VECTOR('',#2044,1.);
#1214=VECTOR('',#2045,1.);
#1215=VECTOR('',#2046,1.);
#1216=VECTOR('',#2047,1.);
#1217=VECTOR('',#2048,1.);
#1218=VECTOR('',#2049,1.);
#1219=VECTOR('',#2050,1.);
#1220=VECTOR('',#2051,1.);
#1221=VECTOR('',#2052,1.);
#1222=VECTOR('',#2055,1.);
#1223=VECTOR('',#2056,1.);
#1224=VECTOR('',#2057,1.);
#1225=VECTOR('',#2058,1.);
#1226=VECTOR('',#2059,1.);
#1227=VECTOR('',#2060,1.);
#1228=VECTOR('',#2061,1.);
#1229=VECTOR('',#2062,1.);
#1230=VECTOR('',#2063,1.);
#1231=VECTOR('',#2064,1.);
#1232=VECTOR('',#2065,1.);
#1233=VECTOR('',#2066,1.);
#1234=VECTOR('',#2067,1.);
#1235=VECTOR('',#2068,1.);
#1236=VECTOR('',#2069,1.);
#1237=VECTOR('',#2070,1.);
#1238=VECTOR('',#2071,1.);
#1239=VECTOR('',#2072,1.);
#1240=VECTOR('',#2075,1.);
#1241=VECTOR('',#2076,1.);
#1242=VECTOR('',#2077,1.);
#1243=VECTOR('',#2078,1.);
#1244=VECTOR('',#2079,1.);
#1245=VECTOR('',#2080,1.);
#1246=VECTOR('',#2081,1.);
#1247=VECTOR('',#2082,1.);
#1248=VECTOR('',#2083,1.);
#1249=VECTOR('',#2084,1.);
#1250=VECTOR('',#2085,1.);
#1251=VECTOR('',#2088,1.);
#1252=VECTOR('',#2089,1.);
#1253=VECTOR('',#2090,1.);
#1254=VECTOR('',#2091,1.);
#1255=VECTOR('',#2092,1.);
#1256=VECTOR('',#2093,1.);
#1257=VECTOR('',#2094,1.);
#1258=VECTOR('',#2095,1.);
#1259=VECTOR('',#2098,1.);
#1260=VECTOR('',#2099,1.);
#1261=VECTOR('',#2100,1.);
#1262=VECTOR('',#2101,1.);
#1263=VECTOR('',#2102,1.);
#1264=VECTOR('',#2103,1.);
#1265=VECTOR('',#2104,1.);
#1266=VECTOR('',#2105,1.);
#1267=VECTOR('',#2108,1.);
#1268=VECTOR('',#2109,1.);
#1269=VECTOR('',#2110,1.);
#1270=VECTOR('',#2111,1.);
#1271=VECTOR('',#2112,1.);
#1272=VECTOR('',#2113,1.);
#1273=VECTOR('',#2114,1.);
#1274=VECTOR('',#2115,1.);
#1275=VECTOR('',#2116,1.);
#1276=VECTOR('',#2117,1.);
#1277=VECTOR('',#2118,1.);
#1278=VECTOR('',#2119,1.);
#1279=VECTOR('',#2120,1.);
#1280=VECTOR('',#2121,1.);
#1281=VECTOR('',#2122,1.);
#1282=VECTOR('',#2123,1.);
#1283=VECTOR('',#2124,1.);
#1284=VECTOR('',#2125,1.);
#1285=VECTOR('',#2126,1.);
#1286=VECTOR('',#2127,1.);
#1287=VECTOR('',#2128,1.);
#1288=VECTOR('',#2129,1.);
#1289=VECTOR('',#2130,1.);
#1290=VECTOR('',#2133,1.);
#1291=VECTOR('',#2134,1.);
#1292=VECTOR('',#2135,1.);
#1293=VECTOR('',#2136,1.);
#1294=VECTOR('',#2139,1.);
#1295=VECTOR('',#2140,1.);
#1296=VECTOR('',#2141,1.);
#1297=VECTOR('',#2142,1.);
#1298=VECTOR('',#2145,1.);
#1299=VECTOR('',#2146,1.);
#1300=VECTOR('',#2147,1.);
#1301=VECTOR('',#2148,1.);
#1302=VECTOR('',#2151,1.);
#1303=VECTOR('',#2152,1.);
#1304=VECTOR('',#2153,1.);
#1305=VECTOR('',#2154,1.);
#1306=VECTOR('',#2155,1.);
#1307=VECTOR('',#2158,1.);
#1308=VECTOR('',#2159,1.);
#1309=VECTOR('',#2162,1.);
#1310=VECTOR('',#2165,1.);
#1311=VECTOR('',#2166,1.);
#1312=VECTOR('',#2167,1.);
#1313=VECTOR('',#2174,1.);
#1314=VECTOR('',#2175,1.);
#1315=VECTOR('',#2176,1.);
#1316=VECTOR('',#2179,1.);
#1317=VECTOR('',#2180,1.);
#1318=VECTOR('',#2183,1.);
#1319=VECTOR('',#2184,1.);
#1320=VECTOR('',#2191,1.);
#1321=VECTOR('',#2192,1.);
#1322=VECTOR('',#2195,1.);
#1323=VECTOR('',#2200,1.);
#1324=VECTOR('',#2201,1.);
#1325=VECTOR('',#2202,1.);
#1326=VECTOR('',#2211,1.);
#1327=VECTOR('',#2214,1.);
#1328=VECTOR('',#2219,1.);
#1329=VECTOR('',#2220,1.);
#1330=VECTOR('',#2221,1.);
#1331=VECTOR('',#2224,1.);
#1332=VECTOR('',#2225,1.);
#1333=VECTOR('',#2228,1.);
#1334=VECTOR('',#2229,1.);
#1335=VECTOR('',#2232,1.);
#1336=VECTOR('',#2245,1.);
#1337=VECTOR('',#2246,1.);
#1338=VECTOR('',#2247,1.);
#1339=VECTOR('',#2250,1.);
#1340=VECTOR('',#2251,1.);
#1341=VECTOR('',#2254,1.);
#1342=VECTOR('',#2255,1.);
#1343=VECTOR('',#2258,1.);
#1344=VECTOR('',#2273,1.);
#1345=VECTOR('',#2274,1.);
#1346=VECTOR('',#2275,1.);
#1347=VECTOR('',#2278,1.);
#1348=VECTOR('',#2279,1.);
#1349=VECTOR('',#2282,1.);
#1350=VECTOR('',#2283,1.);
#1351=VECTOR('',#2286,1.);
#1352=VECTOR('',#2323,1.);
#1353=VECTOR('',#2324,1.);
#1354=VECTOR('',#2325,1.);
#1355=VECTOR('',#2326,1.);
#1356=VECTOR('',#2329,1.);
#1357=VECTOR('',#2330,1.);
#1358=VECTOR('',#2331,1.);
#1359=VECTOR('',#2334,1.);
#1360=VECTOR('',#2335,1.);
#1361=VECTOR('',#2336,1.);
#1362=VECTOR('',#2339,1.);
#1363=VECTOR('',#2340,1.);
#1364=VECTOR('',#2345,1.);
#1365=VECTOR('',#2346,1.);
#1366=VECTOR('',#2347,1.);
#1367=VECTOR('',#2350,1.);
#1368=VECTOR('',#2351,1.);
#1369=VECTOR('',#2354,1.);
#1370=VECTOR('',#2355,1.);
#1371=VECTOR('',#2358,1.);
#1372=VECTOR('',#2361,1.);
#1373=VECTOR('',#2362,1.);
#1374=VECTOR('',#2363,1.);
#1375=VECTOR('',#2366,1.);
#1376=VECTOR('',#2367,1.);
#1377=VECTOR('',#2370,1.);
#1378=VECTOR('',#2371,1.);
#1379=VECTOR('',#2374,1.);
#1380=VECTOR('',#2377,1.);
#1381=VECTOR('',#2378,1.);
#1382=VECTOR('',#2379,1.);
#1383=VECTOR('',#2382,1.);
#1384=VECTOR('',#2383,1.);
#1385=VECTOR('',#2386,1.);
#1386=VECTOR('',#2387,1.);
#1387=VECTOR('',#2390,1.);
#1388=VECTOR('',#2393,1.);
#1389=VECTOR('',#2394,1.);
#1390=VECTOR('',#2395,1.);
#1391=VECTOR('',#2398,1.);
#1392=VECTOR('',#2399,1.);
#1393=VECTOR('',#2402,1.);
#1394=VECTOR('',#2403,1.);
#1395=VECTOR('',#2406,1.);
#1396=VECTOR('',#2517,1.);
#1397=EDGE_LOOP('',(#120,#121,#122,#123));
#1398=EDGE_LOOP('',(#124,#125,#126,#127));
#1399=EDGE_LOOP('',(#128,#129,#130,#131));
#1400=EDGE_LOOP('',(#132,#133,#134,#135,#136,#137));
#1401=EDGE_LOOP('',(#138,#139,#140,#141));
#1402=EDGE_LOOP('',(#142,#143,#144,#145));
#1403=EDGE_LOOP('',(#146,#147,#148,#149));
#1404=EDGE_LOOP('',(#150,#151,#152,#153,#154,#155,#156,#157));
#1405=EDGE_LOOP('',(#158,#159,#160,#161));
#1406=EDGE_LOOP('',(#162,#163,#164,#165));
#1407=EDGE_LOOP('',(#166,#167,#168,#169));
#1408=EDGE_LOOP('',(#170,#171,#172,#173));
#1409=EDGE_LOOP('',(#174,#175,#176,#177));
#1410=EDGE_LOOP('',(#178,#179,#180,#181,#182,#183,#184,#185,#186,#187,#188,
#189,#190,#191));
#1411=EDGE_LOOP('',(#192,#193,#194,#195));
#1412=EDGE_LOOP('',(#196,#197,#198,#199));
#1413=EDGE_LOOP('',(#200,#201,#202,#203));
#1414=EDGE_LOOP('',(#204,#205,#206,#207));
#1415=EDGE_LOOP('',(#208,#209,#210,#211));
#1416=EDGE_LOOP('',(#212,#213,#214,#215,#216,#217));
#1417=EDGE_LOOP('',(#218,#219,#220,#221,#222,#223,#224,#225));
#1418=EDGE_LOOP('',(#226,#227,#228,#229,#230,#231,#232,#233));
#1419=EDGE_LOOP('',(#234));
#1420=EDGE_LOOP('',(#235));
#1421=EDGE_LOOP('',(#236,#237,#238,#239));
#1422=EDGE_LOOP('',(#240,#241,#242,#243));
#1423=EDGE_LOOP('',(#244,#245,#246,#247));
#1424=EDGE_LOOP('',(#248,#249,#250,#251,#252,#253));
#1425=EDGE_LOOP('',(#254,#255,#256,#257));
#1426=EDGE_LOOP('',(#258,#259,#260,#261));
#1427=EDGE_LOOP('',(#262,#263,#264,#265));
#1428=EDGE_LOOP('',(#266,#267,#268,#269));
#1429=EDGE_LOOP('',(#270,#271,#272,#273));
#1430=EDGE_LOOP('',(#274,#275,#276,#277));
#1431=EDGE_LOOP('',(#278));
#1432=EDGE_LOOP('',(#279));
#1433=EDGE_LOOP('',(#280,#281,#282,#283));
#1434=EDGE_LOOP('',(#284,#285,#286,#287));
#1435=EDGE_LOOP('',(#288));
#1436=EDGE_LOOP('',(#289,#290,#291,#292));
#1437=EDGE_LOOP('',(#293,#294,#295,#296));
#1438=EDGE_LOOP('',(#297,#298,#299,#300));
#1439=EDGE_LOOP('',(#301,#302,#303,#304));
#1440=EDGE_LOOP('',(#305,#306,#307,#308));
#1441=EDGE_LOOP('',(#309));
#1442=EDGE_LOOP('',(#310));
#1443=EDGE_LOOP('',(#311,#312,#313,#314));
#1444=EDGE_LOOP('',(#315));
#1445=EDGE_LOOP('',(#316));
#1446=EDGE_LOOP('',(#317,#318,#319,#320));
#1447=EDGE_LOOP('',(#321,#322,#323,#324));
#1448=EDGE_LOOP('',(#325,#326,#327,#328));
#1449=EDGE_LOOP('',(#329,#330,#331,#332));
#1450=EDGE_LOOP('',(#333));
#1451=EDGE_LOOP('',(#334));
#1452=EDGE_LOOP('',(#335,#336,#337,#338));
#1453=EDGE_LOOP('',(#339));
#1454=EDGE_LOOP('',(#340));
#1455=EDGE_LOOP('',(#341));
#1456=EDGE_LOOP('',(#342,#343,#344,#345));
#1457=EDGE_LOOP('',(#346,#347,#348,#349));
#1458=EDGE_LOOP('',(#350,#351,#352,#353));
#1459=EDGE_LOOP('',(#354,#355,#356,#357));
#1460=EDGE_LOOP('',(#358));
#1461=EDGE_LOOP('',(#359));
#1462=EDGE_LOOP('',(#360,#361,#362,#363));
#1463=EDGE_LOOP('',(#364));
#1464=EDGE_LOOP('',(#365));
#1465=EDGE_LOOP('',(#366));
#1466=EDGE_LOOP('',(#367,#368));
#1467=EDGE_LOOP('',(#369));
#1468=EDGE_LOOP('',(#370));
#1469=EDGE_LOOP('',(#371));
#1470=EDGE_LOOP('',(#372));
#1471=EDGE_LOOP('',(#373));
#1472=EDGE_LOOP('',(#374));
#1473=EDGE_LOOP('',(#375));
#1474=EDGE_LOOP('',(#376));
#1475=EDGE_LOOP('',(#377,#378));
#1476=EDGE_LOOP('',(#379));
#1477=EDGE_LOOP('',(#380,#381,#382,#383));
#1478=EDGE_LOOP('',(#384,#385,#386,#387));
#1479=EDGE_LOOP('',(#388,#389,#390,#391));
#1480=EDGE_LOOP('',(#392,#393,#394,#395));
#1481=EDGE_LOOP('',(#396,#397,#398,#399));
#1482=EDGE_LOOP('',(#400,#401,#402,#403));
#1483=EDGE_LOOP('',(#404,#405,#406,#407));
#1484=EDGE_LOOP('',(#408,#409,#410,#411));
#1485=EDGE_LOOP('',(#412,#413,#414,#415));
#1486=EDGE_LOOP('',(#416,#417,#418,#419));
#1487=EDGE_LOOP('',(#420,#421,#422,#423));
#1488=EDGE_LOOP('',(#424,#425,#426,#427));
#1489=EDGE_LOOP('',(#428,#429,#430,#431));
#1490=EDGE_LOOP('',(#432,#433,#434,#435));
#1491=EDGE_LOOP('',(#436,#437,#438,#439));
#1492=EDGE_LOOP('',(#440,#441,#442,#443));
#1493=EDGE_LOOP('',(#444,#445,#446,#447));
#1494=EDGE_LOOP('',(#448,#449,#450,#451));
#1495=EDGE_LOOP('',(#452,#453,#454,#455));
#1496=EDGE_LOOP('',(#456,#457,#458,#459));
#1497=EDGE_LOOP('',(#460,#461,#462,#463));
#1498=EDGE_LOOP('',(#464,#465,#466,#467));
#1499=EDGE_LOOP('',(#468,#469,#470,#471));
#1500=EDGE_LOOP('',(#472,#473,#474,#475));
#1501=EDGE_LOOP('',(#476,#477,#478,#479));
#1502=EDGE_LOOP('',(#480,#481,#482));
#1503=EDGE_LOOP('',(#483,#484,#485,#486));
#1504=EDGE_LOOP('',(#487,#488,#489,#490));
#1505=EDGE_LOOP('',(#491,#492,#493,#494));
#1506=EDGE_LOOP('',(#495,#496,#497));
#1507=EDGE_LOOP('',(#498,#499,#500));
#1508=EDGE_LOOP('',(#501,#502,#503,#504));
#1509=EDGE_LOOP('',(#505,#506,#507,#508));
#1510=EDGE_LOOP('',(#509,#510,#511));
#1511=EDGE_LOOP('',(#512,#513,#514,#515));
#1512=EDGE_LOOP('',(#516,#517,#518,#519));
#1513=EDGE_LOOP('',(#520,#521,#522,#523));
#1514=EDGE_LOOP('',(#524,#525,#526,#527));
#1515=EDGE_LOOP('',(#528,#529,#530));
#1516=EDGE_LOOP('',(#531,#532,#533,#534));
#1517=EDGE_LOOP('',(#535,#536,#537,#538));
#1518=EDGE_LOOP('',(#539,#540,#541));
#1519=EDGE_LOOP('',(#542,#543,#544,#545));
#1520=EDGE_LOOP('',(#546,#547,#548,#549,#550,#551,#552));
#1521=EDGE_LOOP('',(#553,#554,#555,#556,#557,#558,#559));
#1522=EDGE_LOOP('',(#560,#561,#562,#563));
#1523=EDGE_LOOP('',(#564,#565,#566,#567));
#1524=EDGE_LOOP('',(#568,#569,#570,#571));
#1525=EDGE_LOOP('',(#572,#573,#574,#575));
#1526=EDGE_LOOP('',(#576,#577,#578,#579));
#1527=EDGE_LOOP('',(#580,#581,#582,#583));
#1528=EDGE_LOOP('',(#584,#585,#586,#587));
#1529=EDGE_LOOP('',(#588,#589,#590));
#1530=EDGE_LOOP('',(#591,#592,#593,#594,#595,#596,#597,#598));
#1531=EDGE_LOOP('',(#599,#600,#601));
#1532=EDGE_LOOP('',(#602,#603,#604,#605));
#1533=EDGE_LOOP('',(#606,#607,#608,#609));
#1534=EDGE_LOOP('',(#610,#611,#612,#613));
#1535=EDGE_LOOP('',(#614,#615,#616,#617));
#1536=FACE_BOUND('',#1397,.T.);
#1537=FACE_BOUND('',#1398,.T.);
#1538=FACE_BOUND('',#1399,.T.);
#1539=FACE_BOUND('',#1400,.T.);
#1540=FACE_BOUND('',#1401,.T.);
#1541=FACE_BOUND('',#1402,.T.);
#1542=FACE_BOUND('',#1403,.T.);
#1543=FACE_BOUND('',#1404,.T.);
#1544=FACE_BOUND('',#1405,.T.);
#1545=FACE_BOUND('',#1406,.T.);
#1546=FACE_BOUND('',#1407,.T.);
#1547=FACE_BOUND('',#1408,.T.);
#1548=FACE_BOUND('',#1409,.T.);
#1549=FACE_BOUND('',#1410,.T.);
#1550=FACE_BOUND('',#1411,.T.);
#1551=FACE_BOUND('',#1412,.T.);
#1552=FACE_BOUND('',#1413,.T.);
#1553=FACE_BOUND('',#1414,.T.);
#1554=FACE_BOUND('',#1415,.T.);
#1555=FACE_BOUND('',#1416,.T.);
#1556=FACE_BOUND('',#1417,.T.);
#1557=FACE_BOUND('',#1418,.T.);
#1558=FACE_BOUND('',#1419,.T.);
#1559=FACE_BOUND('',#1420,.T.);
#1560=FACE_BOUND('',#1421,.T.);
#1561=FACE_BOUND('',#1422,.T.);
#1562=FACE_BOUND('',#1423,.T.);
#1563=FACE_BOUND('',#1424,.T.);
#1564=FACE_BOUND('',#1425,.T.);
#1565=FACE_BOUND('',#1426,.T.);
#1566=FACE_BOUND('',#1427,.T.);
#1567=FACE_BOUND('',#1428,.T.);
#1568=FACE_BOUND('',#1429,.T.);
#1569=FACE_BOUND('',#1430,.T.);
#1570=FACE_BOUND('',#1431,.T.);
#1571=FACE_BOUND('',#1432,.T.);
#1572=FACE_BOUND('',#1433,.T.);
#1573=FACE_BOUND('',#1434,.T.);
#1574=FACE_BOUND('',#1435,.T.);
#1575=FACE_BOUND('',#1436,.T.);
#1576=FACE_BOUND('',#1437,.T.);
#1577=FACE_BOUND('',#1438,.T.);
#1578=FACE_BOUND('',#1439,.T.);
#1579=FACE_BOUND('',#1440,.T.);
#1580=FACE_BOUND('',#1441,.T.);
#1581=FACE_BOUND('',#1442,.T.);
#1582=FACE_BOUND('',#1443,.T.);
#1583=FACE_BOUND('',#1444,.T.);
#1584=FACE_BOUND('',#1445,.T.);
#1585=FACE_BOUND('',#1446,.T.);
#1586=FACE_BOUND('',#1447,.T.);
#1587=FACE_BOUND('',#1448,.T.);
#1588=FACE_BOUND('',#1449,.T.);
#1589=FACE_BOUND('',#1450,.T.);
#1590=FACE_BOUND('',#1451,.T.);
#1591=FACE_BOUND('',#1452,.T.);
#1592=FACE_BOUND('',#1453,.T.);
#1593=FACE_BOUND('',#1454,.T.);
#1594=FACE_BOUND('',#1455,.T.);
#1595=FACE_BOUND('',#1456,.T.);
#1596=FACE_BOUND('',#1457,.T.);
#1597=FACE_BOUND('',#1458,.T.);
#1598=FACE_BOUND('',#1459,.T.);
#1599=FACE_BOUND('',#1460,.T.);
#1600=FACE_BOUND('',#1461,.T.);
#1601=FACE_BOUND('',#1462,.T.);
#1602=FACE_BOUND('',#1463,.T.);
#1603=FACE_BOUND('',#1464,.T.);
#1604=FACE_BOUND('',#1465,.T.);
#1605=FACE_BOUND('',#1466,.T.);
#1606=FACE_BOUND('',#1467,.T.);
#1607=FACE_BOUND('',#1468,.T.);
#1608=FACE_BOUND('',#1469,.T.);
#1609=FACE_BOUND('',#1470,.T.);
#1610=FACE_BOUND('',#1471,.T.);
#1611=FACE_BOUND('',#1472,.T.);
#1612=FACE_BOUND('',#1473,.T.);
#1613=FACE_BOUND('',#1474,.T.);
#1614=FACE_BOUND('',#1475,.T.);
#1615=FACE_BOUND('',#1476,.T.);
#1616=FACE_BOUND('',#1477,.T.);
#1617=FACE_BOUND('',#1478,.T.);
#1618=FACE_BOUND('',#1479,.T.);
#1619=FACE_BOUND('',#1480,.T.);
#1620=FACE_BOUND('',#1481,.T.);
#1621=FACE_BOUND('',#1482,.T.);
#1622=FACE_BOUND('',#1483,.T.);
#1623=FACE_BOUND('',#1484,.T.);
#1624=FACE_BOUND('',#1485,.T.);
#1625=FACE_BOUND('',#1486,.T.);
#1626=FACE_BOUND('',#1487,.T.);
#1627=FACE_BOUND('',#1488,.T.);
#1628=FACE_BOUND('',#1489,.T.);
#1629=FACE_BOUND('',#1490,.T.);
#1630=FACE_BOUND('',#1491,.T.);
#1631=FACE_BOUND('',#1492,.T.);
#1632=FACE_BOUND('',#1493,.T.);
#1633=FACE_BOUND('',#1494,.T.);
#1634=FACE_BOUND('',#1495,.T.);
#1635=FACE_BOUND('',#1496,.T.);
#1636=FACE_BOUND('',#1497,.T.);
#1637=FACE_BOUND('',#1498,.T.);
#1638=FACE_BOUND('',#1499,.T.);
#1639=FACE_BOUND('',#1500,.T.);
#1640=FACE_BOUND('',#1501,.T.);
#1641=FACE_BOUND('',#1502,.T.);
#1642=FACE_BOUND('',#1503,.T.);
#1643=FACE_BOUND('',#1504,.T.);
#1644=FACE_BOUND('',#1505,.T.);
#1645=FACE_BOUND('',#1506,.T.);
#1646=FACE_BOUND('',#1507,.T.);
#1647=FACE_BOUND('',#1508,.T.);
#1648=FACE_BOUND('',#1509,.T.);
#1649=FACE_BOUND('',#1510,.T.);
#1650=FACE_BOUND('',#1511,.T.);
#1651=FACE_BOUND('',#1512,.T.);
#1652=FACE_BOUND('',#1513,.T.);
#1653=FACE_BOUND('',#1514,.T.);
#1654=FACE_BOUND('',#1515,.T.);
#1655=FACE_BOUND('',#1516,.T.);
#1656=FACE_BOUND('',#1517,.T.);
#1657=FACE_BOUND('',#1518,.T.);
#1658=FACE_BOUND('',#1519,.T.);
#1659=FACE_BOUND('',#1520,.T.);
#1660=FACE_BOUND('',#1521,.T.);
#1661=FACE_BOUND('',#1522,.T.);
#1662=FACE_BOUND('',#1523,.T.);
#1663=FACE_BOUND('',#1524,.T.);
#1664=FACE_BOUND('',#1525,.T.);
#1665=FACE_BOUND('',#1526,.T.);
#1666=FACE_BOUND('',#1527,.T.);
#1667=FACE_BOUND('',#1528,.T.);
#1668=FACE_BOUND('',#1529,.T.);
#1669=FACE_BOUND('',#1530,.T.);
#1670=FACE_BOUND('',#1531,.T.);
#1671=FACE_BOUND('',#1532,.T.);
#1672=FACE_BOUND('',#1533,.T.);
#1673=FACE_BOUND('',#1534,.T.);
#1674=FACE_BOUND('',#1535,.T.);
#1675=PLANE('',#1868);
#1676=PLANE('',#1869);
#1677=PLANE('',#1870);
#1678=PLANE('',#1871);
#1679=PLANE('',#1872);
#1680=PLANE('',#1873);
#1681=PLANE('',#1874);
#1682=PLANE('',#1875);
#1683=PLANE('',#1876);
#1684=PLANE('',#1877);
#1685=PLANE('',#1878);
#1686=PLANE('',#1883);
#1687=PLANE('',#1884);
#1688=PLANE('',#1885);
#1689=PLANE('',#1886);
#1690=PLANE('',#1887);
#1691=PLANE('',#1888);
#1692=PLANE('',#1889);
#1693=PLANE('',#1890);
#1694=PLANE('',#1891);
#1695=PLANE('',#1895);
#1696=PLANE('',#1896);
#1697=PLANE('',#1897);
#1698=PLANE('',#1898);
#1699=PLANE('',#1899);
#1700=PLANE('',#1900);
#1701=PLANE('',#1901);
#1702=PLANE('',#1905);
#1703=PLANE('',#1906);
#1704=PLANE('',#1907);
#1705=PLANE('',#1908);
#1706=PLANE('',#1909);
#1707=PLANE('',#1910);
#1708=PLANE('',#1914);
#1709=PLANE('',#1915);
#1710=PLANE('',#1916);
#1711=PLANE('',#1917);
#1712=PLANE('',#1918);
#1713=PLANE('',#1919);
#1714=PLANE('',#1920);
#1715=PLANE('',#1924);
#1716=PLANE('',#1925);
#1717=PLANE('',#1928);
#1718=PLANE('',#1931);
#1719=PLANE('',#1934);
#1720=PLANE('',#1937);
#1721=PLANE('',#1938);
#1722=PLANE('',#1939);
#1723=PLANE('',#1940);
#1724=PLANE('',#1941);
#1725=PLANE('',#1942);
#1726=PLANE('',#1943);
#1727=PLANE('',#1944);
#1728=PLANE('',#1945);
#1729=PLANE('',#1946);
#1730=PLANE('',#1947);
#1731=PLANE('',#1948);
#1732=PLANE('',#1949);
#1733=PLANE('',#1950);
#1734=PLANE('',#1951);
#1735=PLANE('',#1952);
#1736=PLANE('',#1953);
#1737=PLANE('',#1954);
#1738=PLANE('',#1955);
#1739=PLANE('',#1956);
#1740=PLANE('',#1957);
#1741=PLANE('',#1958);
#1742=ADVANCED_FACE('',(#1536,#1537,#1538),#1675,.F.);
#1743=ADVANCED_FACE('',(#1539,#1540,#1541,#1542),#1676,.T.);
#1744=ADVANCED_FACE('',(#1543,#1544),#1677,.F.);
#1745=ADVANCED_FACE('',(#1545,#1546),#1678,.T.);
#1746=ADVANCED_FACE('',(#1547,#1548),#1679,.F.);
#1747=ADVANCED_FACE('',(#1549,#1550,#1551,#1552),#1680,.F.);
#1748=ADVANCED_FACE('',(#1553),#1681,.T.);
#1749=ADVANCED_FACE('',(#1554),#1682,.T.);
#1750=ADVANCED_FACE('',(#1555),#1683,.F.);
#1751=ADVANCED_FACE('',(#1556),#1684,.T.);
#1752=ADVANCED_FACE('',(#1557,#1558,#1559,#1560),#1685,.F.);
#1753=ADVANCED_FACE('',(#1561),#1686,.F.);
#1754=ADVANCED_FACE('',(#1562),#1687,.T.);
#1755=ADVANCED_FACE('',(#1563),#1688,.T.);
#1756=ADVANCED_FACE('',(#1564),#1689,.F.);
#1757=ADVANCED_FACE('',(#1565),#1690,.F.);
#1758=ADVANCED_FACE('',(#1566),#1691,.F.);
#1759=ADVANCED_FACE('',(#1567),#1692,.T.);
#1760=ADVANCED_FACE('',(#1568),#1693,.T.);
#1761=ADVANCED_FACE('',(#1569),#1694,.T.);
#1762=ADVANCED_FACE('',(#1570,#1571),#50,.F.);
#1763=ADVANCED_FACE('',(#1572),#1695,.F.);
#1764=ADVANCED_FACE('',(#1573),#1696,.T.);
#1765=ADVANCED_FACE('',(#1574,#1575),#1697,.F.);
#1766=ADVANCED_FACE('',(#1576),#1698,.F.);
#1767=ADVANCED_FACE('',(#1577),#1699,.T.);
#1768=ADVANCED_FACE('',(#1578),#1700,.T.);
#1769=ADVANCED_FACE('',(#1579),#1701,.F.);
#1770=ADVANCED_FACE('',(#1580,#1581),#51,.F.);
#1771=ADVANCED_FACE('',(#1582,#1583),#1702,.F.);
#1772=ADVANCED_FACE('',(#1584),#1703,.F.);
#1773=ADVANCED_FACE('',(#1585),#1704,.F.);
#1774=ADVANCED_FACE('',(#1586),#1705,.T.);
#1775=ADVANCED_FACE('',(#1587),#1706,.T.);
#1776=ADVANCED_FACE('',(#1588),#1707,.F.);
#1777=ADVANCED_FACE('',(#1589,#1590),#52,.F.);
#1778=ADVANCED_FACE('',(#1591,#1592),#1708,.F.);
#1779=ADVANCED_FACE('',(#1593),#1709,.F.);
#1780=ADVANCED_FACE('',(#1594),#1710,.F.);
#1781=ADVANCED_FACE('',(#1595),#1711,.F.);
#1782=ADVANCED_FACE('',(#1596),#1712,.T.);
#1783=ADVANCED_FACE('',(#1597),#1713,.T.);
#1784=ADVANCED_FACE('',(#1598),#1714,.F.);
#1785=ADVANCED_FACE('',(#1599,#1600),#53,.F.);
#1786=ADVANCED_FACE('',(#1601,#1602),#1715,.F.);
#1787=ADVANCED_FACE('',(#1603),#1716,.F.);
#1788=ADVANCED_FACE('',(#1604,#1605),#54,.F.);
#1789=ADVANCED_FACE('',(#1606),#1717,.T.);
#1790=ADVANCED_FACE('',(#1607,#1608),#55,.F.);
#1791=ADVANCED_FACE('',(#1609),#1718,.T.);
#1792=ADVANCED_FACE('',(#1610,#1611),#56,.F.);
#1793=ADVANCED_FACE('',(#1612),#1719,.T.);
#1794=ADVANCED_FACE('',(#1613,#1614),#57,.F.);
#1795=ADVANCED_FACE('',(#1615),#1720,.T.);
#1796=ADVANCED_FACE('',(#1616),#1721,.T.);
#1797=ADVANCED_FACE('',(#1617),#1722,.F.);
#1798=ADVANCED_FACE('',(#1618),#1723,.F.);
#1799=ADVANCED_FACE('',(#1619),#1724,.T.);
#1800=ADVANCED_FACE('',(#1620),#1725,.T.);
#1801=ADVANCED_FACE('',(#1621),#1726,.T.);
#1802=ADVANCED_FACE('',(#1622),#1727,.F.);
#1803=ADVANCED_FACE('',(#1623),#1728,.F.);
#1804=ADVANCED_FACE('',(#1624),#1729,.T.);
#1805=ADVANCED_FACE('',(#1625),#1730,.T.);
#1806=ADVANCED_FACE('',(#1626),#1731,.F.);
#1807=ADVANCED_FACE('',(#1627),#1732,.F.);
#1808=ADVANCED_FACE('',(#1628),#1733,.T.);
#1809=ADVANCED_FACE('',(#1629),#1734,.T.);
#1810=ADVANCED_FACE('',(#1630),#1735,.F.);
#1811=ADVANCED_FACE('',(#1631),#1736,.F.);
#1812=ADVANCED_FACE('',(#1632),#1737,.T.);
#1813=ADVANCED_FACE('',(#1633),#1738,.T.);
#1814=ADVANCED_FACE('',(#1634),#1739,.F.);
#1815=ADVANCED_FACE('',(#1635),#1740,.F.);
#1816=ADVANCED_FACE('',(#1636),#1741,.T.);
#1817=ADVANCED_FACE('',(#1637),#58,.T.);
#1818=ADVANCED_FACE('',(#1638),#59,.T.);
#1819=ADVANCED_FACE('',(#1639),#60,.T.);
#1820=ADVANCED_FACE('',(#1640),#61,.T.);
#1821=ADVANCED_FACE('',(#1641),#16,.T.);
#1822=ADVANCED_FACE('',(#1642),#62,.T.);
#1823=ADVANCED_FACE('',(#1643),#63,.T.);
#1824=ADVANCED_FACE('',(#1644),#64,.T.);
#1825=ADVANCED_FACE('',(#1645),#17,.T.);
#1826=ADVANCED_FACE('',(#1646),#18,.T.);
#1827=ADVANCED_FACE('',(#1647),#65,.T.);
#1828=ADVANCED_FACE('',(#1648),#66,.T.);
#1829=ADVANCED_FACE('',(#1649),#12,.T.);
#1830=ADVANCED_FACE('',(#1650),#67,.T.);
#1831=ADVANCED_FACE('',(#1651),#68,.T.);
#1832=ADVANCED_FACE('',(#1652),#69,.T.);
#1833=ADVANCED_FACE('',(#1653),#70,.T.);
#1834=ADVANCED_FACE('',(#1654),#19,.T.);
#1835=ADVANCED_FACE('',(#1655),#71,.T.);
#1836=ADVANCED_FACE('',(#1656),#72,.T.);
#1837=ADVANCED_FACE('',(#1657),#13,.T.);
#1838=ADVANCED_FACE('',(#1658),#73,.T.);
#1839=ADVANCED_FACE('',(#1659),#74,.T.);
#1840=ADVANCED_FACE('',(#1660),#75,.T.);
#1841=ADVANCED_FACE('',(#1661),#76,.T.);
#1842=ADVANCED_FACE('',(#1662),#77,.T.);
#1843=ADVANCED_FACE('',(#1663),#78,.T.);
#1844=ADVANCED_FACE('',(#1664),#79,.T.);
#1845=ADVANCED_FACE('',(#1665),#80,.T.);
#1846=ADVANCED_FACE('',(#1666),#81,.T.);
#1847=ADVANCED_FACE('',(#1667),#82,.T.);
#1848=ADVANCED_FACE('',(#1668),#14,.T.);
#1849=ADVANCED_FACE('',(#1669),#83,.T.);
#1850=ADVANCED_FACE('',(#1670),#15,.T.);
#1851=ADVANCED_FACE('',(#1671),#84,.T.);
#1852=ADVANCED_FACE('',(#1672),#85,.T.);
#1853=ADVANCED_FACE('',(#1673),#86,.T.);
#1854=ADVANCED_FACE('',(#1674),#87,.T.);
#1855=CLOSED_SHELL('',(#1742,#1743,#1744,#1745,#1746,#1747,#1748,#1749,
#1750,#1751,#1752,#1753,#1754,#1755,#1756,#1757,#1758,#1759,#1760,#1761,
#1762,#1763,#1764,#1765,#1766,#1767,#1768,#1769,#1770,#1771,#1772,#1773,
#1774,#1775,#1776,#1777,#1778,#1779,#1780,#1781,#1782,#1783,#1784,#1785,
#1786,#1787,#1788,#1789,#1790,#1791,#1792,#1793,#1794,#1795,#1796,#1797,
#1798,#1799,#1800,#1801,#1802,#1803,#1804,#1805,#1806,#1807,#1808,#1809,
#1810,#1811,#1812,#1813,#1814,#1815,#1816,#1817,#1818,#1819,#1820,#1821,
#1822,#1823,#1824,#1825,#1826,#1827,#1828,#1829,#1830,#1831,#1832,#1833,
#1834,#1835,#1836,#1837,#1838,#1839,#1840,#1841,#1842,#1843,#1844,#1845,
#1846,#1847,#1848,#1849,#1850,#1851,#1852,#1853,#1854));
#1856=STYLED_ITEM('',(#1857),#1864);
#1857=PRESENTATION_STYLE_ASSIGNMENT((#1858));
#1858=SURFACE_STYLE_USAGE(.BOTH.,#1859);
#1859=SURFACE_SIDE_STYLE('',(#1860));
#1860=SURFACE_STYLE_FILL_AREA(#1861);
#1861=FILL_AREA_STYLE('',(#1862));
#1862=FILL_AREA_STYLE_COLOUR('',#1863);
#1863=COLOUR_RGB('',0.890196078431373,0.698039215686275,0.63921568627451);
#1864=MANIFOLD_SOLID_BREP('Part 1',#1855);
#1865=SHAPE_DEFINITION_REPRESENTATION(#3177,#1866);
#1866=SHAPE_REPRESENTATION('Part 1',(#1867),#3172);
#1867=AXIS2_PLACEMENT_3D('',#2564,#2037,#2038);
#1868=AXIS2_PLACEMENT_3D('',#2565,#2039,#2040);
#1869=AXIS2_PLACEMENT_3D('',#2590,#2053,#2054);
#1870=AXIS2_PLACEMENT_3D('',#2627,#2073,#2074);
#1871=AXIS2_PLACEMENT_3D('',#2649,#2086,#2087);
#1872=AXIS2_PLACEMENT_3D('',#2666,#2096,#2097);
#1873=AXIS2_PLACEMENT_3D('',#2683,#2106,#2107);
#1874=AXIS2_PLACEMENT_3D('',#2728,#2131,#2132);
#1875=AXIS2_PLACEMENT_3D('',#2737,#2137,#2138);
#1876=AXIS2_PLACEMENT_3D('',#2746,#2143,#2144);
#1877=AXIS2_PLACEMENT_3D('',#2754,#2149,#2150);
#1878=AXIS2_PLACEMENT_3D('',#2762,#2156,#2157);
#1879=AXIS2_PLACEMENT_3D('',#2768,#2160,#2161);
#1880=AXIS2_PLACEMENT_3D('',#2772,#2163,#2164);
#1881=AXIS2_PLACEMENT_3D('',#2779,#2168,#2169);
#1882=AXIS2_PLACEMENT_3D('',#2781,#2170,#2171);
#1883=AXIS2_PLACEMENT_3D('',#2783,#2172,#2173);
#1884=AXIS2_PLACEMENT_3D('',#2789,#2177,#2178);
#1885=AXIS2_PLACEMENT_3D('',#2793,#2181,#2182);
#1886=AXIS2_PLACEMENT_3D('',#2796,#2185,#2186);
#1887=AXIS2_PLACEMENT_3D('',#2797,#2187,#2188);
#1888=AXIS2_PLACEMENT_3D('',#2798,#2189,#2190);
#1889=AXIS2_PLACEMENT_3D('',#2802,#2193,#2194);
#1890=AXIS2_PLACEMENT_3D('',#2804,#2196,#2197);
#1891=AXIS2_PLACEMENT_3D('',#2805,#2198,#2199);
#1892=AXIS2_PLACEMENT_3D('',#2811,#2203,#2204);
#1893=AXIS2_PLACEMENT_3D('',#2812,#2205,#2206);
#1894=AXIS2_PLACEMENT_3D('',#2814,#2207,#2208);
#1895=AXIS2_PLACEMENT_3D('',#2816,#2209,#2210);
#1896=AXIS2_PLACEMENT_3D('',#2818,#2212,#2213);
#1897=AXIS2_PLACEMENT_3D('',#2820,#2215,#2216);
#1898=AXIS2_PLACEMENT_3D('',#2821,#2217,#2218);
#1899=AXIS2_PLACEMENT_3D('',#2827,#2222,#2223);
#1900=AXIS2_PLACEMENT_3D('',#2831,#2226,#2227);
#1901=AXIS2_PLACEMENT_3D('',#2835,#2230,#2231);
#1902=AXIS2_PLACEMENT_3D('',#2837,#2233,#2234);
#1903=AXIS2_PLACEMENT_3D('',#2838,#2235,#2236);
#1904=AXIS2_PLACEMENT_3D('',#2840,#2237,#2238);
#1905=AXIS2_PLACEMENT_3D('',#2842,#2239,#2240);
#1906=AXIS2_PLACEMENT_3D('',#2843,#2241,#2242);
#1907=AXIS2_PLACEMENT_3D('',#2844,#2243,#2244);
#1908=AXIS2_PLACEMENT_3D('',#2850,#2248,#2249);
#1909=AXIS2_PLACEMENT_3D('',#2854,#2252,#2253);
#1910=AXIS2_PLACEMENT_3D('',#2858,#2256,#2257);
#1911=AXIS2_PLACEMENT_3D('',#2860,#2259,#2260);
#1912=AXIS2_PLACEMENT_3D('',#2861,#2261,#2262);
#1913=AXIS2_PLACEMENT_3D('',#2863,#2263,#2264);
#1914=AXIS2_PLACEMENT_3D('',#2865,#2265,#2266);
#1915=AXIS2_PLACEMENT_3D('',#2866,#2267,#2268);
#1916=AXIS2_PLACEMENT_3D('',#2867,#2269,#2270);
#1917=AXIS2_PLACEMENT_3D('',#2868,#2271,#2272);
#1918=AXIS2_PLACEMENT_3D('',#2874,#2276,#2277);
#1919=AXIS2_PLACEMENT_3D('',#2878,#2280,#2281);
#1920=AXIS2_PLACEMENT_3D('',#2882,#2284,#2285);
#1921=AXIS2_PLACEMENT_3D('',#2884,#2287,#2288);
#1922=AXIS2_PLACEMENT_3D('',#2885,#2289,#2290);
#1923=AXIS2_PLACEMENT_3D('',#2887,#2291,#2292);
#1924=AXIS2_PLACEMENT_3D('',#2889,#2293,#2294);
#1925=AXIS2_PLACEMENT_3D('',#2890,#2295,#2296);
#1926=AXIS2_PLACEMENT_3D('',#2891,#2297,#2298);
#1927=AXIS2_PLACEMENT_3D('',#2892,#2299,#2300);
#1928=AXIS2_PLACEMENT_3D('',#2899,#2301,#2302);
#1929=AXIS2_PLACEMENT_3D('',#2900,#2303,#2304);
#1930=AXIS2_PLACEMENT_3D('',#2901,#2305,#2306);
#1931=AXIS2_PLACEMENT_3D('',#2903,#2307,#2308);
#1932=AXIS2_PLACEMENT_3D('',#2904,#2309,#2310);
#1933=AXIS2_PLACEMENT_3D('',#2905,#2311,#2312);
#1934=AXIS2_PLACEMENT_3D('',#2907,#2313,#2314);
#1935=AXIS2_PLACEMENT_3D('',#2908,#2315,#2316);
#1936=AXIS2_PLACEMENT_3D('',#2909,#2317,#2318);
#1937=AXIS2_PLACEMENT_3D('',#2916,#2319,#2320);
#1938=AXIS2_PLACEMENT_3D('',#2917,#2321,#2322);
#1939=AXIS2_PLACEMENT_3D('',#2926,#2327,#2328);
#1940=AXIS2_PLACEMENT_3D('',#2932,#2332,#2333);
#1941=AXIS2_PLACEMENT_3D('',#2938,#2337,#2338);
#1942=AXIS2_PLACEMENT_3D('',#2941,#2341,#2342);
#1943=AXIS2_PLACEMENT_3D('',#2942,#2343,#2344);
#1944=AXIS2_PLACEMENT_3D('',#2948,#2348,#2349);
#1945=AXIS2_PLACEMENT_3D('',#2952,#2352,#2353);
#1946=AXIS2_PLACEMENT_3D('',#2956,#2356,#2357);
#1947=AXIS2_PLACEMENT_3D('',#2958,#2359,#2360);
#1948=AXIS2_PLACEMENT_3D('',#2964,#2364,#2365);
#1949=AXIS2_PLACEMENT_3D('',#2968,#2368,#2369);
#1950=AXIS2_PLACEMENT_3D('',#2972,#2372,#2373);
#1951=AXIS2_PLACEMENT_3D('',#2974,#2375,#2376);
#1952=AXIS2_PLACEMENT_3D('',#2980,#2380,#2381);
#1953=AXIS2_PLACEMENT_3D('',#2984,#2384,#2385);
#1954=AXIS2_PLACEMENT_3D('',#2988,#2388,#2389);
#1955=AXIS2_PLACEMENT_3D('',#2990,#2391,#2392);
#1956=AXIS2_PLACEMENT_3D('',#2996,#2396,#2397);
#1957=AXIS2_PLACEMENT_3D('',#3000,#2400,#2401);
#1958=AXIS2_PLACEMENT_3D('',#3004,#2404,#2405);
#1959=AXIS2_PLACEMENT_3D('',#3006,#2407,#2408);
#1960=AXIS2_PLACEMENT_3D('',#3007,#2409,#2410);
#1961=AXIS2_PLACEMENT_3D('',#3008,#2411,#2412);
#1962=AXIS2_PLACEMENT_3D('',#3009,#2413,#2414);
#1963=AXIS2_PLACEMENT_3D('',#3010,#2415,#2416);
#1964=AXIS2_PLACEMENT_3D('',#3011,#2417,#2418);
#1965=AXIS2_PLACEMENT_3D('',#3012,#2419,#2420);
#1966=AXIS2_PLACEMENT_3D('',#3013,#2421,#2422);
#1967=AXIS2_PLACEMENT_3D('',#3014,#2423,#2424);
#1968=AXIS2_PLACEMENT_3D('',#3015,#2425,#2426);
#1969=AXIS2_PLACEMENT_3D('',#3016,#2427,#2428);
#1970=AXIS2_PLACEMENT_3D('',#3017,#2429,#2430);
#1971=AXIS2_PLACEMENT_3D('',#3039,#2431,#2432);
#1972=AXIS2_PLACEMENT_3D('',#3040,#2433,#2434);
#1973=AXIS2_PLACEMENT_3D('',#3041,#2435,#2436);
#1974=AXIS2_PLACEMENT_3D('',#3042,#2437,#2438);
#1975=AXIS2_PLACEMENT_3D('',#3043,#2439,#2440);
#1976=AXIS2_PLACEMENT_3D('',#3044,#2441,#2442);
#1977=AXIS2_PLACEMENT_3D('',#3045,#2443,#2444);
#1978=AXIS2_PLACEMENT_3D('',#3046,#2445,#2446);
#1979=AXIS2_PLACEMENT_3D('',#3047,#2447,#2448);
#1980=AXIS2_PLACEMENT_3D('',#3090,#2449,#2450);
#1981=AXIS2_PLACEMENT_3D('',#3091,#2451,#2452);
#1982=AXIS2_PLACEMENT_3D('',#3092,#2453,#2454);
#1983=AXIS2_PLACEMENT_3D('',#3093,#2455,#2456);
#1984=AXIS2_PLACEMENT_3D('',#3094,#2457,#2458);
#1985=AXIS2_PLACEMENT_3D('',#3095,#2459,#2460);
#1986=AXIS2_PLACEMENT_3D('',#3096,#2461,#2462);
#1987=AXIS2_PLACEMENT_3D('',#3097,#2463,#2464);
#1988=AXIS2_PLACEMENT_3D('',#3098,#2465,#2466);
#1989=AXIS2_PLACEMENT_3D('',#3099,#2467,#2468);
#1990=AXIS2_PLACEMENT_3D('',#3100,#2469,#2470);
#1991=AXIS2_PLACEMENT_3D('',#3101,#2471,#2472);
#1992=AXIS2_PLACEMENT_3D('',#3102,#2473,#2474);
#1993=AXIS2_PLACEMENT_3D('',#3103,#2475,#2476);
#1994=AXIS2_PLACEMENT_3D('',#3104,#2477,#2478);
#1995=AXIS2_PLACEMENT_3D('',#3126,#2479,#2480);
#1996=AXIS2_PLACEMENT_3D('',#3127,#2481,#2482);
#1997=AXIS2_PLACEMENT_3D('',#3128,#2483,#2484);
#1998=AXIS2_PLACEMENT_3D('',#3129,#2485,#2486);
#1999=AXIS2_PLACEMENT_3D('',#3130,#2487,#2488);
#2000=AXIS2_PLACEMENT_3D('',#3131,#2489,#2490);
#2001=AXIS2_PLACEMENT_3D('',#3132,#2491,#2492);
#2002=AXIS2_PLACEMENT_3D('',#3133,#2493,#2494);
#2003=AXIS2_PLACEMENT_3D('',#3134,#2495,#2496);
#2004=AXIS2_PLACEMENT_3D('',#3135,#2497,#2498);
#2005=AXIS2_PLACEMENT_3D('',#3136,#2499,#2500);
#2006=AXIS2_PLACEMENT_3D('',#3137,#2501,#2502);
#2007=AXIS2_PLACEMENT_3D('',#3139,#2503,#2504);
#2008=AXIS2_PLACEMENT_3D('',#3140,#2505,#2506);
#2009=AXIS2_PLACEMENT_3D('',#3141,#2507,#2508);
#2010=AXIS2_PLACEMENT_3D('',#3142,#2509,#2510);
#2011=AXIS2_PLACEMENT_3D('',#3144,#2511,#2512);
#2012=AXIS2_PLACEMENT_3D('',#3145,#2513,#2514);
#2013=AXIS2_PLACEMENT_3D('',#3146,#2515,#2516);
#2014=AXIS2_PLACEMENT_3D('',#3148,#2518,#2519);
#2015=AXIS2_PLACEMENT_3D('',#3149,#2520,#2521);
#2016=AXIS2_PLACEMENT_3D('',#3150,#2522,#2523);
#2017=AXIS2_PLACEMENT_3D('',#3151,#2524,#2525);
#2018=AXIS2_PLACEMENT_3D('',#3152,#2526,#2527);
#2019=AXIS2_PLACEMENT_3D('',#3153,#2528,#2529);
#2020=AXIS2_PLACEMENT_3D('',#3154,#2530,#2531);
#2021=AXIS2_PLACEMENT_3D('',#3155,#2532,#2533);
#2022=AXIS2_PLACEMENT_3D('',#3156,#2534,#2535);
#2023=AXIS2_PLACEMENT_3D('',#3157,#2536,#2537);
#2024=AXIS2_PLACEMENT_3D('',#3158,#2538,#2539);
#2025=AXIS2_PLACEMENT_3D('',#3159,#2540,#2541);
#2026=AXIS2_PLACEMENT_3D('',#3160,#2542,#2543);
#2027=AXIS2_PLACEMENT_3D('',#3161,#2544,#2545);
#2028=AXIS2_PLACEMENT_3D('',#3162,#2546,#2547);
#2029=AXIS2_PLACEMENT_3D('',#3163,#2548,#2549);
#2030=AXIS2_PLACEMENT_3D('',#3164,#2550,#2551);
#2031=AXIS2_PLACEMENT_3D('',#3165,#2552,#2553);
#2032=AXIS2_PLACEMENT_3D('',#3166,#2554,#2555);
#2033=AXIS2_PLACEMENT_3D('',#3167,#2556,#2557);
#2034=AXIS2_PLACEMENT_3D('',#3168,#2558,#2559);
#2035=AXIS2_PLACEMENT_3D('',#3169,#2560,#2561);
#2036=AXIS2_PLACEMENT_3D('',#3170,#2562,#2563);
#2037=DIRECTION('',(0.,0.,1.));
#2038=DIRECTION('',(1.,0.,0.));
#2039=DIRECTION('',(-1.,0.,0.));
#2040=DIRECTION('',(0.,0.,1.));
#2041=DIRECTION('',(0.,1.,0.));
#2042=DIRECTION('',(0.,0.,-1.));
#2043=DIRECTION('',(0.,1.,0.));
#2044=DIRECTION('',(0.,0.,-1.));
#2045=DIRECTION('',(0.,0.,-1.));
#2046=DIRECTION('',(0.,1.,0.));
#2047=DIRECTION('',(0.,0.,-1.));
#2048=DIRECTION('',(0.,1.,0.));
#2049=DIRECTION('',(0.,0.,1.));
#2050=DIRECTION('',(0.,-1.,0.));
#2051=DIRECTION('',(0.,0.,1.));
#2052=DIRECTION('',(0.,-1.,0.));
#2053=DIRECTION('',(-1.,-1.85206301420339E-16,0.));
#2054=DIRECTION('',(1.85206301420339E-16,-1.,0.));
#2055=DIRECTION('',(1.85206301420339E-16,-1.,0.));
#2056=DIRECTION('',(0.,0.,1.));
#2057=DIRECTION('',(1.85206301420339E-16,-1.,0.));
#2058=DIRECTION('',(0.,0.,1.));
#2059=DIRECTION('',(1.85206301420339E-16,-1.,0.));
#2060=DIRECTION('',(0.,0.,1.));
#2061=DIRECTION('',(0.,0.,1.));
#2062=DIRECTION('',(1.85206301420339E-16,-1.,0.));
#2063=DIRECTION('',(0.,0.,1.));
#2064=DIRECTION('',(1.85206301420339E-16,-1.,0.));
#2065=DIRECTION('',(0.,0.,1.));
#2066=DIRECTION('',(1.85206301420339E-16,-1.,0.));
#2067=DIRECTION('',(0.,0.,1.));
#2068=DIRECTION('',(1.85206301420339E-16,-1.,0.));
#2069=DIRECTION('',(0.,0.,1.));
#2070=DIRECTION('',(1.85206301420339E-16,-1.,0.));
#2071=DIRECTION('',(0.,0.,1.));
#2072=DIRECTION('',(1.85206301420339E-16,-1.,0.));
#2073=DIRECTION('',(0.,-1.,0.));
#2074=DIRECTION('',(0.,0.,-1.));
#2075=DIRECTION('',(0.,0.,-1.));
#2076=DIRECTION('',(1.,0.,0.));
#2077=DIRECTION('',(1.,0.,0.));
#2078=DIRECTION('',(0.,0.,1.));
#2079=DIRECTION('',(1.,0.,0.));
#2080=DIRECTION('',(0.,0.,-1.));
#2081=DIRECTION('',(-1.,0.,0.));
#2082=DIRECTION('',(1.,0.,0.));
#2083=DIRECTION('',(0.,0.,-1.));
#2084=DIRECTION('',(1.,0.,0.));
#2085=DIRECTION('',(0.,0.,-1.));
#2086=DIRECTION('',(0.,-1.,0.));
#2087=DIRECTION('',(0.,0.,-1.));
#2088=DIRECTION('',(0.,0.,-1.));
#2089=DIRECTION('',(1.,0.,0.));
#2090=DIRECTION('',(0.,0.,-1.));
#2091=DIRECTION('',(1.,0.,0.));
#2092=DIRECTION('',(0.,0.,1.));
#2093=DIRECTION('',(1.,0.,0.));
#2094=DIRECTION('',(0.,0.,1.));
#2095=DIRECTION('',(1.,0.,0.));
#2096=DIRECTION('',(0.,-1.,0.));
#2097=DIRECTION('',(0.,0.,-1.));
#2098=DIRECTION('',(-1.,0.,0.));
#2099=DIRECTION('',(0.,0.,1.));
#2100=DIRECTION('',(-1.,0.,0.));
#2101=DIRECTION('',(0.,0.,1.));
#2102=DIRECTION('',(0.,0.,1.));
#2103=DIRECTION('',(1.,0.,0.));
#2104=DIRECTION('',(0.,0.,1.));
#2105=DIRECTION('',(1.,0.,0.));
#2106=DIRECTION('',(0.,0.,1.));
#2107=DIRECTION('',(1.,0.,0.));
#2108=DIRECTION('',(0.,-1.,0.));
#2109=DIRECTION('',(-1.,0.,0.));
#2110=DIRECTION('',(0.,-1.,0.));
#2111=DIRECTION('',(0.,-1.,0.));
#2112=DIRECTION('',(-1.,0.,0.));
#2113=DIRECTION('',(0.,-1.,0.));
#2114=DIRECTION('',(-1.,9.85918429085994E-17,0.));
#2115=DIRECTION('',(0.,-1.,0.));
#2116=DIRECTION('',(1.,2.1350442781253E-16,0.));
#2117=DIRECTION('',(0.,-1.,0.));
#2118=DIRECTION('',(-1.,0.,0.));
#2119=DIRECTION('',(0.,-1.,0.));
#2120=DIRECTION('',(-1.,0.,0.));
#2121=DIRECTION('',(0.,-1.,0.));
#2122=DIRECTION('',(-1.,-1.21132031783376E-16,0.));
#2123=DIRECTION('',(0.,-1.,0.));
#2124=DIRECTION('',(-1.,0.,0.));
#2125=DIRECTION('',(0.,-1.,0.));
#2126=DIRECTION('',(-1.,0.,0.));
#2127=DIRECTION('',(0.,-1.,0.));
#2128=DIRECTION('',(-1.,0.,0.));
#2129=DIRECTION('',(0.,-1.,0.));
#2130=DIRECTION('',(-1.,0.,0.));
#2131=DIRECTION('',(-1.,0.,0.));
#2132=DIRECTION('',(0.,0.,1.));
#2133=DIRECTION('',(0.,-1.,0.));
#2134=DIRECTION('',(0.,0.,1.));
#2135=DIRECTION('',(0.,-1.,0.));
#2136=DIRECTION('',(0.,0.,1.));
#2137=DIRECTION('',(0.,0.,1.));
#2138=DIRECTION('',(1.,0.,0.));
#2139=DIRECTION('',(0.,-1.,0.));
#2140=DIRECTION('',(1.,0.,0.));
#2141=DIRECTION('',(0.,-1.,0.));
#2142=DIRECTION('',(1.,0.,0.));
#2143=DIRECTION('',(-1.,0.,0.));
#2144=DIRECTION('',(0.,0.,1.));
#2145=DIRECTION('',(0.,0.,1.));
#2146=DIRECTION('',(0.,-1.,0.));
#2147=DIRECTION('',(0.,0.,1.));
#2148=DIRECTION('',(0.,-1.,0.));
#2149=DIRECTION('',(2.1350442781253E-16,-1.,0.));
#2150=DIRECTION('',(1.,2.1350442781253E-16,0.));
#2151=DIRECTION('',(1.,2.1350442781253E-16,0.));
#2152=DIRECTION('',(1.,2.1350442781253E-16,0.));
#2153=DIRECTION('',(1.,2.1350442781253E-16,0.));
#2154=DIRECTION('',(0.,0.,1.));
#2155=DIRECTION('',(0.,0.,1.));
#2156=DIRECTION('',(0.,0.,1.));
#2157=DIRECTION('',(1.,0.,0.));
#2158=DIRECTION('',(0.,-1.,0.));
#2159=DIRECTION('',(1.,0.,0.));
#2160=DIRECTION('',(0.,0.,-1.));
#2161=DIRECTION('',(-1.,0.,0.));
#2162=DIRECTION('',(1.,0.,0.));
#2163=DIRECTION('',(0.,0.,-1.));
#2164=DIRECTION('',(-1.,0.,0.));
#2165=DIRECTION('',(1.,0.,0.));
#2166=DIRECTION('',(0.,-1.,0.));
#2167=DIRECTION('',(1.,0.,0.));
#2168=DIRECTION('',(0.,0.,-1.));
#2169=DIRECTION('',(-1.,0.,0.));
#2170=DIRECTION('',(0.,0.,-1.));
#2171=DIRECTION('',(-1.,0.,0.));
#2172=DIRECTION('',(-1.,0.,0.));
#2173=DIRECTION('',(0.,0.,1.));
#2174=DIRECTION('',(0.,0.,1.));
#2175=DIRECTION('',(0.,-1.,0.));
#2176=DIRECTION('',(0.,0.,1.));
#2177=DIRECTION('',(9.85918429085994E-17,1.,0.));
#2178=DIRECTION('',(-1.,9.85918429085994E-17,0.));
#2179=DIRECTION('',(-1.,9.85918429085994E-17,0.));
#2180=DIRECTION('',(0.,0.,1.));
#2181=DIRECTION('',(0.,0.,-1.));
#2182=DIRECTION('',(1.,0.,0.));
#2183=DIRECTION('',(0.,-1.,0.));
#2184=DIRECTION('',(-1.,0.,0.));
#2185=DIRECTION('',(-1.,0.,0.));
#2186=DIRECTION('',(0.,0.,1.));
#2187=DIRECTION('',(0.,1.,0.));
#2188=DIRECTION('',(0.,0.,1.));
#2189=DIRECTION('',(0.,1.,0.));
#2190=DIRECTION('',(0.,0.,1.));
#2191=DIRECTION('',(0.,0.,1.));
#2192=DIRECTION('',(-1.,0.,0.));
#2193=DIRECTION('',(-1.,0.,0.));
#2194=DIRECTION('',(0.,0.,1.));
#2195=DIRECTION('',(0.,-1.,0.));
#2196=DIRECTION('',(0.,0.,-1.));
#2197=DIRECTION('',(1.,0.,0.));
#2198=DIRECTION('',(0.,1.,0.));
#2199=DIRECTION('',(0.,0.,1.));
#2200=DIRECTION('',(0.,0.,1.));
#2201=DIRECTION('',(-1.,0.,0.));
#2202=DIRECTION('',(0.,0.,1.));
#2203=DIRECTION('',(0.,0.,1.));
#2204=DIRECTION('',(1.,0.,0.));
#2205=DIRECTION('',(0.,0.,1.));
#2206=DIRECTION('',(1.,0.,0.));
#2207=DIRECTION('',(0.,0.,1.));
#2208=DIRECTION('',(1.,0.,0.));
#2209=DIRECTION('',(-1.,0.,0.));
#2210=DIRECTION('',(0.,0.,1.));
#2211=DIRECTION('',(0.,-1.,0.));
#2212=DIRECTION('',(-1.,0.,0.));
#2213=DIRECTION('',(0.,0.,1.));
#2214=DIRECTION('',(0.,-1.,0.));
#2215=DIRECTION('',(0.,0.,1.));
#2216=DIRECTION('',(1.,0.,0.));
#2217=DIRECTION('',(-1.,0.,0.));
#2218=DIRECTION('',(0.,0.,1.));
#2219=DIRECTION('',(0.,0.,1.));
#2220=DIRECTION('',(0.,0.,1.));
#2221=DIRECTION('',(0.,-1.,0.));
#2222=DIRECTION('',(0.,1.,0.));
#2223=DIRECTION('',(0.,0.,1.));
#2224=DIRECTION('',(-1.,0.,0.));
#2225=DIRECTION('',(0.,0.,1.));
#2226=DIRECTION('',(-1.,0.,0.));
#2227=DIRECTION('',(0.,0.,1.));
#2228=DIRECTION('',(0.,-1.,0.));
#2229=DIRECTION('',(0.,0.,1.));
#2230=DIRECTION('',(-1.21132031783376E-16,1.,0.));
#2231=DIRECTION('',(-1.,-1.21132031783376E-16,0.));
#2232=DIRECTION('',(-1.,-1.21132031783376E-16,0.));
#2233=DIRECTION('',(0.,0.,1.));
#2234=DIRECTION('',(1.,0.,0.));
#2235=DIRECTION('',(0.,0.,1.));
#2236=DIRECTION('',(1.,0.,0.));
#2237=DIRECTION('',(0.,0.,1.));
#2238=DIRECTION('',(1.,0.,0.));
#2239=DIRECTION('',(0.,0.,1.));
#2240=DIRECTION('',(1.,0.,0.));
#2241=DIRECTION('',(0.,0.,1.));
#2242=DIRECTION('',(1.,0.,0.));
#2243=DIRECTION('',(-1.,0.,0.));
#2244=DIRECTION('',(0.,0.,1.));
#2245=DIRECTION('',(0.,0.,1.));
#2246=DIRECTION('',(0.,0.,1.));
#2247=DIRECTION('',(0.,-1.,0.));
#2248=DIRECTION('',(0.,1.,0.));
#2249=DIRECTION('',(0.,0.,1.));
#2250=DIRECTION('',(-1.,0.,0.));
#2251=DIRECTION('',(0.,0.,1.));
#2252=DIRECTION('',(-1.,0.,0.));
#2253=DIRECTION('',(0.,0.,1.));
#2254=DIRECTION('',(0.,-1.,0.));
#2255=DIRECTION('',(0.,0.,1.));
#2256=DIRECTION('',(0.,1.,0.));
#2257=DIRECTION('',(0.,0.,1.));
#2258=DIRECTION('',(-1.,0.,0.));
#2259=DIRECTION('',(0.,0.,1.));
#2260=DIRECTION('',(1.,0.,0.));
#2261=DIRECTION('',(0.,0.,1.));
#2262=DIRECTION('',(1.,0.,0.));
#2263=DIRECTION('',(0.,0.,1.));
#2264=DIRECTION('',(1.,0.,0.));
#2265=DIRECTION('',(0.,0.,1.));
#2266=DIRECTION('',(1.,0.,0.));
#2267=DIRECTION('',(0.,0.,1.));
#2268=DIRECTION('',(1.,0.,0.));
#2269=DIRECTION('',(0.,0.,1.));
#2270=DIRECTION('',(1.,0.,0.));
#2271=DIRECTION('',(-1.,0.,0.));
#2272=DIRECTION('',(0.,0.,1.));
#2273=DIRECTION('',(0.,0.,1.));
#2274=DIRECTION('',(0.,0.,1.));
#2275=DIRECTION('',(0.,-1.,0.));
#2276=DIRECTION('',(0.,1.,0.));
#2277=DIRECTION('',(0.,0.,1.));
#2278=DIRECTION('',(-1.,0.,0.));
#2279=DIRECTION('',(0.,0.,1.));
#2280=DIRECTION('',(-1.,0.,0.));
#2281=DIRECTION('',(0.,0.,1.));
#2282=DIRECTION('',(0.,-1.,0.));
#2283=DIRECTION('',(0.,0.,1.));
#2284=DIRECTION('',(0.,1.,0.));
#2285=DIRECTION('',(0.,0.,1.));
#2286=DIRECTION('',(-1.,0.,0.));
#2287=DIRECTION('',(0.,0.,1.));
#2288=DIRECTION('',(1.,0.,0.));
#2289=DIRECTION('',(0.,0.,1.));
#2290=DIRECTION('',(1.,0.,0.));
#2291=DIRECTION('',(0.,0.,1.));
#2292=DIRECTION('',(1.,0.,0.));
#2293=DIRECTION('',(0.,0.,1.));
#2294=DIRECTION('',(1.,0.,0.));
#2295=DIRECTION('',(0.,0.,1.));
#2296=DIRECTION('',(1.,0.,0.));
#2297=DIRECTION('',(0.,0.,-1.));
#2298=DIRECTION('',(-1.,0.,0.));
#2299=DIRECTION('',(0.,0.,-1.));
#2300=DIRECTION('',(-1.,0.,0.));
#2301=DIRECTION('',(0.,0.,-1.));
#2302=DIRECTION('',(1.,0.,0.));
#2303=DIRECTION('',(0.,0.,-1.));
#2304=DIRECTION('',(-1.,0.,0.));
#2305=DIRECTION('',(0.,0.,-1.));
#2306=DIRECTION('',(-1.,0.,0.));
#2307=DIRECTION('',(0.,0.,-1.));
#2308=DIRECTION('',(1.,0.,0.));
#2309=DIRECTION('',(0.,0.,-1.));
#2310=DIRECTION('',(-1.,0.,0.));
#2311=DIRECTION('',(0.,0.,-1.));
#2312=DIRECTION('',(-1.,0.,0.));
#2313=DIRECTION('',(0.,0.,-1.));
#2314=DIRECTION('',(1.,0.,0.));
#2315=DIRECTION('',(0.,0.,-1.));
#2316=DIRECTION('',(-1.,0.,0.));
#2317=DIRECTION('',(0.,0.,-1.));
#2318=DIRECTION('',(-1.,0.,0.));
#2319=DIRECTION('',(0.,0.,-1.));
#2320=DIRECTION('',(1.,0.,0.));
#2321=DIRECTION('',(-1.,0.,0.));
#2322=DIRECTION('',(0.,0.,1.));
#2323=DIRECTION('',(0.,1.,0.));
#2324=DIRECTION('',(0.,0.,1.));
#2325=DIRECTION('',(0.,1.,0.));
#2326=DIRECTION('',(0.,0.,1.));
#2327=DIRECTION('',(0.,0.,-1.));
#2328=DIRECTION('',(-1.,0.,0.));
#2329=DIRECTION('',(-1.,0.,0.));
#2330=DIRECTION('',(0.,1.,0.));
#2331=DIRECTION('',(-1.,0.,0.));
#2332=DIRECTION('',(-1.,0.,0.));
#2333=DIRECTION('',(0.,0.,1.));
#2334=DIRECTION('',(0.,0.,1.));
#2335=DIRECTION('',(0.,1.,0.));
#2336=DIRECTION('',(0.,0.,1.));
#2337=DIRECTION('',(0.,0.,-1.));
#2338=DIRECTION('',(-1.,0.,0.));
#2339=DIRECTION('',(-1.,0.,0.));
#2340=DIRECTION('',(-1.,0.,0.));
#2341=DIRECTION('',(0.,1.,0.));
#2342=DIRECTION('',(-1.,0.,0.));
#2343=DIRECTION('',(0.,0.,-1.));
#2344=DIRECTION('',(-1.,0.,0.));
#2345=DIRECTION('',(0.,-1.,0.));
#2346=DIRECTION('',(1.,0.,0.));
#2347=DIRECTION('',(0.,-1.,0.));
#2348=DIRECTION('',(-1.,0.,0.));
#2349=DIRECTION('',(0.,0.,1.));
#2350=DIRECTION('',(0.,0.,-1.));
#2351=DIRECTION('',(0.,-1.,0.));
#2352=DIRECTION('',(0.,0.,-1.));
#2353=DIRECTION('',(-1.,0.,0.));
#2354=DIRECTION('',(1.,0.,0.));
#2355=DIRECTION('',(0.,-1.,0.));
#2356=DIRECTION('',(-1.,0.,0.));
#2357=DIRECTION('',(0.,0.,1.));
#2358=DIRECTION('',(0.,0.,-1.));
#2359=DIRECTION('',(0.,0.,-1.));
#2360=DIRECTION('',(-1.,0.,0.));
#2361=DIRECTION('',(1.,0.,0.));
#2362=DIRECTION('',(0.,1.,0.));
#2363=DIRECTION('',(1.,0.,0.));
#2364=DIRECTION('',(0.,-1.,0.));
#2365=DIRECTION('',(0.,0.,-1.));
#2366=DIRECTION('',(0.,0.,-1.));
#2367=DIRECTION('',(1.,0.,0.));
#2368=DIRECTION('',(0.,0.,-1.));
#2369=DIRECTION('',(-1.,0.,0.));
#2370=DIRECTION('',(0.,1.,0.));
#2371=DIRECTION('',(1.,0.,0.));
#2372=DIRECTION('',(0.,-1.,0.));
#2373=DIRECTION('',(0.,0.,-1.));
#2374=DIRECTION('',(0.,0.,-1.));
#2375=DIRECTION('',(0.,0.,-1.));
#2376=DIRECTION('',(-1.,0.,0.));
#2377=DIRECTION('',(1.,0.,0.));
#2378=DIRECTION('',(0.,1.,0.));
#2379=DIRECTION('',(1.,0.,0.));
#2380=DIRECTION('',(0.,-1.,0.));
#2381=DIRECTION('',(0.,0.,-1.));
#2382=DIRECTION('',(0.,0.,-1.));
#2383=DIRECTION('',(1.,0.,0.));
#2384=DIRECTION('',(0.,0.,-1.));
#2385=DIRECTION('',(-1.,0.,0.));
#2386=DIRECTION('',(0.,1.,0.));
#2387=DIRECTION('',(1.,0.,0.));
#2388=DIRECTION('',(0.,-1.,0.));
#2389=DIRECTION('',(0.,0.,-1.));
#2390=DIRECTION('',(0.,0.,-1.));
#2391=DIRECTION('',(0.,0.,-1.));
#2392=DIRECTION('',(-1.,0.,0.));
#2393=DIRECTION('',(1.,0.,0.));
#2394=DIRECTION('',(0.,1.,0.));
#2395=DIRECTION('',(1.,0.,0.));
#2396=DIRECTION('',(0.,-1.,0.));
#2397=DIRECTION('',(0.,0.,-1.));
#2398=DIRECTION('',(0.,0.,-1.));
#2399=DIRECTION('',(1.,0.,0.));
#2400=DIRECTION('',(0.,0.,-1.));
#2401=DIRECTION('',(-1.,0.,0.));
#2402=DIRECTION('',(0.,1.,0.));
#2403=DIRECTION('',(1.,0.,0.));
#2404=DIRECTION('',(0.,-1.,0.));
#2405=DIRECTION('',(0.,0.,-1.));
#2406=DIRECTION('',(0.,0.,-1.));
#2407=DIRECTION('',(0.,-1.,0.));
#2408=DIRECTION('',(0.,0.,-1.));
#2409=DIRECTION('',(-0.295788555409282,0.955253437831495,0.));
#2410=DIRECTION('',(0.955253437831495,0.295788555409282,0.));
#2411=DIRECTION('',(0.295788555409282,0.955253437831495,0.));
#2412=DIRECTION('',(-0.955253437831495,0.295788555409282,0.));
#2413=DIRECTION('',(-1.,0.,0.));
#2414=DIRECTION('',(0.,0.,1.));
#2415=DIRECTION('',(0.955253437831495,-0.295788555409282,0.));
#2416=DIRECTION('',(0.295788555409282,0.955253437831495,0.));
#2417=DIRECTION('',(0.955253437831495,0.295788555409282,0.));
#2418=DIRECTION('',(-0.295788555409282,0.955253437831495,0.));
#2419=DIRECTION('',(1.,0.,0.));
#2420=DIRECTION('',(0.,0.,-1.));
#2421=DIRECTION('',(-0.955253437831495,-0.295788555409282,0.));
#2422=DIRECTION('',(-0.295788555409282,0.955253437831495,0.));
#2423=DIRECTION('',(-0.955253437831495,0.295788555409282,0.));
#2424=DIRECTION('',(0.295788555409282,0.955253437831495,0.));
#2425=DIRECTION('',(0.,1.,0.));
#2426=DIRECTION('',(0.,0.,1.));
#2427=DIRECTION('',(0.295788555409282,-0.955253437831495,0.));
#2428=DIRECTION('',(0.955253437831495,0.295788555409282,0.));
#2429=DIRECTION('',(-0.295788555409282,-0.955253437831495,0.));
#2430=DIRECTION('',(-0.955253437831495,0.295788555409282,0.));
#2431=DIRECTION('',(0.,0.,-1.));
#2432=DIRECTION('',(-1.,0.,0.));
#2433=DIRECTION('',(0.,0.,-1.));
#2434=DIRECTION('',(-1.,0.,0.));
#2435=DIRECTION('',(0.,0.,-1.));
#2436=DIRECTION('',(-1.,0.,0.));
#2437=DIRECTION('',(0.,1.,0.));
#2438=DIRECTION('',(0.,0.,1.));
#2439=DIRECTION('',(0.,1.,0.));
#2440=DIRECTION('',(0.,0.,1.));
#2441=DIRECTION('',(0.,1.,0.));
#2442=DIRECTION('',(0.,0.,1.));
#2443=DIRECTION('',(0.,0.,1.));
#2444=DIRECTION('',(1.,0.,0.));
#2445=DIRECTION('',(0.,0.,1.));
#2446=DIRECTION('',(1.,0.,0.));
#2447=DIRECTION('',(0.,0.,1.));
#2448=DIRECTION('',(1.,0.,0.));
#2449=DIRECTION('',(0.,0.,-1.));
#2450=DIRECTION('',(-1.,0.,0.));
#2451=DIRECTION('',(0.,0.,-1.));
#2452=DIRECTION('',(-1.,0.,0.));
#2453=DIRECTION('',(0.,0.,-1.));
#2454=DIRECTION('',(-1.,0.,0.));
#2455=DIRECTION('',(-1.,0.,0.));
#2456=DIRECTION('',(0.,0.,1.));
#2457=DIRECTION('',(-1.,0.,0.));
#2458=DIRECTION('',(0.,0.,1.));
#2459=DIRECTION('',(-1.,0.,0.));
#2460=DIRECTION('',(0.,0.,1.));
#2461=DIRECTION('',(0.,0.,1.));
#2462=DIRECTION('',(1.,0.,0.));
#2463=DIRECTION('',(0.,0.,1.));
#2464=DIRECTION('',(1.,0.,0.));
#2465=DIRECTION('',(-0.707106781186548,0.,0.707106781186548));
#2466=DIRECTION('',(0.707106781186548,0.,0.707106781186548));
#2467=DIRECTION('',(0.707106781186548,0.,0.707106781186548));
#2468=DIRECTION('',(-0.707106781186548,0.,0.707106781186548));
#2469=DIRECTION('',(1.,0.,0.));
#2470=DIRECTION('',(0.,0.,-1.));
#2471=DIRECTION('',(0.707106781186548,0.,-0.707106781186548));
#2472=DIRECTION('',(-0.707106781186548,0.,-0.707106781186548));
#2473=DIRECTION('',(-1.,0.,0.));
#2474=DIRECTION('',(0.,0.,1.));
#2475=DIRECTION('',(-0.707106781186548,0.,-0.707106781186548));
#2476=DIRECTION('',(0.707106781186548,0.,-0.707106781186548));
#2477=DIRECTION('',(0.,0.,-1.));
#2478=DIRECTION('',(-1.,0.,0.));
#2479=DIRECTION('',(0.,0.,-1.));
#2480=DIRECTION('',(-1.,0.,0.));
#2481=DIRECTION('',(0.,0.,1.));
#2482=DIRECTION('',(1.,0.,0.));
#2483=DIRECTION('',(0.,0.,1.));
#2484=DIRECTION('',(1.,0.,0.));
#2485=DIRECTION('',(0.,-1.,0.));
#2486=DIRECTION('',(0.,0.,-1.));
#2487=DIRECTION('',(0.,-1.,0.));
#2488=DIRECTION('',(0.,0.,-1.));
#2489=DIRECTION('',(0.,-1.,0.));
#2490=DIRECTION('',(0.,0.,-1.));
#2491=DIRECTION('',(0.,0.,1.));
#2492=DIRECTION('',(1.,0.,0.));
#2493=DIRECTION('',(0.,0.,-1.));
#2494=DIRECTION('',(-1.,0.,0.));
#2495=DIRECTION('',(0.,0.707106781186548,-0.707106781186548));
#2496=DIRECTION('',(0.,-0.707106781186548,-0.707106781186548));
#2497=DIRECTION('',(0.,-0.707106781186548,-0.707106781186548));
#2498=DIRECTION('',(0.,0.707106781186548,-0.707106781186548));
#2499=DIRECTION('',(0.,-1.,0.));
#2500=DIRECTION('',(0.,0.,-1.));
#2501=DIRECTION('',(0.,-0.707106781186548,0.707106781186548));
#2502=DIRECTION('',(0.,0.707106781186548,0.707106781186548));
#2503=DIRECTION('',(0.,-0.707106781186548,-0.707106781186548));
#2504=DIRECTION('',(0.,0.707106781186548,-0.707106781186548));
#2505=DIRECTION('',(0.,-0.707106781186548,0.707106781186548));
#2506=DIRECTION('',(0.,0.707106781186548,0.707106781186548));
#2507=DIRECTION('',(0.,1.,0.));
#2508=DIRECTION('',(0.,0.,1.));
#2509=DIRECTION('',(0.,0.707106781186548,0.707106781186548));
#2510=DIRECTION('',(0.,-0.707106781186548,0.707106781186548));
#2511=DIRECTION('',(0.,0.707106781186548,0.707106781186548));
#2512=DIRECTION('',(0.,-0.707106781186548,0.707106781186548));
#2513=DIRECTION('',(0.,0.707106781186548,-0.707106781186548));
#2514=DIRECTION('',(0.,-0.707106781186548,-0.707106781186548));
#2515=DIRECTION('',(0.,0.,1.));
#2516=DIRECTION('',(1.,0.,0.));
#2517=DIRECTION('',(0.,0.,1.));
#2518=DIRECTION('',(0.,0.,-1.));
#2519=DIRECTION('',(-1.,0.,0.));
#2520=DIRECTION('',(0.,0.,1.));
#2521=DIRECTION('',(1.,0.,0.));
#2522=DIRECTION('',(0.,0.,-1.));
#2523=DIRECTION('',(-1.,0.,0.));
#2524=DIRECTION('',(0.,0.707106781186548,-0.707106781186548));
#2525=DIRECTION('',(0.,-0.707106781186548,-0.707106781186548));
#2526=DIRECTION('',(0.,-0.707106781186548,-0.707106781186548));
#2527=DIRECTION('',(0.,0.707106781186548,-0.707106781186548));
#2528=DIRECTION('',(0.,-1.,0.));
#2529=DIRECTION('',(0.,0.,-1.));
#2530=DIRECTION('',(0.,-0.707106781186548,0.707106781186548));
#2531=DIRECTION('',(0.,0.707106781186548,0.707106781186548));
#2532=DIRECTION('',(0.,1.,0.));
#2533=DIRECTION('',(0.,0.,1.));
#2534=DIRECTION('',(0.,0.707106781186548,0.707106781186548));
#2535=DIRECTION('',(0.,-0.707106781186548,0.707106781186548));
#2536=DIRECTION('',(0.,0.,1.));
#2537=DIRECTION('',(1.,0.,0.));
#2538=DIRECTION('',(0.,0.,1.));
#2539=DIRECTION('',(1.,0.,0.));
#2540=DIRECTION('',(-1.,0.,0.));
#2541=DIRECTION('',(0.,0.,1.));
#2542=DIRECTION('',(1.,0.,0.));
#2543=DIRECTION('',(0.,0.,-1.));
#2544=DIRECTION('',(-1.,0.,0.));
#2545=DIRECTION('',(0.,0.,1.));
#2546=DIRECTION('',(0.,0.,1.));
#2547=DIRECTION('',(1.,0.,0.));
#2548=DIRECTION('',(0.,0.,-1.));
#2549=DIRECTION('',(-1.,0.,0.));
#2550=DIRECTION('',(0.707106781186548,0.,-0.707106781186548));
#2551=DIRECTION('',(0.707106781186548,0.,0.707106781186548));
#2552=DIRECTION('',(-0.707106781186548,0.,-0.707106781186548));
#2553=DIRECTION('',(-0.707106781186548,0.,0.707106781186548));
#2554=DIRECTION('',(-1.,0.,0.));
#2555=DIRECTION('',(0.,0.,1.));
#2556=DIRECTION('',(-0.707106781186548,0.,0.707106781186548));
#2557=DIRECTION('',(0.707106781186548,0.,0.707106781186548));
#2558=DIRECTION('',(1.,0.,0.));
#2559=DIRECTION('',(0.,0.,-1.));
#2560=DIRECTION('',(0.707106781186548,0.,0.707106781186548));
#2561=DIRECTION('',(-0.707106781186548,0.,0.707106781186548));
#2562=DIRECTION('',(0.,0.,1.));
#2563=DIRECTION('',(1.,0.,0.));
#2564=CARTESIAN_POINT('',(0.,0.,0.));
#2565=CARTESIAN_POINT('',(0.0567149078828846,-0.00863626452086404,0.0352));
#2566=CARTESIAN_POINT('',(0.0567149078828846,-0.0144663881510496,0.0297058204412461));
#2567=CARTESIAN_POINT('',(0.0567149078828846,-0.0179094856828451,0.0297058204412461));
#2568=CARTESIAN_POINT('',(0.0567149078828846,-0.00946859193593264,0.0297058204412461));
#2569=CARTESIAN_POINT('',(0.0567149078828846,-0.00946859193593264,0.0149356266483664));
#2570=CARTESIAN_POINT('',(0.0567149078828846,-0.00946859193593264,0.0139356266483664));
#2571=CARTESIAN_POINT('',(0.0567149078828846,-0.00863626452086404,0.0139356266483664));
#2572=CARTESIAN_POINT('',(0.0567149078828846,-0.0179094856828451,0.0139356266483664));
#2573=CARTESIAN_POINT('',(0.0567149078828846,-0.0179094856828451,0.0352));
#2574=CARTESIAN_POINT('',(0.0567149078828846,-0.0182415360361338,0.0149356266483664));
#2575=CARTESIAN_POINT('',(0.0567149078828846,-0.0182415360361338,0.0297058204412461));
#2576=CARTESIAN_POINT('',(0.0567149078828846,-0.0182415360361338,0.0139356266483664));
#2577=CARTESIAN_POINT('',(0.0567149078828846,-0.00863626452086404,0.0139356266483664));
#2578=CARTESIAN_POINT('',(0.0567149078828846,-0.0226846335679292,0.0139356266483664));
#2579=CARTESIAN_POINT('',(0.0567149078828846,-0.0226846335679292,0.0352));
#2580=CARTESIAN_POINT('',(0.0567149078828846,-0.0226846335679292,0.0297058204412461));
#2581=CARTESIAN_POINT('',(0.0567149078828846,-0.0192415360361337,0.0297058204412461));
#2582=CARTESIAN_POINT('',(0.0567149078828846,-0.0506020194692278,0.0035));
#2583=CARTESIAN_POINT('',(0.0567149078828846,-0.0506020194692278,0.0367514718625762));
#2584=CARTESIAN_POINT('',(0.0567149078828846,-0.0506020194692278,0.0045));
#2585=CARTESIAN_POINT('',(0.0567149078828846,-0.00863626452086404,0.0045));
#2586=CARTESIAN_POINT('',(0.0567149078828846,0.0333294904274997,0.0045));
#2587=CARTESIAN_POINT('',(0.0567149078828846,0.0333294904274997,0.0352));
#2588=CARTESIAN_POINT('',(0.0567149078828846,0.0333294904274997,0.0367514718625762));
#2589=CARTESIAN_POINT('',(0.0567149078828846,-0.0516020194692278,0.0367514718625762));
#2590=CARTESIAN_POINT('',(0.0487149078828845,-0.00613626452086404,0.0035));
#2591=CARTESIAN_POINT('',(0.0487149078828845,-0.00613626452086404,0.0102));
#2592=CARTESIAN_POINT('',(0.0487149078828845,0.0313294904274997,0.0102));
#2593=CARTESIAN_POINT('',(0.0487149078828845,0.0143979805307722,0.0102));
#2594=CARTESIAN_POINT('',(0.0487149078828845,0.0313294904274997,0.0035));
#2595=CARTESIAN_POINT('',(0.0487149078828845,0.0313294904274997,0.0035));
#2596=CARTESIAN_POINT('',(0.0487149078828845,-0.00613626452086404,0.0035));
#2597=CARTESIAN_POINT('',(0.0487149078828846,-0.0436020194692278,0.0035));
#2598=CARTESIAN_POINT('',(0.0487149078828846,-0.0436020194692278,0.0035));
#2599=CARTESIAN_POINT('',(0.0487149078828846,-0.0436020194692278,0.0352));
#2600=CARTESIAN_POINT('',(0.0487149078828845,-0.00613626452086404,0.0352));
#2601=CARTESIAN_POINT('',(0.0487149078828845,0.0143979805307722,0.0352));
#2602=CARTESIAN_POINT('',(0.0487149078828845,0.0143979805307722,0.0102));
#2603=CARTESIAN_POINT('',(0.0487149078828845,-0.0104685919359326,0.0035));
#2604=CARTESIAN_POINT('',(0.0487149078828845,-0.0104685919359326,0.0149356266483664));
#2605=CARTESIAN_POINT('',(0.0487149078828845,-0.0104685919359326,0.0287058204412461));
#2606=CARTESIAN_POINT('',(0.0487149078828845,-0.00613626452086404,0.0287058204412461));
#2607=CARTESIAN_POINT('',(0.0487149078828845,-0.0129116894677281,0.0287058204412461));
#2608=CARTESIAN_POINT('',(0.0487149078828845,-0.0129116894677281,0.0035));
#2609=CARTESIAN_POINT('',(0.0487149078828845,-0.0129116894677281,0.0149356266483664));
#2610=CARTESIAN_POINT('',(0.0487149078828845,-0.00613626452086404,0.0149356266483664));
#2611=CARTESIAN_POINT('',(0.0487149078828845,-0.0144663881510496,0.0035));
#2612=CARTESIAN_POINT('',(0.0487149078828845,-0.0144663881510496,0.0149356266483664));
#2613=CARTESIAN_POINT('',(0.0487149078828845,-0.0144663881510496,0.0287058204412461));
#2614=CARTESIAN_POINT('',(0.0487149078828845,-0.00613626452086404,0.0287058204412461));
#2615=CARTESIAN_POINT('',(0.0487149078828845,-0.0169094856828451,0.0287058204412461));
#2616=CARTESIAN_POINT('',(0.0487149078828845,-0.0169094856828451,0.0035));
#2617=CARTESIAN_POINT('',(0.0487149078828845,-0.0169094856828451,0.0149356266483664));
#2618=CARTESIAN_POINT('',(0.0487149078828845,-0.00613626452086404,0.0149356266483664));
#2619=CARTESIAN_POINT('',(0.0487149078828845,-0.0192415360361337,0.0035));
#2620=CARTESIAN_POINT('',(0.0487149078828845,-0.0192415360361337,0.0149356266483664));
#2621=CARTESIAN_POINT('',(0.0487149078828845,-0.0192415360361337,0.0287058204412461));
#2622=CARTESIAN_POINT('',(0.0487149078828845,-0.00613626452086404,0.0287058204412461));
#2623=CARTESIAN_POINT('',(0.0487149078828845,-0.0216846335679293,0.0287058204412461));
#2624=CARTESIAN_POINT('',(0.0487149078828845,-0.0216846335679293,0.0035));
#2625=CARTESIAN_POINT('',(0.0487149078828845,-0.0216846335679293,0.0149356266483664));
#2626=CARTESIAN_POINT('',(0.0487149078828845,-0.00613626452086404,0.0149356266483664));
#2627=CARTESIAN_POINT('',(-3.50921171154636E-5,-0.0436020194692278,0.0035));
#2628=CARTESIAN_POINT('',(0.0469832941889763,-0.0436020194692278,0.0035));
#2629=CARTESIAN_POINT('',(0.0469832941889763,-0.0436020194692278,0.0352));
#2630=CARTESIAN_POINT('',(0.0469832941889763,-0.0436020194692278,0.0132));
#2631=CARTESIAN_POINT('',(-3.50921171154636E-5,-0.0436020194692278,0.0352));
#2632=CARTESIAN_POINT('',(-3.50921171154636E-5,-0.0436020194692278,0.0035));
#2633=CARTESIAN_POINT('',(-0.0487850921171155,-0.0436020194692278,0.0035));
#2634=CARTESIAN_POINT('',(-0.0487850921171155,-0.0436020194692278,0.0035));
#2635=CARTESIAN_POINT('',(-0.0487850921171155,-0.0436020194692278,0.0352));
#2636=CARTESIAN_POINT('',(-3.50921171154636E-5,-0.0436020194692278,0.0352));
#2637=CARTESIAN_POINT('',(0.0346149078828846,-0.0436020194692278,0.0352));
#2638=CARTESIAN_POINT('',(0.0346149078828846,-0.0436020194692278,0.0035));
#2639=CARTESIAN_POINT('',(0.0346149078828846,-0.0436020194692278,0.0132));
#2640=CARTESIAN_POINT('',(-3.50921171154636E-5,-0.0436020194692278,0.0132));
#2641=CARTESIAN_POINT('',(-3.50921171154636E-5,-0.0436020194692278,0.0202225763350725));
#2642=CARTESIAN_POINT('',(-0.00537271331995726,-0.0436020194692278,0.0202225763350725));
#2643=CARTESIAN_POINT('',(0.00802140031009913,-0.0436020194692278,0.0202225763350725));
#2644=CARTESIAN_POINT('',(-0.00537271331995726,-0.0436020194692278,0.0035));
#2645=CARTESIAN_POINT('',(-0.00537271331995726,-0.0436020194692278,0.0129701532423496));
#2646=CARTESIAN_POINT('',(-3.50921171154636E-5,-0.0436020194692278,0.0129701532423496));
#2647=CARTESIAN_POINT('',(0.00802140031009913,-0.0436020194692278,0.0129701532423496));
#2648=CARTESIAN_POINT('',(0.00802140031009913,-0.0436020194692278,0.0035));
#2649=CARTESIAN_POINT('',(-3.50921171154567E-5,-0.0516020194692278,0.0352));
#2650=CARTESIAN_POINT('',(0.00902140031009913,-0.0516020194692278,0.0352));
#2651=CARTESIAN_POINT('',(0.00902140031009913,-0.0516020194692278,0.0212225763350725));
#2652=CARTESIAN_POINT('',(0.00902140031009913,-0.0516020194692278,0.0119701532423496));
#2653=CARTESIAN_POINT('',(-0.00537271331995726,-0.0516020194692278,0.0119701532423496));
#2654=CARTESIAN_POINT('',(-0.00637271331995726,-0.0516020194692278,0.0119701532423496));
#2655=CARTESIAN_POINT('',(-0.00637271331995726,-0.0516020194692278,0.0202225763350725));
#2656=CARTESIAN_POINT('',(-0.00637271331995726,-0.0516020194692278,0.0212225763350725));
#2657=CARTESIAN_POINT('',(-3.50921171154567E-5,-0.0516020194692278,0.0212225763350725));
#2658=CARTESIAN_POINT('',(-0.0557850921171155,-0.0516020194692278,0.0352));
#2659=CARTESIAN_POINT('',(-0.0557850921171155,-0.0516020194692278,0.0367514718625762));
#2660=CARTESIAN_POINT('',(-0.0557850921171155,-0.0516020194692278,0.0045));
#2661=CARTESIAN_POINT('',(0.0567149078828846,-0.0516020194692278,0.0045));
#2662=CARTESIAN_POINT('',(0.0557149078828845,-0.0516020194692278,0.0045));
#2663=CARTESIAN_POINT('',(0.0557149078828845,-0.0516020194692278,0.0367514718625762));
#2664=CARTESIAN_POINT('',(0.0557149078828845,-0.0516020194692278,0.0367514718625762));
#2665=CARTESIAN_POINT('',(-3.50921171154567E-5,-0.0516020194692278,0.0367514718625762));
#2666=CARTESIAN_POINT('',(-3.50921171154705E-5,0.0343294904274997,0.0352));
#2667=CARTESIAN_POINT('',(-0.028208269422244,0.0343294904274997,0.0362));
#2668=CARTESIAN_POINT('',(0.043171730577756,0.0343294904274997,0.0362));
#2669=CARTESIAN_POINT('',(-0.029208269422244,0.0343294904274997,0.0362));
#2670=CARTESIAN_POINT('',(-0.029208269422244,0.0343294904274997,0.0352));
#2671=CARTESIAN_POINT('',(-0.029208269422244,0.0343294904274997,0.0092));
#2672=CARTESIAN_POINT('',(-3.50921171154705E-5,0.0343294904274997,0.0092));
#2673=CARTESIAN_POINT('',(0.043171730577756,0.0343294904274997,0.0092));
#2674=CARTESIAN_POINT('',(0.043171730577756,0.0343294904274997,0.0352));
#2675=CARTESIAN_POINT('',(0.0557149078828845,0.0343294904274997,0.0352));
#2676=CARTESIAN_POINT('',(0.0557149078828845,0.0343294904274997,0.0367514718625762));
#2677=CARTESIAN_POINT('',(0.0557149078828845,0.0343294904274997,0.0045));
#2678=CARTESIAN_POINT('',(-3.50921171154705E-5,0.0343294904274997,0.0045));
#2679=CARTESIAN_POINT('',(-0.0557850921171155,0.0343294904274997,0.0045));
#2680=CARTESIAN_POINT('',(-0.0557850921171155,0.0343294904274997,0.0367514718625762));
#2681=CARTESIAN_POINT('',(-0.0557850921171155,0.0343294904274997,0.0367514718625762));
#2682=CARTESIAN_POINT('',(0.0567149078828846,0.0343294904274997,0.0367514718625762));
#2683=CARTESIAN_POINT('',(-3.50921171154636E-5,-0.00863626452086404,0.0352));
#2684=CARTESIAN_POINT('',(0.0469832941889763,-0.00863626452086404,0.0352));
#2685=CARTESIAN_POINT('',(0.0469832941889763,-0.0315020194692278,0.0352));
#2686=CARTESIAN_POINT('',(-3.50921171154636E-5,-0.0315020194692278,0.0352));
#2687=CARTESIAN_POINT('',(0.0346149078828846,-0.0315020194692278,0.0352));
#2688=CARTESIAN_POINT('',(0.0346149078828846,-0.00863626452086404,0.0352));
#2689=CARTESIAN_POINT('',(-0.0487850921171155,-0.00613626452086404,0.0352));
#2690=CARTESIAN_POINT('',(-0.0487850921171155,0.0143979805307722,0.0352));
#2691=CARTESIAN_POINT('',(0.00698173057775602,0.0143979805307722,0.0352));
#2692=CARTESIAN_POINT('',(0.042171730577756,0.0143979805307722,0.0352));
#2693=CARTESIAN_POINT('',(0.042171730577756,0.0205837354791359,0.0352));
#2694=CARTESIAN_POINT('',(0.042171730577756,0.0267694904274997,0.0352));
#2695=CARTESIAN_POINT('',(0.00698173057775602,0.0267694904274997,0.0352));
#2696=CARTESIAN_POINT('',(-0.028208269422244,0.0267694904274997,0.0352));
#2697=CARTESIAN_POINT('',(-0.028208269422244,0.0290494904274997,0.0352));
#2698=CARTESIAN_POINT('',(-0.028208269422244,0.0313294904274997,0.0352));
#2699=CARTESIAN_POINT('',(-3.50921171154705E-5,0.0313294904274997,0.0352));
#2700=CARTESIAN_POINT('',(0.045941730577756,0.0313294904274997,0.0352));
#2701=CARTESIAN_POINT('',(0.045941730577756,0.022863735479136,0.0352));
#2702=CARTESIAN_POINT('',(0.045941730577756,0.0143979805307722,0.0352));
#2703=CARTESIAN_POINT('',(0.0473283192303203,0.0143979805307722,0.0352));
#2704=CARTESIAN_POINT('',(-0.0371850921171154,-0.00863626452086404,0.0352));
#2705=CARTESIAN_POINT('',(-0.0371850921171154,0.0119979805307722,0.0352));
#2706=CARTESIAN_POINT('',(-0.0371850921171154,0.00046469805769826,0.0352));
#2707=CARTESIAN_POINT('',(-3.50921171154636E-5,0.0119979805307722,0.0352));
#2708=CARTESIAN_POINT('',(-0.0479257904099444,0.0119979805307722,0.0352));
#2709=CARTESIAN_POINT('',(-0.0479257904099444,-0.00863626452086404,0.0352));
#2710=CARTESIAN_POINT('',(-0.0479257904099444,0.000464698057698259,0.0352));
#2711=CARTESIAN_POINT('',(-3.50921171154647E-5,0.000464698057698264,0.0352));
#2712=CARTESIAN_POINT('',(0.0473149078828845,-0.00863626452086404,0.0352));
#2713=CARTESIAN_POINT('',(0.0473149078828845,0.0139979805307722,0.0352));
#2714=CARTESIAN_POINT('',(0.0473149078828845,0.,0.0352));
#2715=CARTESIAN_POINT('',(-3.50921171154636E-5,0.0139979805307722,0.0352));
#2716=CARTESIAN_POINT('',(0.0363691039383411,0.0139979805307722,0.0352));
#2717=CARTESIAN_POINT('',(0.0363691039383411,-0.00863626452086404,0.0352));
#2718=CARTESIAN_POINT('',(0.0363691039383411,0.,0.0352));
#2719=CARTESIAN_POINT('',(-3.50921171154636E-5,0.,0.0352));
#2720=CARTESIAN_POINT('',(-0.0366850921171154,-0.00863626452086404,0.0352));
#2721=CARTESIAN_POINT('',(-0.0366850921171154,-0.0303573108030224,0.0352));
#2722=CARTESIAN_POINT('',(-0.0366850921171154,-0.0427020194692278,0.0352));
#2723=CARTESIAN_POINT('',(-3.50921171154636E-5,-0.0303573108030224,0.0352));
#2724=CARTESIAN_POINT('',(-0.0483285076916218,-0.0303573108030224,0.0352));
#2725=CARTESIAN_POINT('',(-0.0483285076916218,-0.00863626452086404,0.0352));
#2726=CARTESIAN_POINT('',(-0.0483285076916218,-0.0427020194692278,0.0352));
#2727=CARTESIAN_POINT('',(-3.50921171154636E-5,-0.0427020194692278,0.0352));
#2728=CARTESIAN_POINT('',(-0.0567850921171155,-0.00863626452086404,0.0352));
#2729=CARTESIAN_POINT('',(-0.0567850921171155,-0.0516020194692278,0.0045));
#2730=CARTESIAN_POINT('',(-0.0567850921171155,0.0333294904274997,0.0045));
#2731=CARTESIAN_POINT('',(-0.0567850921171155,-0.0506020194692278,0.0045));
#2732=CARTESIAN_POINT('',(-0.0567850921171155,-0.0506020194692278,0.0352));
#2733=CARTESIAN_POINT('',(-0.0567850921171155,-0.0506020194692278,0.0367514718625762));
#2734=CARTESIAN_POINT('',(-0.0567850921171155,-0.00863626452086404,0.0367514718625762));
#2735=CARTESIAN_POINT('',(-0.0567850921171155,0.0333294904274997,0.0367514718625762));
#2736=CARTESIAN_POINT('',(-0.0567850921171155,0.0333294904274997,0.0035));
#2737=CARTESIAN_POINT('',(-3.50921171154636E-5,-0.00863626452086404,0.0382));
#2738=CARTESIAN_POINT('',(-0.0553365639796916,-0.00863626452086404,0.0382));
#2739=CARTESIAN_POINT('',(-0.0553365639796916,0.0328809622900759,0.0382));
#2740=CARTESIAN_POINT('',(-0.0553365639796916,-0.0501534913318039,0.0382));
#2741=CARTESIAN_POINT('',(-3.50921171154636E-5,-0.0501534913318039,0.0382));
#2742=CARTESIAN_POINT('',(0.0552663797454607,-0.0501534913318039,0.0382));
#2743=CARTESIAN_POINT('',(0.0552663797454607,0.0343294904274997,0.0382));
#2744=CARTESIAN_POINT('',(0.0552663797454607,0.0328809622900759,0.0382));
#2745=CARTESIAN_POINT('',(-0.0567850921171155,0.0328809622900759,0.0382));
#2746=CARTESIAN_POINT('',(-0.0487850921171155,-0.00613626452086404,0.0035));
#2747=CARTESIAN_POINT('',(-0.0487850921171155,0.0313294904274997,0.0035));
#2748=CARTESIAN_POINT('',(-0.0487850921171155,0.0313294904274997,0.0035));
#2749=CARTESIAN_POINT('',(-0.0487850921171155,0.0313294904274997,0.0102));
#2750=CARTESIAN_POINT('',(-0.0487850921171155,-0.00613626452086404,0.0102));
#2751=CARTESIAN_POINT('',(-0.0487850921171155,0.0143979805307722,0.0102));
#2752=CARTESIAN_POINT('',(-0.0487850921171155,0.0143979805307722,0.0102));
#2753=CARTESIAN_POINT('',(-0.0487850921171155,-0.00613626452086404,0.0035));
#2754=CARTESIAN_POINT('',(-3.50921171154705E-5,0.0313294904274997,0.0035));
#2755=CARTESIAN_POINT('',(-3.50921171154705E-5,0.0313294904274997,0.0102));
#2756=CARTESIAN_POINT('',(-0.028208269422244,0.0313294904274997,0.0102));
#2757=CARTESIAN_POINT('',(-3.50921171154705E-5,0.0313294904274997,0.0035));
#2758=CARTESIAN_POINT('',(-3.50921171154705E-5,0.0313294904274997,0.0102));
#2759=CARTESIAN_POINT('',(0.045941730577756,0.0313294904274997,0.0102));
#2760=CARTESIAN_POINT('',(0.045941730577756,0.0313294904274997,0.0102));
#2761=CARTESIAN_POINT('',(-0.028208269422244,0.0313294904274997,0.0102));
#2762=CARTESIAN_POINT('',(-3.50921171154636E-5,-0.00863626452086404,0.0035));
#2763=CARTESIAN_POINT('',(-0.0557850921171155,0.0343294904274997,0.0035));
#2764=CARTESIAN_POINT('',(-0.0557850921171155,-0.0506020194692278,0.0035));
#2765=CARTESIAN_POINT('',(-0.0557850921171155,0.0333294904274997,0.0035));
#2766=CARTESIAN_POINT('',(-3.50921171154636E-5,0.0333294904274997,0.0035));
#2767=CARTESIAN_POINT('',(-0.0543909674494736,0.0333294904274997,0.0035));
#2768=CARTESIAN_POINT('',(-0.0531753580674673,0.0313769808038671,0.0035));
#2769=CARTESIAN_POINT('',(-0.0519597486854609,0.0333294904274997,0.0035));
#2770=CARTESIAN_POINT('',(-3.50921171154636E-5,0.0333294904274997,0.0035));
#2771=CARTESIAN_POINT('',(0.0513219209048347,0.0333294904274997,0.0035));
#2772=CARTESIAN_POINT('',(0.0525375302868411,0.0313769808038671,0.0035));
#2773=CARTESIAN_POINT('',(0.0537531396688474,0.0333294904274997,0.0035));
#2774=CARTESIAN_POINT('',(-3.50921171154636E-5,0.0333294904274997,0.0035));
#2775=CARTESIAN_POINT('',(0.0557149078828845,0.0333294904274997,0.0035));
#2776=CARTESIAN_POINT('',(0.0557149078828845,-0.00863626452086404,0.0035));
#2777=CARTESIAN_POINT('',(0.0557149078828845,-0.0506020194692278,0.0035));
#2778=CARTESIAN_POINT('',(-0.0557850921171155,-0.0506020194692278,0.0035));
#2779=CARTESIAN_POINT('',(0.0525375302868411,-0.0436020194692278,0.0035));
#2780=CARTESIAN_POINT('',(0.0502375302868411,-0.0436020194692278,0.0035));
#2781=CARTESIAN_POINT('',(-0.0531753580674673,-0.0436020194692278,0.0035));
#2782=CARTESIAN_POINT('',(-0.0554753580674673,-0.0436020194692278,0.0035));
#2783=CARTESIAN_POINT('',(0.042171730577756,0.0205837354791359,0.0102));
#2784=CARTESIAN_POINT('',(0.042171730577756,0.0143979805307722,0.0102));
#2785=CARTESIAN_POINT('',(0.042171730577756,0.0143979805307722,0.0102));
#2786=CARTESIAN_POINT('',(0.042171730577756,0.0205837354791359,0.0102));
#2787=CARTESIAN_POINT('',(0.042171730577756,0.0267694904274997,0.0102));
#2788=CARTESIAN_POINT('',(0.042171730577756,0.0267694904274997,0.0102));
#2789=CARTESIAN_POINT('',(0.00698173057775602,0.0267694904274997,0.0102));
#2790=CARTESIAN_POINT('',(0.00698173057775602,0.0267694904274997,0.0102));
#2791=CARTESIAN_POINT('',(-0.028208269422244,0.0267694904274997,0.0102));
#2792=CARTESIAN_POINT('',(-0.028208269422244,0.0267694904274997,0.0102));
#2793=CARTESIAN_POINT('',(-3.50921171154636E-5,-0.00863626452086404,0.0102));
#2794=CARTESIAN_POINT('',(-0.028208269422244,0.0290494904274997,0.0102));
#2795=CARTESIAN_POINT('',(0.00698173057775602,0.0143979805307722,0.0102));
#2796=CARTESIAN_POINT('',(-0.028208269422244,0.0290494904274997,0.0102));
#2797=CARTESIAN_POINT('',(0.00698173057775602,0.0143979805307722,0.0102));
#2798=CARTESIAN_POINT('',(0.0473283192303203,0.0143979805307722,0.0102));
#2799=CARTESIAN_POINT('',(0.045941730577756,0.0143979805307722,0.0102));
#2800=CARTESIAN_POINT('',(0.045941730577756,0.0143979805307722,0.0102));
#2801=CARTESIAN_POINT('',(0.0473283192303203,0.0143979805307722,0.0102));
#2802=CARTESIAN_POINT('',(0.045941730577756,0.022863735479136,0.0102));
#2803=CARTESIAN_POINT('',(0.045941730577756,0.022863735479136,0.0102));
#2804=CARTESIAN_POINT('',(-3.50921171154636E-5,-0.00863626452086404,0.0102));
#2805=CARTESIAN_POINT('',(0.0407991010359304,-0.0315020194692278,0.0132));
#2806=CARTESIAN_POINT('',(0.0469832941889763,-0.0315020194692278,0.0132));
#2807=CARTESIAN_POINT('',(0.0469832941889763,-0.0315020194692278,0.0132));
#2808=CARTESIAN_POINT('',(0.0407991010359304,-0.0315020194692278,0.0132));
#2809=CARTESIAN_POINT('',(0.0346149078828846,-0.0315020194692278,0.0132));
#2810=CARTESIAN_POINT('',(0.0346149078828846,-0.0315020194692278,0.0132));
#2811=CARTESIAN_POINT('',(0.0406964682042599,-0.0375888049602509,0.0132));
#2812=CARTESIAN_POINT('',(0.0406964682042599,-0.0375888049602509,0.0132));
#2813=CARTESIAN_POINT('',(0.0429964682042599,-0.0375888049602509,0.0132));
#2814=CARTESIAN_POINT('',(0.0406964682042599,-0.0375888049602509,0.0352));
#2815=CARTESIAN_POINT('',(0.0429964682042599,-0.0375888049602509,0.0352));
#2816=CARTESIAN_POINT('',(0.0469832941889763,-0.0376020194692278,0.0132));
#2817=CARTESIAN_POINT('',(0.0469832941889763,-0.0376020194692278,0.0132));
#2818=CARTESIAN_POINT('',(0.0346149078828846,-0.0376020194692278,0.0132));
#2819=CARTESIAN_POINT('',(0.0346149078828846,-0.0376020194692278,0.0132));
#2820=CARTESIAN_POINT('',(-3.50921171154636E-5,-0.00863626452086404,0.0132));
#2821=CARTESIAN_POINT('',(-0.0371850921171154,0.00623133929423525,0.0132));
#2822=CARTESIAN_POINT('',(-0.0371850921171154,0.0119979805307722,0.0132));
#2823=CARTESIAN_POINT('',(-0.0371850921171154,0.0119979805307722,0.0132));
#2824=CARTESIAN_POINT('',(-0.0371850921171154,0.00046469805769826,0.0132));
#2825=CARTESIAN_POINT('',(-0.0371850921171154,0.00046469805769826,0.0132));
#2826=CARTESIAN_POINT('',(-0.0371850921171154,0.00623133929423525,0.0132));
#2827=CARTESIAN_POINT('',(-0.04255544126353,0.0119979805307722,0.0132));
#2828=CARTESIAN_POINT('',(-0.04255544126353,0.0119979805307722,0.0132));
#2829=CARTESIAN_POINT('',(-0.0479257904099444,0.0119979805307722,0.0132));
#2830=CARTESIAN_POINT('',(-0.0479257904099444,0.0119979805307722,0.0132));
#2831=CARTESIAN_POINT('',(-0.0479257904099444,0.00623133929423524,0.0132));
#2832=CARTESIAN_POINT('',(-0.0479257904099444,0.00623133929423524,0.0132));
#2833=CARTESIAN_POINT('',(-0.0479257904099444,0.000464698057698259,0.0132));
#2834=CARTESIAN_POINT('',(-0.0479257904099444,0.000464698057698259,0.0132));
#2835=CARTESIAN_POINT('',(-0.0425554412635299,0.00046469805769826,0.0132));
#2836=CARTESIAN_POINT('',(-0.0425554412635299,0.00046469805769826,0.0132));
#2837=CARTESIAN_POINT('',(-0.0432328209280968,0.00583605282008648,0.0132));
#2838=CARTESIAN_POINT('',(-0.0432328209280968,0.00583605282008648,0.0132));
#2839=CARTESIAN_POINT('',(-0.0409328209280967,0.00583605282008648,0.0132));
#2840=CARTESIAN_POINT('',(-0.0432328209280968,0.00583605282008648,0.0352));
#2841=CARTESIAN_POINT('',(-0.0409328209280967,0.00583605282008648,0.0352));
#2842=CARTESIAN_POINT('',(-3.50921171154636E-5,-0.00863626452086404,0.0132));
#2843=CARTESIAN_POINT('',(-3.50921171154636E-5,-0.00863626452086404,0.0352));
#2844=CARTESIAN_POINT('',(0.0473149078828845,0.0069989902653861,0.0132));
#2845=CARTESIAN_POINT('',(0.0473149078828845,0.0139979805307722,0.0132));
#2846=CARTESIAN_POINT('',(0.0473149078828845,0.0139979805307722,0.0132));
#2847=CARTESIAN_POINT('',(0.0473149078828845,0.,0.0132));
#2848=CARTESIAN_POINT('',(0.0473149078828845,0.,0.0132));
#2849=CARTESIAN_POINT('',(0.0473149078828845,0.0069989902653861,0.0132));
#2850=CARTESIAN_POINT('',(0.0418420059106129,0.0139979805307722,0.0132));
#2851=CARTESIAN_POINT('',(0.0418420059106129,0.0139979805307722,0.0132));
#2852=CARTESIAN_POINT('',(0.0363691039383411,0.0139979805307722,0.0132));
#2853=CARTESIAN_POINT('',(0.0363691039383411,0.0139979805307722,0.0132));
#2854=CARTESIAN_POINT('',(0.0363691039383411,0.0069989902653861,0.0132));
#2855=CARTESIAN_POINT('',(0.0363691039383411,0.0069989902653861,0.0132));
#2856=CARTESIAN_POINT('',(0.0363691039383411,0.,0.0132));
#2857=CARTESIAN_POINT('',(0.0363691039383411,0.,0.0132));
#2858=CARTESIAN_POINT('',(0.0418420059106129,0.,0.0132));
#2859=CARTESIAN_POINT('',(0.0418420059106129,0.,0.0132));
#2860=CARTESIAN_POINT('',(0.0412104688584804,0.00790054909884929,0.0132));
#2861=CARTESIAN_POINT('',(0.0412104688584804,0.00790054909884929,0.0132));
#2862=CARTESIAN_POINT('',(0.0435104688584804,0.00790054909884929,0.0132));
#2863=CARTESIAN_POINT('',(0.0412104688584804,0.00790054909884929,0.0352));
#2864=CARTESIAN_POINT('',(0.0435104688584804,0.00790054909884929,0.0352));
#2865=CARTESIAN_POINT('',(-3.50921171154636E-5,-0.00863626452086404,0.0132));
#2866=CARTESIAN_POINT('',(-3.50921171154636E-5,-0.00863626452086404,0.0352));
#2867=CARTESIAN_POINT('',(-3.50921171154636E-5,-0.00863626452086404,0.0352));
#2868=CARTESIAN_POINT('',(-0.0366850921171154,-0.0365296651361251,0.0132));
#2869=CARTESIAN_POINT('',(-0.0366850921171154,-0.0303573108030224,0.0132));
#2870=CARTESIAN_POINT('',(-0.0366850921171154,-0.0303573108030224,0.0132));
#2871=CARTESIAN_POINT('',(-0.0366850921171154,-0.0427020194692278,0.0132));
#2872=CARTESIAN_POINT('',(-0.0366850921171154,-0.0427020194692278,0.0132));
#2873=CARTESIAN_POINT('',(-0.0366850921171154,-0.0365296651361251,0.0132));
#2874=CARTESIAN_POINT('',(-0.0425067999043686,-0.0303573108030224,0.0132));
#2875=CARTESIAN_POINT('',(-0.0425067999043686,-0.0303573108030224,0.0132));
#2876=CARTESIAN_POINT('',(-0.0483285076916218,-0.0303573108030224,0.0132));
#2877=CARTESIAN_POINT('',(-0.0483285076916218,-0.0303573108030224,0.0132));
#2878=CARTESIAN_POINT('',(-0.0483285076916218,-0.0365296651361251,0.0132));
#2879=CARTESIAN_POINT('',(-0.0483285076916218,-0.0365296651361251,0.0132));
#2880=CARTESIAN_POINT('',(-0.0483285076916218,-0.0427020194692278,0.0132));
#2881=CARTESIAN_POINT('',(-0.0483285076916218,-0.0427020194692278,0.0132));
#2882=CARTESIAN_POINT('',(-0.0425067999043686,-0.0427020194692278,0.0132));
#2883=CARTESIAN_POINT('',(-0.0425067999043686,-0.0427020194692278,0.0132));
#2884=CARTESIAN_POINT('',(-0.0427968166768551,-0.0366060845553875,0.0132));
#2885=CARTESIAN_POINT('',(-0.0427968166768551,-0.0366060845553875,0.0132));
#2886=CARTESIAN_POINT('',(-0.0404968166768551,-0.0366060845553875,0.0132));
#2887=CARTESIAN_POINT('',(-0.0427968166768551,-0.0366060845553875,0.0352));
#2888=CARTESIAN_POINT('',(-0.0404968166768551,-0.0366060845553875,0.0352));
#2889=CARTESIAN_POINT('',(-3.50921171154636E-5,-0.00863626452086404,0.0132));
#2890=CARTESIAN_POINT('',(-3.50921171154636E-5,-0.00863626452086404,0.0352));
#2891=CARTESIAN_POINT('',(0.0525375302868411,0.0313769808038671,0.0105));
#2892=CARTESIAN_POINT('',(0.0525375302868411,0.0313769808038671,0.0105));
#2893=CARTESIAN_POINT('',(0.0502375302868411,0.0313769808038671,0.0105));
#2894=CARTESIAN_POINT('',(0.0513219209048347,0.0333294904274997,0.0035));
#2895=CARTESIAN_POINT('',(0.051688293569818,0.0335575897123758,0.0035));
#2896=CARTESIAN_POINT('',(0.0525334867298999,0.0337964956995432,0.003624632307093));
#2897=CARTESIAN_POINT('',(0.0533871698664623,0.0335573388948904,0.0035));
#2898=CARTESIAN_POINT('',(0.0537531396688474,0.0333294904274997,0.0035));
#2899=CARTESIAN_POINT('',(-3.50921171154636E-5,-0.00863626452086404,0.0105));
#2900=CARTESIAN_POINT('',(-0.0531753580674673,-0.0436020194692278,0.0105));
#2901=CARTESIAN_POINT('',(-0.0531753580674673,-0.0436020194692278,0.0105));
#2902=CARTESIAN_POINT('',(-0.0554753580674673,-0.0436020194692278,0.0105));
#2903=CARTESIAN_POINT('',(-3.50921171154636E-5,-0.00863626452086404,0.0105));
#2904=CARTESIAN_POINT('',(0.0525375302868411,-0.0436020194692278,0.0105));
#2905=CARTESIAN_POINT('',(0.0525375302868411,-0.0436020194692278,0.0105));
#2906=CARTESIAN_POINT('',(0.0502375302868411,-0.0436020194692278,0.0105));
#2907=CARTESIAN_POINT('',(-3.50921171154636E-5,-0.00863626452086404,0.0105));
#2908=CARTESIAN_POINT('',(-0.0531753580674673,0.0313769808038671,0.0105));
#2909=CARTESIAN_POINT('',(-0.0531753580674673,0.0313769808038671,0.0105));
#2910=CARTESIAN_POINT('',(-0.0554753580674673,0.0313769808038671,0.0105));
#2911=CARTESIAN_POINT('',(-0.0543909674494736,0.0333294904274997,0.0035));
#2912=CARTESIAN_POINT('',(-0.0540245947844903,0.0335575897123758,0.0035));
#2913=CARTESIAN_POINT('',(-0.0531794016244084,0.0337964956995432,0.003624632307093));
#2914=CARTESIAN_POINT('',(-0.052325718487846,0.0335573388948904,0.0035));
#2915=CARTESIAN_POINT('',(-0.0519597486854609,0.0333294904274997,0.0035));
#2916=CARTESIAN_POINT('',(-3.50921171154636E-5,-0.00863626452086404,0.0105));
#2917=CARTESIAN_POINT('',(0.042171730577756,0.0323294904274997,0.0227));
#2918=CARTESIAN_POINT('',(0.042171730577756,0.0323294904274997,0.0352));
#2919=CARTESIAN_POINT('',(0.042171730577756,0.0323294904274997,0.0352));
#2920=CARTESIAN_POINT('',(0.042171730577756,0.0333294904274997,0.0352));
#2921=CARTESIAN_POINT('',(0.042171730577756,0.0333294904274997,0.0102));
#2922=CARTESIAN_POINT('',(0.042171730577756,0.0333294904274997,0.0102));
#2923=CARTESIAN_POINT('',(0.042171730577756,0.0323294904274997,0.0102));
#2924=CARTESIAN_POINT('',(0.042171730577756,0.0323294904274997,0.0102));
#2925=CARTESIAN_POINT('',(0.042171730577756,0.0323294904274997,0.0227));
#2926=CARTESIAN_POINT('',(0.00698173057775602,0.0323294904274997,0.0102));
#2927=CARTESIAN_POINT('',(0.00698173057775602,0.0333294904274997,0.0102));
#2928=CARTESIAN_POINT('',(-0.028208269422244,0.0333294904274997,0.0102));
#2929=CARTESIAN_POINT('',(-0.028208269422244,0.0323294904274997,0.0102));
#2930=CARTESIAN_POINT('',(-0.028208269422244,0.0323294904274997,0.0102));
#2931=CARTESIAN_POINT('',(0.00698173057775602,0.0323294904274997,0.0102));
#2932=CARTESIAN_POINT('',(-0.028208269422244,0.0323294904274997,0.0227));
#2933=CARTESIAN_POINT('',(-0.028208269422244,0.0333294904274997,0.0227));
#2934=CARTESIAN_POINT('',(-0.028208269422244,0.0333294904274997,0.0352));
#2935=CARTESIAN_POINT('',(-0.028208269422244,0.0323294904274997,0.0352));
#2936=CARTESIAN_POINT('',(-0.028208269422244,0.0323294904274997,0.0352));
#2937=CARTESIAN_POINT('',(-0.028208269422244,0.0323294904274997,0.0227));
#2938=CARTESIAN_POINT('',(0.00698173057775602,0.0323294904274997,0.0352));
#2939=CARTESIAN_POINT('',(0.042171730577756,0.0333294904274997,0.0352));
#2940=CARTESIAN_POINT('',(0.00698173057775602,0.0323294904274997,0.0352));
#2941=CARTESIAN_POINT('',(-3.50921171154636E-5,0.0323294904274997,0.02085));
#2942=CARTESIAN_POINT('',(0.00132434349507093,-0.0266020194692278,0.0202225763350725));
#2943=CARTESIAN_POINT('',(0.00802140031009913,-0.0266020194692278,0.0202225763350725));
#2944=CARTESIAN_POINT('',(0.00802140031009913,-0.0506020194692278,0.0202225763350725));
#2945=CARTESIAN_POINT('',(0.00132434349507093,-0.0506020194692278,0.0202225763350725));
#2946=CARTESIAN_POINT('',(-0.00537271331995726,-0.0506020194692278,0.0202225763350725));
#2947=CARTESIAN_POINT('',(-0.00537271331995726,-0.0266020194692278,0.0202225763350725));
#2948=CARTESIAN_POINT('',(-0.00537271331995726,-0.0266020194692278,0.0165963647887111));
#2949=CARTESIAN_POINT('',(-0.00537271331995726,-0.0506020194692278,0.0129701532423496));
#2950=CARTESIAN_POINT('',(-0.00537271331995726,-0.0506020194692278,0.0129701532423496));
#2951=CARTESIAN_POINT('',(-0.00537271331995726,-0.0266020194692278,0.0129701532423496));
#2952=CARTESIAN_POINT('',(0.00132434349507093,-0.0266020194692278,0.0129701532423496));
#2953=CARTESIAN_POINT('',(0.00802140031009913,-0.0506020194692278,0.0129701532423496));
#2954=CARTESIAN_POINT('',(0.00802140031009913,-0.0506020194692278,0.0129701532423496));
#2955=CARTESIAN_POINT('',(0.00802140031009913,-0.0266020194692278,0.0129701532423496));
#2956=CARTESIAN_POINT('',(0.00802140031009913,-0.0266020194692278,0.0165963647887111));
#2957=CARTESIAN_POINT('',(0.00802140031009913,-0.0506020194692278,0.0165963647887111));
#2958=CARTESIAN_POINT('',(0.0467149078828845,-0.0116901407018304,0.0287058204412461));
#2959=CARTESIAN_POINT('',(0.0467149078828845,-0.0104685919359326,0.0287058204412461));
#2960=CARTESIAN_POINT('',(0.0557149078828845,-0.0104685919359326,0.0287058204412461));
#2961=CARTESIAN_POINT('',(0.0557149078828845,-0.0129116894677281,0.0287058204412461));
#2962=CARTESIAN_POINT('',(0.0557149078828845,-0.0129116894677281,0.0287058204412461));
#2963=CARTESIAN_POINT('',(0.0467149078828845,-0.0129116894677281,0.0287058204412461));
#2964=CARTESIAN_POINT('',(0.0467149078828845,-0.0129116894677281,0.0218207235448062));
#2965=CARTESIAN_POINT('',(0.0557149078828845,-0.0129116894677281,0.0218207235448062));
#2966=CARTESIAN_POINT('',(0.0557149078828845,-0.0129116894677281,0.0149356266483664));
#2967=CARTESIAN_POINT('',(0.0467149078828845,-0.0129116894677281,0.0149356266483664));
#2968=CARTESIAN_POINT('',(0.0467149078828845,-0.0116901407018304,0.0149356266483664));
#2969=CARTESIAN_POINT('',(0.0557149078828845,-0.0116901407018304,0.0149356266483664));
#2970=CARTESIAN_POINT('',(0.0557149078828845,-0.0104685919359326,0.0149356266483664));
#2971=CARTESIAN_POINT('',(0.0467149078828845,-0.0104685919359326,0.0149356266483664));
#2972=CARTESIAN_POINT('',(0.0467149078828845,-0.0104685919359326,0.0218207235448062));
#2973=CARTESIAN_POINT('',(0.0557149078828845,-0.0104685919359326,0.0287058204412461));
#2974=CARTESIAN_POINT('',(0.0467149078828845,-0.0156879369169473,0.0287058204412461));
#2975=CARTESIAN_POINT('',(0.0467149078828845,-0.0144663881510496,0.0287058204412461));
#2976=CARTESIAN_POINT('',(0.0557149078828845,-0.0144663881510496,0.0287058204412461));
#2977=CARTESIAN_POINT('',(0.0557149078828845,-0.0169094856828451,0.0287058204412461));
#2978=CARTESIAN_POINT('',(0.0557149078828845,-0.0169094856828451,0.0287058204412461));
#2979=CARTESIAN_POINT('',(0.0467149078828845,-0.0169094856828451,0.0287058204412461));
#2980=CARTESIAN_POINT('',(0.0467149078828845,-0.0169094856828451,0.0218207235448062));
#2981=CARTESIAN_POINT('',(0.0557149078828845,-0.0169094856828451,0.0218207235448062));
#2982=CARTESIAN_POINT('',(0.0557149078828845,-0.0169094856828451,0.0149356266483664));
#2983=CARTESIAN_POINT('',(0.0467149078828845,-0.0169094856828451,0.0149356266483664));
#2984=CARTESIAN_POINT('',(0.0467149078828845,-0.0156879369169473,0.0149356266483664));
#2985=CARTESIAN_POINT('',(0.0557149078828845,-0.0156879369169473,0.0149356266483664));
#2986=CARTESIAN_POINT('',(0.0557149078828845,-0.0144663881510496,0.0149356266483664));
#2987=CARTESIAN_POINT('',(0.0467149078828845,-0.0144663881510496,0.0149356266483664));
#2988=CARTESIAN_POINT('',(0.0467149078828845,-0.0144663881510496,0.0218207235448062));
#2989=CARTESIAN_POINT('',(0.0557149078828845,-0.0144663881510496,0.0287058204412461));
#2990=CARTESIAN_POINT('',(0.0467149078828845,-0.0204630848020315,0.0287058204412461));
#2991=CARTESIAN_POINT('',(0.0467149078828845,-0.0192415360361337,0.0287058204412461));
#2992=CARTESIAN_POINT('',(0.0557149078828845,-0.0192415360361337,0.0287058204412461));
#2993=CARTESIAN_POINT('',(0.0557149078828845,-0.0216846335679293,0.0287058204412461));
#2994=CARTESIAN_POINT('',(0.0557149078828845,-0.0216846335679293,0.0287058204412461));
#2995=CARTESIAN_POINT('',(0.0467149078828845,-0.0216846335679293,0.0287058204412461));
#2996=CARTESIAN_POINT('',(0.0467149078828845,-0.0216846335679293,0.0218207235448062));
#2997=CARTESIAN_POINT('',(0.0557149078828845,-0.0216846335679293,0.0218207235448062));
#2998=CARTESIAN_POINT('',(0.0557149078828845,-0.0216846335679293,0.0149356266483664));
#2999=CARTESIAN_POINT('',(0.0467149078828845,-0.0216846335679293,0.0149356266483664));
#3000=CARTESIAN_POINT('',(0.0467149078828845,-0.0204630848020315,0.0149356266483664));
#3001=CARTESIAN_POINT('',(0.0557149078828845,-0.0204630848020315,0.0149356266483664));
#3002=CARTESIAN_POINT('',(0.0557149078828845,-0.0192415360361337,0.0149356266483664));
#3003=CARTESIAN_POINT('',(0.0467149078828845,-0.0192415360361337,0.0149356266483664));
#3004=CARTESIAN_POINT('',(0.0467149078828845,-0.0192415360361337,0.0218207235448062));
#3005=CARTESIAN_POINT('',(0.0557149078828845,-0.0192415360361337,0.0287058204412461));
#3006=CARTESIAN_POINT('',(-0.0553365639796916,-0.00863626452086404,0.0367514718625762));
#3007=CARTESIAN_POINT('',(-0.0553365639796916,-0.0501534913318039,0.0367514718625762));
#3008=CARTESIAN_POINT('',(-0.0553365639796916,0.0328809622900759,0.0367514718625762));
#3009=CARTESIAN_POINT('',(-3.50921171154705E-5,0.0328809622900759,0.0367514718625762));
#3010=CARTESIAN_POINT('',(0.0552663797454607,0.0328809622900759,0.0367514718625762));
#3011=CARTESIAN_POINT('',(-0.0553365639796916,0.0328809622900759,0.0367514718625762));
#3012=CARTESIAN_POINT('',(-3.50921171154636E-5,-0.0501534913318039,0.0367514718625762));
#3013=CARTESIAN_POINT('',(0.0552663797454607,-0.0501534913318039,0.0367514718625762));
#3014=CARTESIAN_POINT('',(-0.0553365639796916,-0.0501534913318039,0.0367514718625762));
#3015=CARTESIAN_POINT('',(0.0552663797454607,-0.00863626452086404,0.0367514718625762));
#3016=CARTESIAN_POINT('',(0.0552663797454607,0.0328809622900759,0.0367514718625762));
#3017=CARTESIAN_POINT('',(0.0552663797454607,-0.0501534913318039,0.0367514718625762));
#3018=CARTESIAN_POINT('',(-0.0553365639796916,0.0328809622900759,0.0382));
#3019=CARTESIAN_POINT('',(-0.0553365639796916,0.0328809622900759,0.0382));
#3020=CARTESIAN_POINT('',(-0.0553365639796916,0.0328809622900759,0.0382));
#3021=CARTESIAN_POINT('',(-0.0553952762242267,0.0330705743369565,0.0382));
#3022=CARTESIAN_POINT('',(-0.055460726117048,0.0330051244274331,0.0382000000027279));
#3023=CARTESIAN_POINT('',(-0.0555261760265722,0.032939674534611,0.0382));
#3024=CARTESIAN_POINT('',(-0.0555126731744588,0.0334497094936203,0.0381245769284362));
#3025=CARTESIAN_POINT('',(-0.0557190041113836,0.0332634024217674,0.0381769958201706));
#3026=CARTESIAN_POINT('',(-0.0559053111832361,0.033057071484843,0.0381245769284362));
#3027=CARTESIAN_POINT('',(-0.055661979154054,0.0339318953243901,0.0378024049165258));
#3028=CARTESIAN_POINT('',(-0.0561359852792806,0.033680383589665,0.0380424805671282));
#3029=CARTESIAN_POINT('',(-0.0563874970140058,0.0332063774644383,0.0378024049165258));
#3030=CARTESIAN_POINT('',(-0.0557617378126271,0.034254067361546,0.0373202189931892));
#3031=CARTESIAN_POINT('',(-0.0566041100230236,0.034148508333408,0.0376510289957693));
#3032=CARTESIAN_POINT('',(-0.0567096690511618,0.0333061361230113,0.0373202189931892));
#3033=CARTESIAN_POINT('',(-0.0557850921169525,0.0343294904274997,0.0369410840665398));
#3034=CARTESIAN_POINT('',(-0.0567850921081363,0.0343294904185202,0.0370719849859578));
#3035=CARTESIAN_POINT('',(-0.0567850921171155,0.0333294904273368,0.0369410840665398));
#3036=CARTESIAN_POINT('',(-0.0557850921171155,0.0343294904274997,0.0367514718625762));
#3037=CARTESIAN_POINT('',(-0.0567850921171155,0.0343294904274997,0.0367514718625762));
#3038=CARTESIAN_POINT('',(-0.0567850921171155,0.0333294904274997,0.0367514718625762));
#3039=CARTESIAN_POINT('',(-0.0557850921171155,0.0333294904274997,0.0367514718625762));
#3040=CARTESIAN_POINT('',(-0.0557850921171155,0.0333294904274997,0.0352));
#3041=CARTESIAN_POINT('',(-0.0557850921171155,0.0333294904274997,0.0045));
#3042=CARTESIAN_POINT('',(-0.0557850921171155,-0.00863626452086404,0.0045));
#3043=CARTESIAN_POINT('',(-0.0557850921171155,0.0333294904274997,0.0045));
#3044=CARTESIAN_POINT('',(-0.0557850921171155,-0.0506020194692278,0.0045));
#3045=CARTESIAN_POINT('',(-0.0557850921171155,-0.0506020194692278,0.0352));
#3046=CARTESIAN_POINT('',(-0.0557850921171155,-0.0506020194692278,0.0045));
#3047=CARTESIAN_POINT('',(-0.0557850921171155,-0.0506020194692278,0.0367514718625762));
#3048=CARTESIAN_POINT('',(-0.0553365639796916,-0.0501534913318039,0.0382));
#3049=CARTESIAN_POINT('',(-0.0553365639796916,-0.0501534913318039,0.0382));
#3050=CARTESIAN_POINT('',(-0.0553365639796916,-0.0501534913318039,0.0382));
#3051=CARTESIAN_POINT('',(-0.0555261760265722,-0.050212203576339,0.0382));
#3052=CARTESIAN_POINT('',(-0.055460726117048,-0.050277653469161,0.0382000000027279));
#3053=CARTESIAN_POINT('',(-0.0553952762242267,-0.0503431033786845,0.0382));
#3054=CARTESIAN_POINT('',(-0.055905311183236,-0.050329600526571,0.0381245769284362));
#3055=CARTESIAN_POINT('',(-0.0557190041113835,-0.0505359314634955,0.0381769958201706));
#3056=CARTESIAN_POINT('',(-0.0555126731744587,-0.0507222385353483,0.0381245769284362));
#3057=CARTESIAN_POINT('',(-0.0563874970140059,-0.0504789065061663,0.0378024049165258));
#3058=CARTESIAN_POINT('',(-0.0561359852792807,-0.050952912631393,0.0380424805671282));
#3059=CARTESIAN_POINT('',(-0.055661979154054,-0.0512044243661182,0.0378024049165258));
#3060=CARTESIAN_POINT('',(-0.0567096690511618,-0.0505786651647393,0.0373202189931892));
#3061=CARTESIAN_POINT('',(-0.0566041100230236,-0.0514210373751361,0.0376510289957693));
#3062=CARTESIAN_POINT('',(-0.0557617378126271,-0.0515265964032741,0.0373202189931892));
#3063=CARTESIAN_POINT('',(-0.0567850921171155,-0.0506020194690648,0.0369410840665398));
#3064=CARTESIAN_POINT('',(-0.0567850921081363,-0.0516020194602482,0.0370719849859579));
#3065=CARTESIAN_POINT('',(-0.0557850921169525,-0.0516020194692278,0.0369410840665398));
#3066=CARTESIAN_POINT('',(-0.0567850921171155,-0.0506020194692278,0.0367514718625762));
#3067=CARTESIAN_POINT('',(-0.0567850921171155,-0.0516020194692278,0.0367514718625762));
#3068=CARTESIAN_POINT('',(-0.0557850921171155,-0.0516020194692278,0.0367514718625762));
#3069=CARTESIAN_POINT('',(0.0552663797454607,-0.0501534913318039,0.0382));
#3070=CARTESIAN_POINT('',(0.0552663797454607,-0.0501534913318039,0.0382));
#3071=CARTESIAN_POINT('',(0.0552663797454607,-0.0501534913318039,0.0382));
#3072=CARTESIAN_POINT('',(0.0553250919899958,-0.0503431033786845,0.0382));
#3073=CARTESIAN_POINT('',(0.0553905418828168,-0.050277653469161,0.0382000000027279));
#3074=CARTESIAN_POINT('',(0.0554559917923413,-0.050212203576339,0.0382));
#3075=CARTESIAN_POINT('',(0.0554424889402278,-0.0507222385353483,0.0381245769284362));
#3076=CARTESIAN_POINT('',(0.0556488198771528,-0.0505359314634955,0.0381769958201706));
#3077=CARTESIAN_POINT('',(0.0558351269490051,-0.050329600526571,0.0381245769284362));
#3078=CARTESIAN_POINT('',(0.0555917949198231,-0.0512044243661182,0.0378024049165258));
#3079=CARTESIAN_POINT('',(0.0560658010450497,-0.0509529126313931,0.0380424805671282));
#3080=CARTESIAN_POINT('',(0.0563173127797749,-0.0504789065061663,0.0378024049165258));
#3081=CARTESIAN_POINT('',(0.0556915535783962,-0.0515265964032741,0.0373202189931892));
#3082=CARTESIAN_POINT('',(0.0565339257887927,-0.0514210373751355,0.0376510289957692));
#3083=CARTESIAN_POINT('',(0.0566394848169309,-0.0505786651647393,0.0373202189931892));
#3084=CARTESIAN_POINT('',(0.0557149078827216,-0.0516020194692278,0.0369410840665398));
#3085=CARTESIAN_POINT('',(0.0567149078739055,-0.0516020194602495,0.037071984985958));
#3086=CARTESIAN_POINT('',(0.0567149078828846,-0.0506020194690648,0.0369410840665398));
#3087=CARTESIAN_POINT('',(0.0557149078828846,-0.0516020194692278,0.0367514718625762));
#3088=CARTESIAN_POINT('',(0.0567149078828846,-0.0516020194692278,0.0367514718625762));
#3089=CARTESIAN_POINT('',(0.0567149078828846,-0.0506020194692278,0.0367514718625762));
#3090=CARTESIAN_POINT('',(0.0557149078828845,-0.0506020194692278,0.0367514718625762));
#3091=CARTESIAN_POINT('',(0.0557149078828845,-0.0506020194692278,0.0352));
#3092=CARTESIAN_POINT('',(0.0557149078828845,-0.0506020194692278,0.0045));
#3093=CARTESIAN_POINT('',(-3.50921171154567E-5,-0.0506020194692278,0.0045));
#3094=CARTESIAN_POINT('',(0.0557149078828845,-0.0506020194692278,0.0045));
#3095=CARTESIAN_POINT('',(-0.0557850921171155,-0.0506020194692278,0.0045));
#3096=CARTESIAN_POINT('',(-0.0557850921171155,-0.0506020194692278,0.0045));
#3097=CARTESIAN_POINT('',(-0.00637271331995726,-0.0506020194692278,0.0165963647887111));
#3098=CARTESIAN_POINT('',(-0.00637271331995726,-0.0506020194692278,0.0119701532423496));
#3099=CARTESIAN_POINT('',(-0.00637271331995726,-0.0506020194692278,0.0212225763350725));
#3100=CARTESIAN_POINT('',(-3.50921171154567E-5,-0.0506020194692278,0.0212225763350725));
#3101=CARTESIAN_POINT('',(0.00902140031009913,-0.0506020194692278,0.0212225763350725));
#3102=CARTESIAN_POINT('',(0.00132434349507093,-0.0506020194692278,0.0119701532423496));
#3103=CARTESIAN_POINT('',(0.00902140031009913,-0.0506020194692278,0.0119701532423496));
#3104=CARTESIAN_POINT('',(0.00902140031009913,-0.0506020194692278,0.0352));
#3105=CARTESIAN_POINT('',(0.0552663797454607,0.0328809622900759,0.0382));
#3106=CARTESIAN_POINT('',(0.0552663797454607,0.0328809622900759,0.0382));
#3107=CARTESIAN_POINT('',(0.0552663797454607,0.0328809622900759,0.0382));
#3108=CARTESIAN_POINT('',(0.0554559917923413,0.032939674534611,0.0382));
#3109=CARTESIAN_POINT('',(0.0553905418828168,0.0330051244274331,0.0382000000027279));
#3110=CARTESIAN_POINT('',(0.0553250919899958,0.0330705743369565,0.0382));
#3111=CARTESIAN_POINT('',(0.0558351269490051,0.033057071484843,0.0381245769284362));
#3112=CARTESIAN_POINT('',(0.0556488198771528,0.0332634024217674,0.0381769958201706));
#3113=CARTESIAN_POINT('',(0.0554424889402279,0.0334497094936203,0.0381245769284362));
#3114=CARTESIAN_POINT('',(0.0563173127797749,0.0332063774644383,0.0378024049165258));
#3115=CARTESIAN_POINT('',(0.0560658010450497,0.0336803835896651,0.0380424805671282));
#3116=CARTESIAN_POINT('',(0.0555917949198231,0.0339318953243901,0.0378024049165258));
#3117=CARTESIAN_POINT('',(0.0566394848169309,0.0333061361230113,0.0373202189931892));
#3118=CARTESIAN_POINT('',(0.0565339257887927,0.0341485083334075,0.0376510289957692));
#3119=CARTESIAN_POINT('',(0.0556915535783962,0.034254067361546,0.0373202189931892));
#3120=CARTESIAN_POINT('',(0.0567149078828846,0.0333294904273368,0.0369410840665398));
#3121=CARTESIAN_POINT('',(0.0567149078739055,0.0343294904185215,0.0370719849859579));
#3122=CARTESIAN_POINT('',(0.0557149078827216,0.0343294904274997,0.0369410840665398));
#3123=CARTESIAN_POINT('',(0.0567149078828846,0.0333294904274997,0.0367514718625762));
#3124=CARTESIAN_POINT('',(0.0567149078828846,0.0343294904274997,0.0367514718625762));
#3125=CARTESIAN_POINT('',(0.0557149078828846,0.0343294904274997,0.0367514718625762));
#3126=CARTESIAN_POINT('',(0.0557149078828846,0.0333294904274997,0.0367514718625762));
#3127=CARTESIAN_POINT('',(0.0557149078828845,0.0333294904274997,0.0352));
#3128=CARTESIAN_POINT('',(0.0557149078828845,0.0333294904274997,0.0045));
#3129=CARTESIAN_POINT('',(0.0557149078828845,-0.00863626452086404,0.0045));
#3130=CARTESIAN_POINT('',(0.0557149078828845,0.0333294904274997,0.0045));
#3131=CARTESIAN_POINT('',(0.0557149078828845,-0.0506020194692278,0.0045));
#3132=CARTESIAN_POINT('',(0.0557149078828845,-0.0506020194692278,0.0045));
#3133=CARTESIAN_POINT('',(0.0557149078828845,-0.0179094856828451,0.0218207235448062));
#3134=CARTESIAN_POINT('',(0.0557149078828845,-0.0179094856828451,0.0139356266483664));
#3135=CARTESIAN_POINT('',(0.0557149078828845,-0.0179094856828451,0.0297058204412461));
#3136=CARTESIAN_POINT('',(0.0557149078828845,-0.00863626452086404,0.0297058204412461));
#3137=CARTESIAN_POINT('',(0.0557149078828845,-0.0134663881510496,0.0297058204412461));
#3138=CARTESIAN_POINT('',(0.056689806177242,-0.0136890388093889,0.0294831697829067));
#3139=CARTESIAN_POINT('',(0.0557149078828845,-0.0139116894677281,0.0297058204412461));
#3140=CARTESIAN_POINT('',(0.0557149078828845,-0.00946859193593264,0.0297058204412461));
#3141=CARTESIAN_POINT('',(0.0557149078828845,-0.0156879369169473,0.0139356266483664));
#3142=CARTESIAN_POINT('',(0.0557149078828845,-0.0134663881510496,0.0139356266483664));
#3143=CARTESIAN_POINT('',(0.056689806177242,-0.0136890388093889,0.0141582773067057));
#3144=CARTESIAN_POINT('',(0.0557149078828845,-0.00946859193593264,0.0139356266483664));
#3145=CARTESIAN_POINT('',(0.0557149078828845,-0.0139116894677281,0.0139356266483664));
#3146=CARTESIAN_POINT('',(0.0557149078828845,-0.0134663881510496,0.0352));
#3147=CARTESIAN_POINT('',(0.056689806177242,-0.0136890388093889,0.0218207235448062));
#3148=CARTESIAN_POINT('',(0.0557149078828845,-0.0139116894677281,0.0218207235448062));
#3149=CARTESIAN_POINT('',(0.0557149078828845,-0.00946859193593264,0.0352));
#3150=CARTESIAN_POINT('',(0.0557149078828845,-0.0226846335679292,0.0218207235448062));
#3151=CARTESIAN_POINT('',(0.0557149078828845,-0.0226846335679292,0.0139356266483664));
#3152=CARTESIAN_POINT('',(0.0557149078828845,-0.0226846335679292,0.0297058204412461));
#3153=CARTESIAN_POINT('',(0.0557149078828845,-0.00863626452086404,0.0297058204412461));
#3154=CARTESIAN_POINT('',(0.0557149078828845,-0.0182415360361338,0.0297058204412461));
#3155=CARTESIAN_POINT('',(0.0557149078828845,-0.0204630848020315,0.0139356266483664));
#3156=CARTESIAN_POINT('',(0.0557149078828845,-0.0182415360361338,0.0139356266483664));
#3157=CARTESIAN_POINT('',(0.0557149078828845,-0.0182415360361338,0.0352));
#3158=CARTESIAN_POINT('',(0.0557149078828845,0.0333294904274997,0.0045));
#3159=CARTESIAN_POINT('',(0.0557149078828845,0.0333294904274997,0.0045));
#3160=CARTESIAN_POINT('',(-3.50921171154636E-5,0.0333294904274997,0.0045));
#3161=CARTESIAN_POINT('',(-0.0557850921171155,0.0333294904274997,0.0045));
#3162=CARTESIAN_POINT('',(-0.0557850921171155,0.0333294904274997,0.0045));
#3163=CARTESIAN_POINT('',(0.043171730577756,0.0333294904274997,0.0352));
#3164=CARTESIAN_POINT('',(0.043171730577756,0.0333294904274997,0.0362));
#3165=CARTESIAN_POINT('',(0.043171730577756,0.0333294904274997,0.0092));
#3166=CARTESIAN_POINT('',(0.00698173057775602,0.0333294904274997,0.0092));
#3167=CARTESIAN_POINT('',(-0.029208269422244,0.0333294904274997,0.0092));
#3168=CARTESIAN_POINT('',(-3.50921171154705E-5,0.0333294904274997,0.0362));
#3169=CARTESIAN_POINT('',(-0.029208269422244,0.0333294904274997,0.0362));
#3170=CARTESIAN_POINT('',(-0.029208269422244,0.0333294904274997,0.0227));
#3171=MECHANICAL_DESIGN_GEOMETRIC_PRESENTATION_REPRESENTATION('',(#1856),
#3172);
#3172=(
GEOMETRIC_REPRESENTATION_CONTEXT(3)
GLOBAL_UNCERTAINTY_ASSIGNED_CONTEXT((#3173))
GLOBAL_UNIT_ASSIGNED_CONTEXT((#3176,#3175,#3174))
REPRESENTATION_CONTEXT('Part 1','TOP_LEVEL_ASSEMBLY_PART')
);
#3173=UNCERTAINTY_MEASURE_WITH_UNIT(LENGTH_MEASURE(2.E-5),#3176,
'DISTANCE_ACCURACY_VALUE','Maximum Tolerance applied to model');
#3174=(
NAMED_UNIT(*)
SI_UNIT($,.STERADIAN.)
SOLID_ANGLE_UNIT()
);
#3175=(
NAMED_UNIT(*)
PLANE_ANGLE_UNIT()
SI_UNIT($,.RADIAN.)
);
#3176=(
LENGTH_UNIT()
NAMED_UNIT(*)
SI_UNIT($,.METRE.)
);
#3177=PRODUCT_DEFINITION_SHAPE('','',#3178);
#3178=PRODUCT_DEFINITION('','',#3180,#3179);
#3179=PRODUCT_DEFINITION_CONTEXT('',#3186,'design');
#3180=PRODUCT_DEFINITION_FORMATION_WITH_SPECIFIED_SOURCE('','',#3182,
 .NOT_KNOWN.);
#3181=PRODUCT_RELATED_PRODUCT_CATEGORY('','',(#3182));
#3182=PRODUCT('Part 1','Part 1','Part 1',(#3184));
#3183=PRODUCT_CATEGORY('','');
#3184=PRODUCT_CONTEXT('',#3186,'mechanical');
#3185=APPLICATION_PROTOCOL_DEFINITION('international standard',
'ap242_managed_model_based_3d_engineering',2020,#3186);
#3186=APPLICATION_CONTEXT('managed model based 3d engineering');
ENDSEC;
END-ISO-10303-21;
