ISO-10303-21;
HEADER;
/* Generated by software containing ST-Developer
 * from STEP Tools, Inc. (www.steptools.com) 
 */
/* OPTION: using custom renumber hook */

FILE_DESCRIPTION(
/* description */ ('STEP AP242 Edition 2',
'CAx-IF Rec.Pracs.---Representation and Presentation of Product Manufa
cturing Information (PMI)---4.0---2014-10-13',
'CAx-IF Rec.Pracs.---3D Tessellated Geometry---0.4---2014-09-14','2;1',
'CAx-IF Rec.Pracs.---User Defined Attributes---1.5---2016-08-15'),
/* implementation_level */ '2;1');

FILE_NAME(
/* name */ 'Part Studio 17 - Part 1',
/* time_stamp */ '2026-09-18T05:15:29Z',
/* author */ (''),
/* organization */ (''),
/* preprocessor_version */ 'ST-DEVELOPER v20',
/* originating_system */ 'ONSHAPE BY PTC INC, 1.220',
/* authorisation */ '  ');

FILE_SCHEMA (('AP242_MANAGED_MODEL_BASED_3D_ENGINEERING_MIM_LF { 1 0 10303 442 3 1 4 }'));
ENDSEC;

DATA;
#10=SHAPE_REPRESENTATION_RELATIONSHIP('','',#3950,#11);
#11=ADVANCED_BREP_SHAPE_REPRESENTATION('',(#3948),#6666);
#12=B_SPLINE_SURFACE_WITH_KNOTS('',3,1,((#6093,#6094),(#6095,#6096),(#6097,
#6098),(#6099,#6100)),.SURF_OF_LINEAR_EXTRUSION.,.F.,.F.,.F.,(4,4),(2,2),
(0.,1.),(0.,1.),.PIECEWISE_BEZIER_KNOTS.);
#13=B_SPLINE_SURFACE_WITH_KNOTS('',3,1,((#6110,#6111),(#6112,#6113),(#6114,
#6115),(#6116,#6117)),.SURF_OF_LINEAR_EXTRUSION.,.F.,.F.,.F.,(4,4),(2,2),
(0.,1.),(0.,1.),.PIECEWISE_BEZIER_KNOTS.);
#14=B_SPLINE_SURFACE_WITH_KNOTS('',3,1,((#6127,#6128),(#6129,#6130),(#6131,
#6132),(#6133,#6134)),.SURF_OF_LINEAR_EXTRUSION.,.F.,.F.,.F.,(4,4),(2,2),
(0.,1.),(0.,1.),.PIECEWISE_BEZIER_KNOTS.);
#15=B_SPLINE_SURFACE_WITH_KNOTS('',3,1,((#6144,#6145),(#6146,#6147),(#6148,
#6149),(#6150,#6151)),.SURF_OF_LINEAR_EXTRUSION.,.F.,.F.,.F.,(4,4),(2,2),
(0.,1.),(0.,1.),.PIECEWISE_BEZIER_KNOTS.);
#16=B_SPLINE_SURFACE_WITH_KNOTS('',3,1,((#6185,#6186),(#6187,#6188),(#6189,
#6190),(#6191,#6192)),.SURF_OF_LINEAR_EXTRUSION.,.F.,.F.,.F.,(4,4),(2,2),
(0.,1.),(0.,1.),.PIECEWISE_BEZIER_KNOTS.);
#17=B_SPLINE_SURFACE_WITH_KNOTS('',3,1,((#6198,#6199),(#6200,#6201),(#6202,
#6203),(#6204,#6205)),.SURF_OF_LINEAR_EXTRUSION.,.F.,.F.,.F.,(4,4),(2,2),
(0.,1.),(0.,1.),.PIECEWISE_BEZIER_KNOTS.);
#18=B_SPLINE_SURFACE_WITH_KNOTS('',3,1,((#6211,#6212),(#6213,#6214),(#6215,
#6216),(#6217,#6218)),.SURF_OF_LINEAR_EXTRUSION.,.F.,.F.,.F.,(4,4),(2,2),
(0.,1.),(0.,1.),.PIECEWISE_BEZIER_KNOTS.);
#19=B_SPLINE_SURFACE_WITH_KNOTS('',3,1,((#6224,#6225),(#6226,#6227),(#6228,
#6229),(#6230,#6231)),.SURF_OF_LINEAR_EXTRUSION.,.F.,.F.,.F.,(4,4),(2,2),
(0.,1.),(0.,1.),.PIECEWISE_BEZIER_KNOTS.);
#20=B_SPLINE_SURFACE_WITH_KNOTS('',3,1,((#6237,#6238),(#6239,#6240),(#6241,
#6242),(#6243,#6244)),.SURF_OF_LINEAR_EXTRUSION.,.F.,.F.,.F.,(4,4),(2,2),
(0.,1.),(0.,1.),.PIECEWISE_BEZIER_KNOTS.);
#21=B_SPLINE_SURFACE_WITH_KNOTS('',3,1,((#6250,#6251),(#6252,#6253),(#6254,
#6255),(#6256,#6257)),.SURF_OF_LINEAR_EXTRUSION.,.F.,.F.,.F.,(4,4),(2,2),
(0.,1.),(0.,1.),.PIECEWISE_BEZIER_KNOTS.);
#22=B_SPLINE_SURFACE_WITH_KNOTS('',3,1,((#6265,#6266),(#6267,#6268),(#6269,
#6270),(#6271,#6272)),.SURF_OF_LINEAR_EXTRUSION.,.F.,.F.,.F.,(4,4),(2,2),
(0.,1.),(0.,1.),.PIECEWISE_BEZIER_KNOTS.);
#23=B_SPLINE_SURFACE_WITH_KNOTS('',3,1,((#6378,#6379),(#6380,#6381),(#6382,
#6383),(#6384,#6385)),.SURF_OF_LINEAR_EXTRUSION.,.F.,.F.,.F.,(4,4),(2,2),
(0.,1.),(0.,1.),.PIECEWISE_BEZIER_KNOTS.);
#24=B_SPLINE_SURFACE_WITH_KNOTS('',3,1,((#6393,#6394),(#6395,#6396),(#6397,
#6398),(#6399,#6400)),.SURF_OF_LINEAR_EXTRUSION.,.F.,.F.,.F.,(4,4),(2,2),
(0.,1.),(0.,1.),.PIECEWISE_BEZIER_KNOTS.);
#25=B_SPLINE_SURFACE_WITH_KNOTS('',3,1,((#6406,#6407),(#6408,#6409),(#6410,
#6411),(#6412,#6413)),.SURF_OF_LINEAR_EXTRUSION.,.F.,.F.,.F.,(4,4),(2,2),
(0.,1.),(0.,1.),.PIECEWISE_BEZIER_KNOTS.);
#26=B_SPLINE_SURFACE_WITH_KNOTS('',3,1,((#6419,#6420),(#6421,#6422),(#6423,
#6424),(#6425,#6426)),.SURF_OF_LINEAR_EXTRUSION.,.F.,.F.,.F.,(4,4),(2,2),
(0.,1.),(0.,1.),.PIECEWISE_BEZIER_KNOTS.);
#27=B_SPLINE_SURFACE_WITH_KNOTS('',3,1,((#6444,#6445),(#6446,#6447),(#6448,
#6449),(#6450,#6451)),.SURF_OF_LINEAR_EXTRUSION.,.F.,.F.,.F.,(4,4),(2,2),
(0.,1.),(0.,1.),.PIECEWISE_BEZIER_KNOTS.);
#28=B_SPLINE_SURFACE_WITH_KNOTS('',3,1,((#6457,#6458),(#6459,#6460),(#6461,
#6462),(#6463,#6464)),.SURF_OF_LINEAR_EXTRUSION.,.F.,.F.,.F.,(4,4),(2,2),
(0.,1.),(0.,1.),.PIECEWISE_BEZIER_KNOTS.);
#29=B_SPLINE_SURFACE_WITH_KNOTS('',3,1,((#6470,#6471),(#6472,#6473),(#6474,
#6475),(#6476,#6477)),.SURF_OF_LINEAR_EXTRUSION.,.F.,.F.,.F.,(4,4),(2,2),
(0.,1.),(0.,1.),.PIECEWISE_BEZIER_KNOTS.);
#30=B_SPLINE_SURFACE_WITH_KNOTS('',3,1,((#6483,#6484),(#6485,#6486),(#6487,
#6488),(#6489,#6490)),.SURF_OF_LINEAR_EXTRUSION.,.F.,.F.,.F.,(4,4),(2,2),
(0.,1.),(0.,1.),.PIECEWISE_BEZIER_KNOTS.);
#31=B_SPLINE_SURFACE_WITH_KNOTS('',3,1,((#6496,#6497),(#6498,#6499),(#6500,
#6501),(#6502,#6503)),.SURF_OF_LINEAR_EXTRUSION.,.F.,.F.,.F.,(4,4),(2,2),
(0.,1.),(0.,1.),.PIECEWISE_BEZIER_KNOTS.);
#32=B_SPLINE_SURFACE_WITH_KNOTS('',3,1,((#6509,#6510),(#6511,#6512),(#6513,
#6514),(#6515,#6516)),.SURF_OF_LINEAR_EXTRUSION.,.F.,.F.,.F.,(4,4),(2,2),
(0.,1.),(0.,1.),.PIECEWISE_BEZIER_KNOTS.);
#33=B_SPLINE_SURFACE_WITH_KNOTS('',3,1,((#6534,#6535),(#6536,#6537),(#6538,
#6539),(#6540,#6541)),.SURF_OF_LINEAR_EXTRUSION.,.F.,.F.,.F.,(4,4),(2,2),
(0.,1.),(0.,1.),.PIECEWISE_BEZIER_KNOTS.);
#34=B_SPLINE_SURFACE_WITH_KNOTS('',3,1,((#6547,#6548),(#6549,#6550),(#6551,
#6552),(#6553,#6554)),.SURF_OF_LINEAR_EXTRUSION.,.F.,.F.,.F.,(4,4),(2,2),
(0.,1.),(0.,1.),.PIECEWISE_BEZIER_KNOTS.);
#35=TOROIDAL_SURFACE('',#4154,0.0026,0.001);
#36=TOROIDAL_SURFACE('',#4155,0.0026,0.001);
#37=TOROIDAL_SURFACE('',#4156,0.0026,0.001);
#38=TOROIDAL_SURFACE('',#4157,0.0026,0.001);
#39=SPHERICAL_SURFACE('',#4095,0.001);
#40=SPHERICAL_SURFACE('',#4110,0.001);
#41=SPHERICAL_SURFACE('',#4133,0.001);
#42=SPHERICAL_SURFACE('',#4137,0.001);
#43=(
BOUNDED_SURFACE()
B_SPLINE_SURFACE(3,2,((#5897,#5898,#5899),(#5900,#5901,#5902),(#5903,#5904,
#5905),(#5906,#5907,#5908),(#5909,#5910,#5911),(#5912,#5913,#5914),(#5915,
#5916,#5917)),.UNSPECIFIED.,.F.,.F.,.F.)
B_SPLINE_SURFACE_WITH_KNOTS((4,1,1,1,4),(3,3),(4.71238898038469,5.10508806208341,
5.49778714378214,5.89048622548086,6.28318530717959),(0.,1.),
 .UNSPECIFIED.)
GEOMETRIC_REPRESENTATION_ITEM()
RATIONAL_B_SPLINE_SURFACE(((1.,1.,1.),(1.,0.999999999839716,1.),(1.,0.973464424261944,
1.),(1.,0.869029034610562,1.),(1.,0.746571860002458,1.),(1.,0.707106782981633,
1.),(1.,0.707106781186548,1.)))
REPRESENTATION_ITEM('')
SURFACE()
);
#44=(
BOUNDED_SURFACE()
B_SPLINE_SURFACE(3,2,((#5927,#5928,#5929),(#5930,#5931,#5932),(#5933,#5934,
#5935),(#5936,#5937,#5938),(#5939,#5940,#5941),(#5942,#5943,#5944),(#5945,
#5946,#5947)),.UNSPECIFIED.,.F.,.F.,.F.)
B_SPLINE_SURFACE_WITH_KNOTS((4,1,1,1,4),(3,3),(1.5707963267949,1.96349540849362,
2.35619449019234,2.74889357189107,3.14159265358979),(0.,1.),
 .UNSPECIFIED.)
GEOMETRIC_REPRESENTATION_ITEM()
RATIONAL_B_SPLINE_SURFACE(((1.,1.,1.),(1.,0.999999999839716,1.),(1.,0.973464424261945,
1.),(1.,0.869029034610557,1.),(1.,0.746571860002459,1.),(1.,0.707106782981633,
1.),(1.,0.707106781186548,1.)))
REPRESENTATION_ITEM('')
SURFACE()
);
#45=(
BOUNDED_SURFACE()
B_SPLINE_SURFACE(3,2,((#5948,#5949,#5950),(#5951,#5952,#5953),(#5954,#5955,
#5956),(#5957,#5958,#5959),(#5960,#5961,#5962),(#5963,#5964,#5965),(#5966,
#5967,#5968)),.UNSPECIFIED.,.F.,.F.,.F.)
B_SPLINE_SURFACE_WITH_KNOTS((4,1,1,1,4),(3,3),(1.5707963267949,1.96349540849362,
2.35619449019234,2.74889357189107,3.14159265358979),(0.,1.),
 .UNSPECIFIED.)
GEOMETRIC_REPRESENTATION_ITEM()
RATIONAL_B_SPLINE_SURFACE(((1.,1.,1.),(1.,0.999999999839716,1.),(1.,0.973464424261956,
1.),(1.,0.869029034610521,1.),(1.,0.746571860002592,1.),(1.,0.707106782981346,
1.),(1.,0.707106781186548,1.)))
REPRESENTATION_ITEM('')
SURFACE()
);
#46=(
BOUNDED_SURFACE()
B_SPLINE_SURFACE(3,2,((#5984,#5985,#5986),(#5987,#5988,#5989),(#5990,#5991,
#5992),(#5993,#5994,#5995),(#5996,#5997,#5998),(#5999,#6000,#6001),(#6002,
#6003,#6004)),.UNSPECIFIED.,.F.,.F.,.F.)
B_SPLINE_SURFACE_WITH_KNOTS((4,1,1,1,4),(3,3),(4.71238898038469,5.10508806208341,
5.49778714378214,5.89048622548086,6.28318530717959),(0.,1.),
 .UNSPECIFIED.)
GEOMETRIC_REPRESENTATION_ITEM()
RATIONAL_B_SPLINE_SURFACE(((1.,1.,1.),(1.,0.999999999839716,1.),(1.,0.973464424261955,
1.),(1.,0.869029034610526,1.),(1.,0.746571860002591,1.),(1.,0.707106782981346,
1.),(1.,0.707106781186548,1.)))
REPRESENTATION_ITEM('')
SURFACE()
);
#47=ELLIPSE('',#4069,0.00151638097289881,0.00144852813742386);
#48=ELLIPSE('',#4070,0.00151638097289881,0.00144852813742386);
#49=ELLIPSE('',#4072,0.00151638097289881,0.00144852813742386);
#50=ELLIPSE('',#4073,0.00151638097289881,0.00144852813742386);
#51=ELLIPSE('',#4075,0.00151638097289881,0.00144852813742386);
#52=ELLIPSE('',#4076,0.00151638097289881,0.00144852813742386);
#53=ELLIPSE('',#4078,0.00151638097289881,0.00144852813742386);
#54=ELLIPSE('',#4079,0.00151638097289881,0.00144852813742386);
#55=ELLIPSE('',#4097,0.00141421356237309,0.001);
#56=ELLIPSE('',#4098,0.00141421356237309,0.001);
#57=ELLIPSE('',#4100,0.00141421356237309,0.001);
#58=ELLIPSE('',#4102,0.00141421356237309,0.001);
#59=ELLIPSE('',#4112,0.00141421356237309,0.001);
#60=ELLIPSE('',#4113,0.00141421356237309,0.001);
#61=ELLIPSE('',#4115,0.00141421356237309,0.001);
#62=ELLIPSE('',#4116,0.00141421356237309,0.001);
#63=ELLIPSE('',#4117,0.00141421356237309,0.001);
#64=ELLIPSE('',#4119,0.00141421356237309,0.001);
#65=ELLIPSE('',#4120,0.00141421356237309,0.001);
#66=ELLIPSE('',#4121,0.00141421356237309,0.001);
#67=ELLIPSE('',#4126,0.00141421356237309,0.001);
#68=ELLIPSE('',#4127,0.00141421356237309,0.001);
#69=ELLIPSE('',#4129,0.00141421356237309,0.001);
#70=ELLIPSE('',#4131,0.00141421356237309,0.001);
#71=ELLIPSE('',#4139,0.00141421356237309,0.001);
#72=ELLIPSE('',#4140,0.00141421356237309,0.001);
#73=ELLIPSE('',#4142,0.00141421356237309,0.001);
#74=ELLIPSE('',#4144,0.00141421356237309,0.001);
#75=ELLIPSE('',#4147,0.00141421356237309,0.001);
#76=ELLIPSE('',#4148,0.00141421356237309,0.001);
#77=ELLIPSE('',#4150,0.00141421356237309,0.001);
#78=ELLIPSE('',#4152,0.00141421356237309,0.001);
#79=CYLINDRICAL_SURFACE('',#3974,0.0023);
#80=CYLINDRICAL_SURFACE('',#3984,0.0023);
#81=CYLINDRICAL_SURFACE('',#3993,0.0023);
#82=CYLINDRICAL_SURFACE('',#4003,0.0023);
#83=CYLINDRICAL_SURFACE('',#4018,0.0016);
#84=CYLINDRICAL_SURFACE('',#4022,0.0023);
#85=CYLINDRICAL_SURFACE('',#4026,0.0016);
#86=CYLINDRICAL_SURFACE('',#4030,0.0023);
#87=CYLINDRICAL_SURFACE('',#4034,0.0016);
#88=CYLINDRICAL_SURFACE('',#4038,0.0023);
#89=CYLINDRICAL_SURFACE('',#4042,0.0016);
#90=CYLINDRICAL_SURFACE('',#4046,0.0023);
#91=CYLINDRICAL_SURFACE('',#4068,0.00144852813742386);
#92=CYLINDRICAL_SURFACE('',#4071,0.00144852813742386);
#93=CYLINDRICAL_SURFACE('',#4074,0.00144852813742386);
#94=CYLINDRICAL_SURFACE('',#4077,0.00144852813742386);
#95=CYLINDRICAL_SURFACE('',#4081,0.001);
#96=CYLINDRICAL_SURFACE('',#4083,0.001);
#97=CYLINDRICAL_SURFACE('',#4086,0.001);
#98=CYLINDRICAL_SURFACE('',#4090,0.001);
#99=CYLINDRICAL_SURFACE('',#4092,0.001);
#100=CYLINDRICAL_SURFACE('',#4096,0.001);
#101=CYLINDRICAL_SURFACE('',#4099,0.001);
#102=CYLINDRICAL_SURFACE('',#4101,0.001);
#103=CYLINDRICAL_SURFACE('',#4103,0.001);
#104=CYLINDRICAL_SURFACE('',#4105,0.001);
#105=CYLINDRICAL_SURFACE('',#4107,0.001);
#106=CYLINDRICAL_SURFACE('',#4111,0.001);
#107=CYLINDRICAL_SURFACE('',#4114,0.001);
#108=CYLINDRICAL_SURFACE('',#4118,0.001);
#109=CYLINDRICAL_SURFACE('',#4122,0.001);
#110=CYLINDRICAL_SURFACE('',#4123,0.001);
#111=CYLINDRICAL_SURFACE('',#4124,0.001);
#112=CYLINDRICAL_SURFACE('',#4125,0.001);
#113=CYLINDRICAL_SURFACE('',#4128,0.001);
#114=CYLINDRICAL_SURFACE('',#4130,0.001);
#115=CYLINDRICAL_SURFACE('',#4132,0.001);
#116=CYLINDRICAL_SURFACE('',#4135,0.001);
#117=CYLINDRICAL_SURFACE('',#4138,0.001);
#118=CYLINDRICAL_SURFACE('',#4141,0.001);
#119=CYLINDRICAL_SURFACE('',#4143,0.001);
#120=CYLINDRICAL_SURFACE('',#4145,0.001);
#121=CYLINDRICAL_SURFACE('',#4146,0.001);
#122=CYLINDRICAL_SURFACE('',#4149,0.001);
#123=CYLINDRICAL_SURFACE('',#4151,0.001);
#124=CYLINDRICAL_SURFACE('',#4153,0.001);
#125=CYLINDRICAL_SURFACE('',#4161,0.00133782299218368);
#126=CIRCLE('',#3953,0.0026);
#127=CIRCLE('',#3954,0.0026);
#128=CIRCLE('',#3955,0.0026);
#129=CIRCLE('',#3956,0.0026);
#130=CIRCLE('',#3975,0.0023);
#131=CIRCLE('',#3976,0.0023);
#132=CIRCLE('',#3985,0.0023);
#133=CIRCLE('',#3986,0.0023);
#134=CIRCLE('',#3994,0.0023);
#135=CIRCLE('',#3995,0.0023);
#136=CIRCLE('',#4004,0.0023);
#137=CIRCLE('',#4005,0.0023);
#138=CIRCLE('',#4016,0.0016);
#139=CIRCLE('',#4017,0.0023);
#140=CIRCLE('',#4019,0.0016);
#141=CIRCLE('',#4021,0.0023);
#142=CIRCLE('',#4024,0.0016);
#143=CIRCLE('',#4025,0.0023);
#144=CIRCLE('',#4027,0.0016);
#145=CIRCLE('',#4029,0.0023);
#146=CIRCLE('',#4032,0.0016);
#147=CIRCLE('',#4033,0.0023);
#148=CIRCLE('',#4035,0.0016);
#149=CIRCLE('',#4037,0.0023);
#150=CIRCLE('',#4040,0.0016);
#151=CIRCLE('',#4041,0.0023);
#152=CIRCLE('',#4043,0.0016);
#153=CIRCLE('',#4045,0.0023);
#154=CIRCLE('',#4080,0.001);
#155=CIRCLE('',#4082,0.001);
#156=CIRCLE('',#4084,0.001);
#157=CIRCLE('',#4085,0.001);
#158=CIRCLE('',#4087,0.001);
#159=CIRCLE('',#4088,0.001);
#160=CIRCLE('',#4089,0.001);
#161=CIRCLE('',#4091,0.001);
#162=CIRCLE('',#4093,0.001);
#163=CIRCLE('',#4094,0.001);
#164=CIRCLE('',#4104,0.001);
#165=CIRCLE('',#4106,0.001);
#166=CIRCLE('',#4108,0.001);
#167=CIRCLE('',#4109,0.001);
#168=CIRCLE('',#4134,0.001);
#169=CIRCLE('',#4136,0.001);
#170=CIRCLE('',#4162,0.00133782299218368);
#171=CIRCLE('',#4163,0.00133782299218368);
#172=B_SPLINE_CURVE_WITH_KNOTS('',2,(#5251,#5252,#5253),.UNSPECIFIED.,.F.,
 .F.,(3,3),(0.,1.),.PIECEWISE_BEZIER_KNOTS.);
#173=B_SPLINE_CURVE_WITH_KNOTS('',2,(#5255,#5256,#5257),.UNSPECIFIED.,.F.,
 .F.,(3,3),(0.,1.),.PIECEWISE_BEZIER_KNOTS.);
#174=B_SPLINE_CURVE_WITH_KNOTS('',2,(#5259,#5260,#5261),.UNSPECIFIED.,.F.,
 .F.,(3,3),(0.,1.),.PIECEWISE_BEZIER_KNOTS.);
#175=B_SPLINE_CURVE_WITH_KNOTS('',2,(#5263,#5264,#5265),.UNSPECIFIED.,.F.,
 .F.,(3,3),(0.,1.),.PIECEWISE_BEZIER_KNOTS.);
#176=B_SPLINE_CURVE_WITH_KNOTS('',2,(#5267,#5268,#5269),.UNSPECIFIED.,.F.,
 .F.,(3,3),(0.,1.),.PIECEWISE_BEZIER_KNOTS.);
#177=B_SPLINE_CURVE_WITH_KNOTS('',2,(#5271,#5272,#5273),.UNSPECIFIED.,.F.,
 .F.,(3,3),(0.,1.),.PIECEWISE_BEZIER_KNOTS.);
#178=B_SPLINE_CURVE_WITH_KNOTS('',2,(#5332,#5333,#5334),.UNSPECIFIED.,.F.,
 .F.,(3,3),(0.,1.),.PIECEWISE_BEZIER_KNOTS.);
#179=B_SPLINE_CURVE_WITH_KNOTS('',2,(#5337,#5338,#5339),.UNSPECIFIED.,.F.,
 .F.,(3,3),(0.,1.),.PIECEWISE_BEZIER_KNOTS.);
#180=B_SPLINE_CURVE_WITH_KNOTS('',2,(#5341,#5342,#5343),.UNSPECIFIED.,.F.,
 .F.,(3,3),(0.,1.),.PIECEWISE_BEZIER_KNOTS.);
#181=B_SPLINE_CURVE_WITH_KNOTS('',2,(#5351,#5352,#5353),.UNSPECIFIED.,.F.,
 .F.,(3,3),(0.,1.),.PIECEWISE_BEZIER_KNOTS.);
#182=B_SPLINE_CURVE_WITH_KNOTS('',2,(#5355,#5356,#5357),.UNSPECIFIED.,.F.,
 .F.,(3,3),(0.,1.),.PIECEWISE_BEZIER_KNOTS.);
#183=B_SPLINE_CURVE_WITH_KNOTS('',2,(#5359,#5360,#5361),.UNSPECIFIED.,.F.,
 .F.,(3,3),(0.,1.),.PIECEWISE_BEZIER_KNOTS.);
#184=B_SPLINE_CURVE_WITH_KNOTS('',2,(#5363,#5364,#5365),.UNSPECIFIED.,.F.,
 .F.,(3,3),(0.,1.),.PIECEWISE_BEZIER_KNOTS.);
#185=B_SPLINE_CURVE_WITH_KNOTS('',2,(#5367,#5368,#5369),.UNSPECIFIED.,.F.,
 .F.,(3,3),(0.,1.),.PIECEWISE_BEZIER_KNOTS.);
#186=B_SPLINE_CURVE_WITH_KNOTS('',2,(#5371,#5372,#5373),.UNSPECIFIED.,.F.,
 .F.,(3,3),(0.,1.),.PIECEWISE_BEZIER_KNOTS.);
#187=B_SPLINE_CURVE_WITH_KNOTS('',2,(#5381,#5382,#5383),.UNSPECIFIED.,.F.,
 .F.,(3,3),(0.,1.),.PIECEWISE_BEZIER_KNOTS.);
#188=B_SPLINE_CURVE_WITH_KNOTS('',2,(#5385,#5386,#5387),.UNSPECIFIED.,.F.,
 .F.,(3,3),(0.,1.),.PIECEWISE_BEZIER_KNOTS.);
#189=B_SPLINE_CURVE_WITH_KNOTS('',2,(#5389,#5390,#5391),.UNSPECIFIED.,.F.,
 .F.,(3,3),(0.,1.),.PIECEWISE_BEZIER_KNOTS.);
#190=B_SPLINE_CURVE_WITH_KNOTS('',3,(#6040,#6041,#6042,#6043,#6044),
 .UNSPECIFIED.,.F.,.F.,(4,1,4),(-7.78297757698847E-6,0.00173725430077864,
0.00348229157913426),.UNSPECIFIED.);
#191=B_SPLINE_CURVE_WITH_KNOTS('',3,(#6045,#6046,#6047,#6048,#6049),
 .UNSPECIFIED.,.F.,.F.,(4,1,4),(-7.78297757698847E-6,0.00173725430077864,
0.00348229157913427),.UNSPECIFIED.);
#192=B_SPLINE_CURVE_WITH_KNOTS('',2,(#6101,#6102,#6103),.UNSPECIFIED.,.F.,
 .F.,(3,3),(0.,1.),.PIECEWISE_BEZIER_KNOTS.);
#193=B_SPLINE_CURVE_WITH_KNOTS('',2,(#6107,#6108,#6109),.UNSPECIFIED.,.F.,
 .F.,(3,3),(0.,1.),.PIECEWISE_BEZIER_KNOTS.);
#194=B_SPLINE_CURVE_WITH_KNOTS('',2,(#6118,#6119,#6120),.UNSPECIFIED.,.F.,
 .F.,(3,3),(0.,1.),.PIECEWISE_BEZIER_KNOTS.);
#195=B_SPLINE_CURVE_WITH_KNOTS('',2,(#6124,#6125,#6126),.UNSPECIFIED.,.F.,
 .F.,(3,3),(0.,1.),.PIECEWISE_BEZIER_KNOTS.);
#196=B_SPLINE_CURVE_WITH_KNOTS('',2,(#6135,#6136,#6137),.UNSPECIFIED.,.F.,
 .F.,(3,3),(0.,1.),.PIECEWISE_BEZIER_KNOTS.);
#197=B_SPLINE_CURVE_WITH_KNOTS('',2,(#6141,#6142,#6143),.UNSPECIFIED.,.F.,
 .F.,(3,3),(0.,1.),.PIECEWISE_BEZIER_KNOTS.);
#198=B_SPLINE_CURVE_WITH_KNOTS('',2,(#6152,#6153,#6154),.UNSPECIFIED.,.F.,
 .F.,(3,3),(0.,1.),.PIECEWISE_BEZIER_KNOTS.);
#199=B_SPLINE_CURVE_WITH_KNOTS('',2,(#6158,#6159,#6160),.UNSPECIFIED.,.F.,
 .F.,(3,3),(0.,1.),.PIECEWISE_BEZIER_KNOTS.);
#200=B_SPLINE_CURVE_WITH_KNOTS('',2,(#6195,#6196,#6197),.UNSPECIFIED.,.F.,
 .F.,(3,3),(0.,1.),.PIECEWISE_BEZIER_KNOTS.);
#201=B_SPLINE_CURVE_WITH_KNOTS('',2,(#6208,#6209,#6210),.UNSPECIFIED.,.F.,
 .F.,(3,3),(0.,1.),.PIECEWISE_BEZIER_KNOTS.);
#202=B_SPLINE_CURVE_WITH_KNOTS('',2,(#6221,#6222,#6223),.UNSPECIFIED.,.F.,
 .F.,(3,3),(0.,1.),.PIECEWISE_BEZIER_KNOTS.);
#203=B_SPLINE_CURVE_WITH_KNOTS('',2,(#6234,#6235,#6236),.UNSPECIFIED.,.F.,
 .F.,(3,3),(0.,1.),.PIECEWISE_BEZIER_KNOTS.);
#204=B_SPLINE_CURVE_WITH_KNOTS('',2,(#6247,#6248,#6249),.UNSPECIFIED.,.F.,
 .F.,(3,3),(0.,1.),.PIECEWISE_BEZIER_KNOTS.);
#205=B_SPLINE_CURVE_WITH_KNOTS('',2,(#6260,#6261,#6262),.UNSPECIFIED.,.F.,
 .F.,(3,3),(0.,1.),.PIECEWISE_BEZIER_KNOTS.);
#206=B_SPLINE_CURVE_WITH_KNOTS('',2,(#6273,#6274,#6275),.UNSPECIFIED.,.F.,
 .F.,(3,3),(0.,1.),.PIECEWISE_BEZIER_KNOTS.);
#207=B_SPLINE_CURVE_WITH_KNOTS('',2,(#6276,#6277,#6278),.UNSPECIFIED.,.F.,
 .F.,(3,3),(0.,1.),.PIECEWISE_BEZIER_KNOTS.);
#208=B_SPLINE_CURVE_WITH_KNOTS('',2,(#6388,#6389,#6390),.UNSPECIFIED.,.F.,
 .F.,(3,3),(0.,1.),.PIECEWISE_BEZIER_KNOTS.);
#209=B_SPLINE_CURVE_WITH_KNOTS('',2,(#6403,#6404,#6405),.UNSPECIFIED.,.F.,
 .F.,(3,3),(0.,1.),.PIECEWISE_BEZIER_KNOTS.);
#210=B_SPLINE_CURVE_WITH_KNOTS('',2,(#6416,#6417,#6418),.UNSPECIFIED.,.F.,
 .F.,(3,3),(0.,1.),.PIECEWISE_BEZIER_KNOTS.);
#211=B_SPLINE_CURVE_WITH_KNOTS('',2,(#6429,#6430,#6431),.UNSPECIFIED.,.F.,
 .F.,(3,3),(0.,1.),.PIECEWISE_BEZIER_KNOTS.);
#212=B_SPLINE_CURVE_WITH_KNOTS('',2,(#6454,#6455,#6456),.UNSPECIFIED.,.F.,
 .F.,(3,3),(0.,1.),.PIECEWISE_BEZIER_KNOTS.);
#213=B_SPLINE_CURVE_WITH_KNOTS('',2,(#6467,#6468,#6469),.UNSPECIFIED.,.F.,
 .F.,(3,3),(0.,1.),.PIECEWISE_BEZIER_KNOTS.);
#214=B_SPLINE_CURVE_WITH_KNOTS('',2,(#6480,#6481,#6482),.UNSPECIFIED.,.F.,
 .F.,(3,3),(0.,1.),.PIECEWISE_BEZIER_KNOTS.);
#215=B_SPLINE_CURVE_WITH_KNOTS('',2,(#6493,#6494,#6495),.UNSPECIFIED.,.F.,
 .F.,(3,3),(0.,1.),.PIECEWISE_BEZIER_KNOTS.);
#216=B_SPLINE_CURVE_WITH_KNOTS('',2,(#6506,#6507,#6508),.UNSPECIFIED.,.F.,
 .F.,(3,3),(0.,1.),.PIECEWISE_BEZIER_KNOTS.);
#217=B_SPLINE_CURVE_WITH_KNOTS('',2,(#6519,#6520,#6521),.UNSPECIFIED.,.F.,
 .F.,(3,3),(0.,1.),.PIECEWISE_BEZIER_KNOTS.);
#218=B_SPLINE_CURVE_WITH_KNOTS('',2,(#6544,#6545,#6546),.UNSPECIFIED.,.F.,
 .F.,(3,3),(0.,1.),.PIECEWISE_BEZIER_KNOTS.);
#219=B_SPLINE_CURVE_WITH_KNOTS('',2,(#6555,#6556,#6557),.UNSPECIFIED.,.F.,
 .F.,(3,3),(0.,1.),.PIECEWISE_BEZIER_KNOTS.);
#220=ORIENTED_EDGE('',*,*,#1298,.T.);
#221=ORIENTED_EDGE('',*,*,#1299,.T.);
#222=ORIENTED_EDGE('',*,*,#1300,.T.);
#223=ORIENTED_EDGE('',*,*,#1301,.T.);
#224=ORIENTED_EDGE('',*,*,#1302,.T.);
#225=ORIENTED_EDGE('',*,*,#1303,.T.);
#226=ORIENTED_EDGE('',*,*,#1304,.T.);
#227=ORIENTED_EDGE('',*,*,#1305,.T.);
#228=ORIENTED_EDGE('',*,*,#1306,.T.);
#229=ORIENTED_EDGE('',*,*,#1307,.T.);
#230=ORIENTED_EDGE('',*,*,#1308,.T.);
#231=ORIENTED_EDGE('',*,*,#1309,.T.);
#232=ORIENTED_EDGE('',*,*,#1310,.T.);
#233=ORIENTED_EDGE('',*,*,#1311,.T.);
#234=ORIENTED_EDGE('',*,*,#1312,.T.);
#235=ORIENTED_EDGE('',*,*,#1313,.T.);
#236=ORIENTED_EDGE('',*,*,#1314,.T.);
#237=ORIENTED_EDGE('',*,*,#1315,.T.);
#238=ORIENTED_EDGE('',*,*,#1316,.T.);
#239=ORIENTED_EDGE('',*,*,#1317,.T.);
#240=ORIENTED_EDGE('',*,*,#1318,.T.);
#241=ORIENTED_EDGE('',*,*,#1319,.T.);
#242=ORIENTED_EDGE('',*,*,#1320,.T.);
#243=ORIENTED_EDGE('',*,*,#1321,.T.);
#244=ORIENTED_EDGE('',*,*,#1322,.T.);
#245=ORIENTED_EDGE('',*,*,#1323,.T.);
#246=ORIENTED_EDGE('',*,*,#1324,.T.);
#247=ORIENTED_EDGE('',*,*,#1325,.T.);
#248=ORIENTED_EDGE('',*,*,#1326,.T.);
#249=ORIENTED_EDGE('',*,*,#1327,.T.);
#250=ORIENTED_EDGE('',*,*,#1328,.T.);
#251=ORIENTED_EDGE('',*,*,#1329,.T.);
#252=ORIENTED_EDGE('',*,*,#1330,.T.);
#253=ORIENTED_EDGE('',*,*,#1331,.T.);
#254=ORIENTED_EDGE('',*,*,#1332,.T.);
#255=ORIENTED_EDGE('',*,*,#1333,.T.);
#256=ORIENTED_EDGE('',*,*,#1334,.T.);
#257=ORIENTED_EDGE('',*,*,#1335,.T.);
#258=ORIENTED_EDGE('',*,*,#1336,.T.);
#259=ORIENTED_EDGE('',*,*,#1337,.T.);
#260=ORIENTED_EDGE('',*,*,#1338,.T.);
#261=ORIENTED_EDGE('',*,*,#1339,.T.);
#262=ORIENTED_EDGE('',*,*,#1340,.T.);
#263=ORIENTED_EDGE('',*,*,#1341,.T.);
#264=ORIENTED_EDGE('',*,*,#1342,.T.);
#265=ORIENTED_EDGE('',*,*,#1343,.T.);
#266=ORIENTED_EDGE('',*,*,#1344,.T.);
#267=ORIENTED_EDGE('',*,*,#1345,.T.);
#268=ORIENTED_EDGE('',*,*,#1346,.T.);
#269=ORIENTED_EDGE('',*,*,#1347,.T.);
#270=ORIENTED_EDGE('',*,*,#1348,.T.);
#271=ORIENTED_EDGE('',*,*,#1349,.T.);
#272=ORIENTED_EDGE('',*,*,#1350,.T.);
#273=ORIENTED_EDGE('',*,*,#1351,.T.);
#274=ORIENTED_EDGE('',*,*,#1352,.T.);
#275=ORIENTED_EDGE('',*,*,#1353,.T.);
#276=ORIENTED_EDGE('',*,*,#1354,.T.);
#277=ORIENTED_EDGE('',*,*,#1355,.T.);
#278=ORIENTED_EDGE('',*,*,#1356,.T.);
#279=ORIENTED_EDGE('',*,*,#1357,.T.);
#280=ORIENTED_EDGE('',*,*,#1358,.T.);
#281=ORIENTED_EDGE('',*,*,#1359,.T.);
#282=ORIENTED_EDGE('',*,*,#1360,.T.);
#283=ORIENTED_EDGE('',*,*,#1361,.T.);
#284=ORIENTED_EDGE('',*,*,#1362,.T.);
#285=ORIENTED_EDGE('',*,*,#1363,.T.);
#286=ORIENTED_EDGE('',*,*,#1364,.T.);
#287=ORIENTED_EDGE('',*,*,#1365,.T.);
#288=ORIENTED_EDGE('',*,*,#1366,.T.);
#289=ORIENTED_EDGE('',*,*,#1367,.T.);
#290=ORIENTED_EDGE('',*,*,#1368,.T.);
#291=ORIENTED_EDGE('',*,*,#1369,.T.);
#292=ORIENTED_EDGE('',*,*,#1370,.T.);
#293=ORIENTED_EDGE('',*,*,#1371,.T.);
#294=ORIENTED_EDGE('',*,*,#1372,.T.);
#295=ORIENTED_EDGE('',*,*,#1373,.T.);
#296=ORIENTED_EDGE('',*,*,#1374,.T.);
#297=ORIENTED_EDGE('',*,*,#1375,.T.);
#298=ORIENTED_EDGE('',*,*,#1376,.T.);
#299=ORIENTED_EDGE('',*,*,#1377,.T.);
#300=ORIENTED_EDGE('',*,*,#1378,.T.);
#301=ORIENTED_EDGE('',*,*,#1379,.T.);
#302=ORIENTED_EDGE('',*,*,#1380,.T.);
#303=ORIENTED_EDGE('',*,*,#1381,.T.);
#304=ORIENTED_EDGE('',*,*,#1382,.T.);
#305=ORIENTED_EDGE('',*,*,#1383,.T.);
#306=ORIENTED_EDGE('',*,*,#1384,.T.);
#307=ORIENTED_EDGE('',*,*,#1385,.T.);
#308=ORIENTED_EDGE('',*,*,#1386,.F.);
#309=ORIENTED_EDGE('',*,*,#1387,.T.);
#310=ORIENTED_EDGE('',*,*,#1388,.T.);
#311=ORIENTED_EDGE('',*,*,#1389,.F.);
#312=ORIENTED_EDGE('',*,*,#1390,.F.);
#313=ORIENTED_EDGE('',*,*,#1391,.F.);
#314=ORIENTED_EDGE('',*,*,#1392,.T.);
#315=ORIENTED_EDGE('',*,*,#1393,.T.);
#316=ORIENTED_EDGE('',*,*,#1394,.F.);
#317=ORIENTED_EDGE('',*,*,#1395,.F.);
#318=ORIENTED_EDGE('',*,*,#1396,.T.);
#319=ORIENTED_EDGE('',*,*,#1397,.T.);
#320=ORIENTED_EDGE('',*,*,#1398,.F.);
#321=ORIENTED_EDGE('',*,*,#1399,.F.);
#322=ORIENTED_EDGE('',*,*,#1400,.T.);
#323=ORIENTED_EDGE('',*,*,#1401,.T.);
#324=ORIENTED_EDGE('',*,*,#1402,.F.);
#325=ORIENTED_EDGE('',*,*,#1403,.F.);
#326=ORIENTED_EDGE('',*,*,#1404,.T.);
#327=ORIENTED_EDGE('',*,*,#1405,.T.);
#328=ORIENTED_EDGE('',*,*,#1406,.T.);
#329=ORIENTED_EDGE('',*,*,#1407,.T.);
#330=ORIENTED_EDGE('',*,*,#1408,.T.);
#331=ORIENTED_EDGE('',*,*,#1409,.T.);
#332=ORIENTED_EDGE('',*,*,#1410,.T.);
#333=ORIENTED_EDGE('',*,*,#1411,.T.);
#334=ORIENTED_EDGE('',*,*,#1412,.T.);
#335=ORIENTED_EDGE('',*,*,#1413,.T.);
#336=ORIENTED_EDGE('',*,*,#1414,.T.);
#337=ORIENTED_EDGE('',*,*,#1415,.T.);
#338=ORIENTED_EDGE('',*,*,#1416,.F.);
#339=ORIENTED_EDGE('',*,*,#1417,.T.);
#340=ORIENTED_EDGE('',*,*,#1418,.T.);
#341=ORIENTED_EDGE('',*,*,#1419,.T.);
#342=ORIENTED_EDGE('',*,*,#1420,.F.);
#343=ORIENTED_EDGE('',*,*,#1421,.F.);
#344=ORIENTED_EDGE('',*,*,#1422,.T.);
#345=ORIENTED_EDGE('',*,*,#1388,.F.);
#346=ORIENTED_EDGE('',*,*,#1423,.F.);
#347=ORIENTED_EDGE('',*,*,#1424,.T.);
#348=ORIENTED_EDGE('',*,*,#1425,.T.);
#349=ORIENTED_EDGE('',*,*,#1426,.F.);
#350=ORIENTED_EDGE('',*,*,#1427,.T.);
#351=ORIENTED_EDGE('',*,*,#1428,.T.);
#352=ORIENTED_EDGE('',*,*,#1429,.T.);
#353=ORIENTED_EDGE('',*,*,#1430,.T.);
#354=ORIENTED_EDGE('',*,*,#1431,.T.);
#355=ORIENTED_EDGE('',*,*,#1432,.T.);
#356=ORIENTED_EDGE('',*,*,#1433,.T.);
#357=ORIENTED_EDGE('',*,*,#1434,.T.);
#358=ORIENTED_EDGE('',*,*,#1435,.T.);
#359=ORIENTED_EDGE('',*,*,#1436,.T.);
#360=ORIENTED_EDGE('',*,*,#1437,.T.);
#361=ORIENTED_EDGE('',*,*,#1438,.T.);
#362=ORIENTED_EDGE('',*,*,#1439,.T.);
#363=ORIENTED_EDGE('',*,*,#1440,.T.);
#364=ORIENTED_EDGE('',*,*,#1441,.T.);
#365=ORIENTED_EDGE('',*,*,#1442,.T.);
#366=ORIENTED_EDGE('',*,*,#1443,.F.);
#367=ORIENTED_EDGE('',*,*,#1444,.T.);
#368=ORIENTED_EDGE('',*,*,#1445,.T.);
#369=ORIENTED_EDGE('',*,*,#1446,.T.);
#370=ORIENTED_EDGE('',*,*,#1447,.T.);
#371=ORIENTED_EDGE('',*,*,#1417,.F.);
#372=ORIENTED_EDGE('',*,*,#1444,.F.);
#373=ORIENTED_EDGE('',*,*,#1448,.T.);
#374=ORIENTED_EDGE('',*,*,#1386,.T.);
#375=ORIENTED_EDGE('',*,*,#1449,.F.);
#376=ORIENTED_EDGE('',*,*,#1450,.T.);
#377=ORIENTED_EDGE('',*,*,#1451,.F.);
#378=ORIENTED_EDGE('',*,*,#1452,.F.);
#379=ORIENTED_EDGE('',*,*,#1453,.F.);
#380=ORIENTED_EDGE('',*,*,#1454,.F.);
#381=ORIENTED_EDGE('',*,*,#1455,.T.);
#382=ORIENTED_EDGE('',*,*,#1456,.T.);
#383=ORIENTED_EDGE('',*,*,#1418,.F.);
#384=ORIENTED_EDGE('',*,*,#1447,.F.);
#385=ORIENTED_EDGE('',*,*,#1457,.F.);
#386=ORIENTED_EDGE('',*,*,#1458,.F.);
#387=ORIENTED_EDGE('',*,*,#1459,.T.);
#388=ORIENTED_EDGE('',*,*,#1460,.F.);
#389=ORIENTED_EDGE('',*,*,#1451,.T.);
#390=ORIENTED_EDGE('',*,*,#1461,.T.);
#391=ORIENTED_EDGE('',*,*,#1462,.F.);
#392=ORIENTED_EDGE('',*,*,#1389,.T.);
#393=ORIENTED_EDGE('',*,*,#1422,.F.);
#394=ORIENTED_EDGE('',*,*,#1463,.F.);
#395=ORIENTED_EDGE('',*,*,#1464,.T.);
#396=ORIENTED_EDGE('',*,*,#1465,.T.);
#397=ORIENTED_EDGE('',*,*,#1466,.F.);
#398=ORIENTED_EDGE('',*,*,#1467,.F.);
#399=ORIENTED_EDGE('',*,*,#1468,.T.);
#400=ORIENTED_EDGE('',*,*,#1469,.T.);
#401=ORIENTED_EDGE('',*,*,#1470,.F.);
#402=ORIENTED_EDGE('',*,*,#1471,.F.);
#403=ORIENTED_EDGE('',*,*,#1472,.T.);
#404=ORIENTED_EDGE('',*,*,#1473,.T.);
#405=ORIENTED_EDGE('',*,*,#1474,.F.);
#406=ORIENTED_EDGE('',*,*,#1458,.T.);
#407=ORIENTED_EDGE('',*,*,#1475,.F.);
#408=ORIENTED_EDGE('',*,*,#1476,.F.);
#409=ORIENTED_EDGE('',*,*,#1477,.T.);
#410=ORIENTED_EDGE('',*,*,#1459,.F.);
#411=ORIENTED_EDGE('',*,*,#1477,.F.);
#412=ORIENTED_EDGE('',*,*,#1478,.T.);
#413=ORIENTED_EDGE('',*,*,#1479,.T.);
#414=ORIENTED_EDGE('',*,*,#1445,.F.);
#415=ORIENTED_EDGE('',*,*,#1453,.T.);
#416=ORIENTED_EDGE('',*,*,#1480,.T.);
#417=ORIENTED_EDGE('',*,*,#1478,.F.);
#418=ORIENTED_EDGE('',*,*,#1476,.T.);
#419=ORIENTED_EDGE('',*,*,#1481,.T.);
#420=ORIENTED_EDGE('',*,*,#1460,.T.);
#421=ORIENTED_EDGE('',*,*,#1479,.F.);
#422=ORIENTED_EDGE('',*,*,#1480,.F.);
#423=ORIENTED_EDGE('',*,*,#1452,.T.);
#424=ORIENTED_EDGE('',*,*,#1457,.T.);
#425=ORIENTED_EDGE('',*,*,#1446,.F.);
#426=ORIENTED_EDGE('',*,*,#1481,.F.);
#427=ORIENTED_EDGE('',*,*,#1475,.T.);
#428=ORIENTED_EDGE('',*,*,#1462,.T.);
#429=ORIENTED_EDGE('',*,*,#1482,.F.);
#430=ORIENTED_EDGE('',*,*,#1483,.F.);
#431=ORIENTED_EDGE('',*,*,#1390,.T.);
#432=ORIENTED_EDGE('',*,*,#1461,.F.);
#433=ORIENTED_EDGE('',*,*,#1450,.F.);
#434=ORIENTED_EDGE('',*,*,#1484,.T.);
#435=ORIENTED_EDGE('',*,*,#1482,.T.);
#436=ORIENTED_EDGE('',*,*,#1484,.F.);
#437=ORIENTED_EDGE('',*,*,#1449,.T.);
#438=ORIENTED_EDGE('',*,*,#1391,.T.);
#439=ORIENTED_EDGE('',*,*,#1483,.T.);
#440=ORIENTED_EDGE('',*,*,#1455,.F.);
#441=ORIENTED_EDGE('',*,*,#1485,.F.);
#442=ORIENTED_EDGE('',*,*,#1486,.T.);
#443=ORIENTED_EDGE('',*,*,#1487,.T.);
#444=ORIENTED_EDGE('',*,*,#1488,.F.);
#445=ORIENTED_EDGE('',*,*,#1489,.T.);
#446=ORIENTED_EDGE('',*,*,#1485,.T.);
#447=ORIENTED_EDGE('',*,*,#1454,.T.);
#448=ORIENTED_EDGE('',*,*,#1421,.T.);
#449=ORIENTED_EDGE('',*,*,#1490,.F.);
#450=ORIENTED_EDGE('',*,*,#1456,.F.);
#451=ORIENTED_EDGE('',*,*,#1487,.F.);
#452=ORIENTED_EDGE('',*,*,#1491,.T.);
#453=ORIENTED_EDGE('',*,*,#1419,.F.);
#454=ORIENTED_EDGE('',*,*,#1488,.T.);
#455=ORIENTED_EDGE('',*,*,#1490,.T.);
#456=ORIENTED_EDGE('',*,*,#1420,.T.);
#457=ORIENTED_EDGE('',*,*,#1491,.F.);
#458=ORIENTED_EDGE('',*,*,#1486,.F.);
#459=ORIENTED_EDGE('',*,*,#1492,.T.);
#460=ORIENTED_EDGE('',*,*,#1463,.T.);
#461=ORIENTED_EDGE('',*,*,#1493,.F.);
#462=ORIENTED_EDGE('',*,*,#1494,.F.);
#463=ORIENTED_EDGE('',*,*,#1464,.F.);
#464=ORIENTED_EDGE('',*,*,#1492,.F.);
#465=ORIENTED_EDGE('',*,*,#1495,.T.);
#466=ORIENTED_EDGE('',*,*,#1496,.T.);
#467=ORIENTED_EDGE('',*,*,#1465,.F.);
#468=ORIENTED_EDGE('',*,*,#1496,.F.);
#469=ORIENTED_EDGE('',*,*,#1497,.T.);
#470=ORIENTED_EDGE('',*,*,#1498,.T.);
#471=ORIENTED_EDGE('',*,*,#1493,.T.);
#472=ORIENTED_EDGE('',*,*,#1466,.T.);
#473=ORIENTED_EDGE('',*,*,#1498,.F.);
#474=ORIENTED_EDGE('',*,*,#1499,.F.);
#475=ORIENTED_EDGE('',*,*,#1500,.F.);
#476=ORIENTED_EDGE('',*,*,#1501,.T.);
#477=ORIENTED_EDGE('',*,*,#1494,.T.);
#478=ORIENTED_EDGE('',*,*,#1499,.T.);
#479=ORIENTED_EDGE('',*,*,#1497,.F.);
#480=ORIENTED_EDGE('',*,*,#1495,.F.);
#481=ORIENTED_EDGE('',*,*,#1500,.T.);
#482=ORIENTED_EDGE('',*,*,#1501,.F.);
#483=ORIENTED_EDGE('',*,*,#1502,.T.);
#484=ORIENTED_EDGE('',*,*,#1467,.T.);
#485=ORIENTED_EDGE('',*,*,#1503,.F.);
#486=ORIENTED_EDGE('',*,*,#1504,.F.);
#487=ORIENTED_EDGE('',*,*,#1468,.F.);
#488=ORIENTED_EDGE('',*,*,#1502,.F.);
#489=ORIENTED_EDGE('',*,*,#1505,.T.);
#490=ORIENTED_EDGE('',*,*,#1506,.T.);
#491=ORIENTED_EDGE('',*,*,#1469,.F.);
#492=ORIENTED_EDGE('',*,*,#1506,.F.);
#493=ORIENTED_EDGE('',*,*,#1507,.T.);
#494=ORIENTED_EDGE('',*,*,#1508,.T.);
#495=ORIENTED_EDGE('',*,*,#1503,.T.);
#496=ORIENTED_EDGE('',*,*,#1470,.T.);
#497=ORIENTED_EDGE('',*,*,#1508,.F.);
#498=ORIENTED_EDGE('',*,*,#1509,.F.);
#499=ORIENTED_EDGE('',*,*,#1510,.F.);
#500=ORIENTED_EDGE('',*,*,#1511,.T.);
#501=ORIENTED_EDGE('',*,*,#1504,.T.);
#502=ORIENTED_EDGE('',*,*,#1509,.T.);
#503=ORIENTED_EDGE('',*,*,#1507,.F.);
#504=ORIENTED_EDGE('',*,*,#1505,.F.);
#505=ORIENTED_EDGE('',*,*,#1510,.T.);
#506=ORIENTED_EDGE('',*,*,#1511,.F.);
#507=ORIENTED_EDGE('',*,*,#1489,.F.);
#508=ORIENTED_EDGE('',*,*,#1512,.T.);
#509=ORIENTED_EDGE('',*,*,#1471,.T.);
#510=ORIENTED_EDGE('',*,*,#1513,.F.);
#511=ORIENTED_EDGE('',*,*,#1514,.F.);
#512=ORIENTED_EDGE('',*,*,#1472,.F.);
#513=ORIENTED_EDGE('',*,*,#1512,.F.);
#514=ORIENTED_EDGE('',*,*,#1515,.T.);
#515=ORIENTED_EDGE('',*,*,#1516,.T.);
#516=ORIENTED_EDGE('',*,*,#1473,.F.);
#517=ORIENTED_EDGE('',*,*,#1516,.F.);
#518=ORIENTED_EDGE('',*,*,#1517,.T.);
#519=ORIENTED_EDGE('',*,*,#1518,.T.);
#520=ORIENTED_EDGE('',*,*,#1513,.T.);
#521=ORIENTED_EDGE('',*,*,#1474,.T.);
#522=ORIENTED_EDGE('',*,*,#1518,.F.);
#523=ORIENTED_EDGE('',*,*,#1519,.F.);
#524=ORIENTED_EDGE('',*,*,#1520,.F.);
#525=ORIENTED_EDGE('',*,*,#1521,.T.);
#526=ORIENTED_EDGE('',*,*,#1514,.T.);
#527=ORIENTED_EDGE('',*,*,#1519,.T.);
#528=ORIENTED_EDGE('',*,*,#1517,.F.);
#529=ORIENTED_EDGE('',*,*,#1515,.F.);
#530=ORIENTED_EDGE('',*,*,#1520,.T.);
#531=ORIENTED_EDGE('',*,*,#1521,.F.);
#532=ORIENTED_EDGE('',*,*,#1522,.T.);
#533=ORIENTED_EDGE('',*,*,#1523,.T.);
#534=ORIENTED_EDGE('',*,*,#1524,.F.);
#535=ORIENTED_EDGE('',*,*,#1525,.F.);
#536=ORIENTED_EDGE('',*,*,#1443,.T.);
#537=ORIENTED_EDGE('',*,*,#1416,.T.);
#538=ORIENTED_EDGE('',*,*,#1387,.F.);
#539=ORIENTED_EDGE('',*,*,#1448,.F.);
#540=ORIENTED_EDGE('',*,*,#1526,.T.);
#541=ORIENTED_EDGE('',*,*,#1527,.T.);
#542=ORIENTED_EDGE('',*,*,#1528,.F.);
#543=ORIENTED_EDGE('',*,*,#1522,.F.);
#544=ORIENTED_EDGE('',*,*,#1529,.T.);
#545=ORIENTED_EDGE('',*,*,#1530,.T.);
#546=ORIENTED_EDGE('',*,*,#1526,.F.);
#547=ORIENTED_EDGE('',*,*,#1525,.T.);
#548=ORIENTED_EDGE('',*,*,#1531,.T.);
#549=ORIENTED_EDGE('',*,*,#1532,.T.);
#550=ORIENTED_EDGE('',*,*,#1529,.F.);
#551=ORIENTED_EDGE('',*,*,#1524,.T.);
#552=ORIENTED_EDGE('',*,*,#1528,.T.);
#553=ORIENTED_EDGE('',*,*,#1533,.T.);
#554=ORIENTED_EDGE('',*,*,#1531,.F.);
#555=ORIENTED_EDGE('',*,*,#1523,.F.);
#556=ORIENTED_EDGE('',*,*,#1534,.T.);
#557=ORIENTED_EDGE('',*,*,#1535,.T.);
#558=ORIENTED_EDGE('',*,*,#1536,.T.);
#559=ORIENTED_EDGE('',*,*,#1537,.T.);
#560=ORIENTED_EDGE('',*,*,#1538,.T.);
#561=ORIENTED_EDGE('',*,*,#1539,.T.);
#562=ORIENTED_EDGE('',*,*,#1540,.T.);
#563=ORIENTED_EDGE('',*,*,#1541,.T.);
#564=ORIENTED_EDGE('',*,*,#1542,.T.);
#565=ORIENTED_EDGE('',*,*,#1543,.T.);
#566=ORIENTED_EDGE('',*,*,#1544,.T.);
#567=ORIENTED_EDGE('',*,*,#1542,.F.);
#568=ORIENTED_EDGE('',*,*,#1545,.T.);
#569=ORIENTED_EDGE('',*,*,#1545,.F.);
#570=ORIENTED_EDGE('',*,*,#1543,.F.);
#571=ORIENTED_EDGE('',*,*,#1546,.T.);
#572=ORIENTED_EDGE('',*,*,#1547,.T.);
#573=ORIENTED_EDGE('',*,*,#1548,.T.);
#574=ORIENTED_EDGE('',*,*,#1546,.F.);
#575=ORIENTED_EDGE('',*,*,#1549,.T.);
#576=ORIENTED_EDGE('',*,*,#1549,.F.);
#577=ORIENTED_EDGE('',*,*,#1547,.F.);
#578=ORIENTED_EDGE('',*,*,#1550,.T.);
#579=ORIENTED_EDGE('',*,*,#1551,.T.);
#580=ORIENTED_EDGE('',*,*,#1552,.T.);
#581=ORIENTED_EDGE('',*,*,#1550,.F.);
#582=ORIENTED_EDGE('',*,*,#1553,.T.);
#583=ORIENTED_EDGE('',*,*,#1553,.F.);
#584=ORIENTED_EDGE('',*,*,#1551,.F.);
#585=ORIENTED_EDGE('',*,*,#1554,.T.);
#586=ORIENTED_EDGE('',*,*,#1555,.T.);
#587=ORIENTED_EDGE('',*,*,#1556,.T.);
#588=ORIENTED_EDGE('',*,*,#1554,.F.);
#589=ORIENTED_EDGE('',*,*,#1557,.T.);
#590=ORIENTED_EDGE('',*,*,#1557,.F.);
#591=ORIENTED_EDGE('',*,*,#1555,.F.);
#592=ORIENTED_EDGE('',*,*,#1558,.T.);
#593=ORIENTED_EDGE('',*,*,#1559,.T.);
#594=ORIENTED_EDGE('',*,*,#1560,.F.);
#595=ORIENTED_EDGE('',*,*,#1561,.T.);
#596=ORIENTED_EDGE('',*,*,#1560,.T.);
#597=ORIENTED_EDGE('',*,*,#1562,.T.);
#598=ORIENTED_EDGE('',*,*,#1563,.F.);
#599=ORIENTED_EDGE('',*,*,#1564,.F.);
#600=ORIENTED_EDGE('',*,*,#1563,.T.);
#601=ORIENTED_EDGE('',*,*,#1565,.T.);
#602=ORIENTED_EDGE('',*,*,#1566,.F.);
#603=ORIENTED_EDGE('',*,*,#1567,.F.);
#604=ORIENTED_EDGE('',*,*,#1566,.T.);
#605=ORIENTED_EDGE('',*,*,#1568,.T.);
#606=ORIENTED_EDGE('',*,*,#1558,.F.);
#607=ORIENTED_EDGE('',*,*,#1569,.T.);
#608=ORIENTED_EDGE('',*,*,#1561,.F.);
#609=ORIENTED_EDGE('',*,*,#1564,.T.);
#610=ORIENTED_EDGE('',*,*,#1567,.T.);
#611=ORIENTED_EDGE('',*,*,#1569,.F.);
#612=ORIENTED_EDGE('',*,*,#1570,.T.);
#613=ORIENTED_EDGE('',*,*,#1571,.T.);
#614=ORIENTED_EDGE('',*,*,#1572,.F.);
#615=ORIENTED_EDGE('',*,*,#1423,.T.);
#616=ORIENTED_EDGE('',*,*,#1572,.T.);
#617=ORIENTED_EDGE('',*,*,#1573,.T.);
#618=ORIENTED_EDGE('',*,*,#1574,.F.);
#619=ORIENTED_EDGE('',*,*,#1424,.F.);
#620=ORIENTED_EDGE('',*,*,#1574,.T.);
#621=ORIENTED_EDGE('',*,*,#1575,.T.);
#622=ORIENTED_EDGE('',*,*,#1576,.F.);
#623=ORIENTED_EDGE('',*,*,#1425,.F.);
#624=ORIENTED_EDGE('',*,*,#1576,.T.);
#625=ORIENTED_EDGE('',*,*,#1577,.T.);
#626=ORIENTED_EDGE('',*,*,#1570,.F.);
#627=ORIENTED_EDGE('',*,*,#1426,.T.);
#628=ORIENTED_EDGE('',*,*,#1578,.T.);
#629=ORIENTED_EDGE('',*,*,#1579,.T.);
#630=ORIENTED_EDGE('',*,*,#1580,.F.);
#631=ORIENTED_EDGE('',*,*,#1393,.F.);
#632=ORIENTED_EDGE('',*,*,#1580,.T.);
#633=ORIENTED_EDGE('',*,*,#1581,.T.);
#634=ORIENTED_EDGE('',*,*,#1582,.F.);
#635=ORIENTED_EDGE('',*,*,#1394,.T.);
#636=ORIENTED_EDGE('',*,*,#1582,.T.);
#637=ORIENTED_EDGE('',*,*,#1583,.T.);
#638=ORIENTED_EDGE('',*,*,#1584,.F.);
#639=ORIENTED_EDGE('',*,*,#1395,.T.);
#640=ORIENTED_EDGE('',*,*,#1584,.T.);
#641=ORIENTED_EDGE('',*,*,#1585,.T.);
#642=ORIENTED_EDGE('',*,*,#1578,.F.);
#643=ORIENTED_EDGE('',*,*,#1392,.F.);
#644=ORIENTED_EDGE('',*,*,#1586,.T.);
#645=ORIENTED_EDGE('',*,*,#1587,.T.);
#646=ORIENTED_EDGE('',*,*,#1588,.F.);
#647=ORIENTED_EDGE('',*,*,#1397,.F.);
#648=ORIENTED_EDGE('',*,*,#1588,.T.);
#649=ORIENTED_EDGE('',*,*,#1589,.T.);
#650=ORIENTED_EDGE('',*,*,#1590,.F.);
#651=ORIENTED_EDGE('',*,*,#1398,.T.);
#652=ORIENTED_EDGE('',*,*,#1590,.T.);
#653=ORIENTED_EDGE('',*,*,#1591,.T.);
#654=ORIENTED_EDGE('',*,*,#1592,.F.);
#655=ORIENTED_EDGE('',*,*,#1399,.T.);
#656=ORIENTED_EDGE('',*,*,#1592,.T.);
#657=ORIENTED_EDGE('',*,*,#1593,.T.);
#658=ORIENTED_EDGE('',*,*,#1586,.F.);
#659=ORIENTED_EDGE('',*,*,#1396,.F.);
#660=ORIENTED_EDGE('',*,*,#1594,.T.);
#661=ORIENTED_EDGE('',*,*,#1595,.T.);
#662=ORIENTED_EDGE('',*,*,#1596,.F.);
#663=ORIENTED_EDGE('',*,*,#1401,.F.);
#664=ORIENTED_EDGE('',*,*,#1596,.T.);
#665=ORIENTED_EDGE('',*,*,#1597,.T.);
#666=ORIENTED_EDGE('',*,*,#1598,.F.);
#667=ORIENTED_EDGE('',*,*,#1402,.T.);
#668=ORIENTED_EDGE('',*,*,#1598,.T.);
#669=ORIENTED_EDGE('',*,*,#1599,.T.);
#670=ORIENTED_EDGE('',*,*,#1600,.F.);
#671=ORIENTED_EDGE('',*,*,#1403,.T.);
#672=ORIENTED_EDGE('',*,*,#1600,.T.);
#673=ORIENTED_EDGE('',*,*,#1601,.T.);
#674=ORIENTED_EDGE('',*,*,#1594,.F.);
#675=ORIENTED_EDGE('',*,*,#1400,.F.);
#676=ORIENTED_EDGE('',*,*,#1540,.F.);
#677=ORIENTED_EDGE('',*,*,#1602,.T.);
#678=ORIENTED_EDGE('',*,*,#1534,.F.);
#679=ORIENTED_EDGE('',*,*,#1603,.T.);
#680=ORIENTED_EDGE('',*,*,#1537,.F.);
#681=ORIENTED_EDGE('',*,*,#1604,.T.);
#682=ORIENTED_EDGE('',*,*,#1442,.F.);
#683=ORIENTED_EDGE('',*,*,#1605,.T.);
#684=ORIENTED_EDGE('',*,*,#1434,.F.);
#685=ORIENTED_EDGE('',*,*,#1606,.T.);
#686=ORIENTED_EDGE('',*,*,#1535,.F.);
#687=ORIENTED_EDGE('',*,*,#1607,.T.);
#688=ORIENTED_EDGE('',*,*,#1415,.F.);
#689=ORIENTED_EDGE('',*,*,#1608,.T.);
#690=ORIENTED_EDGE('',*,*,#1536,.F.);
#691=ORIENTED_EDGE('',*,*,#1609,.T.);
#692=ORIENTED_EDGE('',*,*,#1603,.F.);
#693=ORIENTED_EDGE('',*,*,#1605,.F.);
#694=ORIENTED_EDGE('',*,*,#1610,.F.);
#695=ORIENTED_EDGE('',*,*,#1441,.F.);
#696=ORIENTED_EDGE('',*,*,#1611,.T.);
#697=ORIENTED_EDGE('',*,*,#1541,.F.);
#698=ORIENTED_EDGE('',*,*,#1610,.T.);
#699=ORIENTED_EDGE('',*,*,#1538,.F.);
#700=ORIENTED_EDGE('',*,*,#1612,.T.);
#701=ORIENTED_EDGE('',*,*,#1340,.F.);
#702=ORIENTED_EDGE('',*,*,#1613,.T.);
#703=ORIENTED_EDGE('',*,*,#1539,.F.);
#704=ORIENTED_EDGE('',*,*,#1614,.T.);
#705=ORIENTED_EDGE('',*,*,#1431,.F.);
#706=ORIENTED_EDGE('',*,*,#1615,.F.);
#707=ORIENTED_EDGE('',*,*,#1607,.F.);
#708=ORIENTED_EDGE('',*,*,#1602,.F.);
#709=ORIENTED_EDGE('',*,*,#1615,.T.);
#710=ORIENTED_EDGE('',*,*,#1609,.F.);
#711=ORIENTED_EDGE('',*,*,#1606,.F.);
#712=ORIENTED_EDGE('',*,*,#1616,.F.);
#713=ORIENTED_EDGE('',*,*,#1433,.F.);
#714=ORIENTED_EDGE('',*,*,#1617,.T.);
#715=ORIENTED_EDGE('',*,*,#1412,.F.);
#716=ORIENTED_EDGE('',*,*,#1616,.T.);
#717=ORIENTED_EDGE('',*,*,#1339,.F.);
#718=ORIENTED_EDGE('',*,*,#1618,.T.);
#719=ORIENTED_EDGE('',*,*,#1432,.F.);
#720=ORIENTED_EDGE('',*,*,#1619,.F.);
#721=ORIENTED_EDGE('',*,*,#1614,.F.);
#722=ORIENTED_EDGE('',*,*,#1613,.F.);
#723=ORIENTED_EDGE('',*,*,#1619,.T.);
#724=ORIENTED_EDGE('',*,*,#1620,.F.);
#725=ORIENTED_EDGE('',*,*,#1573,.F.);
#726=ORIENTED_EDGE('',*,*,#1621,.F.);
#727=ORIENTED_EDGE('',*,*,#1429,.F.);
#728=ORIENTED_EDGE('',*,*,#1621,.T.);
#729=ORIENTED_EDGE('',*,*,#1571,.F.);
#730=ORIENTED_EDGE('',*,*,#1622,.F.);
#731=ORIENTED_EDGE('',*,*,#1430,.F.);
#732=ORIENTED_EDGE('',*,*,#1620,.T.);
#733=ORIENTED_EDGE('',*,*,#1428,.F.);
#734=ORIENTED_EDGE('',*,*,#1623,.F.);
#735=ORIENTED_EDGE('',*,*,#1575,.F.);
#736=ORIENTED_EDGE('',*,*,#1622,.T.);
#737=ORIENTED_EDGE('',*,*,#1577,.F.);
#738=ORIENTED_EDGE('',*,*,#1623,.T.);
#739=ORIENTED_EDGE('',*,*,#1427,.F.);
#740=ORIENTED_EDGE('',*,*,#1604,.F.);
#741=ORIENTED_EDGE('',*,*,#1608,.F.);
#742=ORIENTED_EDGE('',*,*,#1624,.F.);
#743=ORIENTED_EDGE('',*,*,#1414,.F.);
#744=ORIENTED_EDGE('',*,*,#1625,.T.);
#745=ORIENTED_EDGE('',*,*,#1439,.F.);
#746=ORIENTED_EDGE('',*,*,#1624,.T.);
#747=ORIENTED_EDGE('',*,*,#1338,.F.);
#748=ORIENTED_EDGE('',*,*,#1626,.T.);
#749=ORIENTED_EDGE('',*,*,#1413,.F.);
#750=ORIENTED_EDGE('',*,*,#1627,.F.);
#751=ORIENTED_EDGE('',*,*,#1627,.T.);
#752=ORIENTED_EDGE('',*,*,#1617,.F.);
#753=ORIENTED_EDGE('',*,*,#1618,.F.);
#754=ORIENTED_EDGE('',*,*,#1628,.F.);
#755=ORIENTED_EDGE('',*,*,#1589,.F.);
#756=ORIENTED_EDGE('',*,*,#1629,.F.);
#757=ORIENTED_EDGE('',*,*,#1407,.F.);
#758=ORIENTED_EDGE('',*,*,#1629,.T.);
#759=ORIENTED_EDGE('',*,*,#1587,.F.);
#760=ORIENTED_EDGE('',*,*,#1630,.F.);
#761=ORIENTED_EDGE('',*,*,#1631,.T.);
#762=ORIENTED_EDGE('',*,*,#1579,.F.);
#763=ORIENTED_EDGE('',*,*,#1632,.F.);
#764=ORIENTED_EDGE('',*,*,#1404,.F.);
#765=ORIENTED_EDGE('',*,*,#1633,.F.);
#766=ORIENTED_EDGE('',*,*,#1591,.F.);
#767=ORIENTED_EDGE('',*,*,#1628,.T.);
#768=ORIENTED_EDGE('',*,*,#1406,.F.);
#769=ORIENTED_EDGE('',*,*,#1634,.F.);
#770=ORIENTED_EDGE('',*,*,#1583,.F.);
#771=ORIENTED_EDGE('',*,*,#1635,.T.);
#772=ORIENTED_EDGE('',*,*,#1593,.F.);
#773=ORIENTED_EDGE('',*,*,#1633,.T.);
#774=ORIENTED_EDGE('',*,*,#1636,.F.);
#775=ORIENTED_EDGE('',*,*,#1630,.T.);
#776=ORIENTED_EDGE('',*,*,#1635,.F.);
#777=ORIENTED_EDGE('',*,*,#1581,.F.);
#778=ORIENTED_EDGE('',*,*,#1631,.F.);
#779=ORIENTED_EDGE('',*,*,#1636,.T.);
#780=ORIENTED_EDGE('',*,*,#1632,.T.);
#781=ORIENTED_EDGE('',*,*,#1585,.F.);
#782=ORIENTED_EDGE('',*,*,#1634,.T.);
#783=ORIENTED_EDGE('',*,*,#1405,.F.);
#784=ORIENTED_EDGE('',*,*,#1637,.F.);
#785=ORIENTED_EDGE('',*,*,#1597,.F.);
#786=ORIENTED_EDGE('',*,*,#1638,.F.);
#787=ORIENTED_EDGE('',*,*,#1410,.F.);
#788=ORIENTED_EDGE('',*,*,#1638,.T.);
#789=ORIENTED_EDGE('',*,*,#1595,.F.);
#790=ORIENTED_EDGE('',*,*,#1639,.F.);
#791=ORIENTED_EDGE('',*,*,#1411,.F.);
#792=ORIENTED_EDGE('',*,*,#1637,.T.);
#793=ORIENTED_EDGE('',*,*,#1409,.F.);
#794=ORIENTED_EDGE('',*,*,#1640,.F.);
#795=ORIENTED_EDGE('',*,*,#1599,.F.);
#796=ORIENTED_EDGE('',*,*,#1639,.T.);
#797=ORIENTED_EDGE('',*,*,#1601,.F.);
#798=ORIENTED_EDGE('',*,*,#1640,.T.);
#799=ORIENTED_EDGE('',*,*,#1408,.F.);
#800=ORIENTED_EDGE('',*,*,#1625,.F.);
#801=ORIENTED_EDGE('',*,*,#1626,.F.);
#802=ORIENTED_EDGE('',*,*,#1641,.F.);
#803=ORIENTED_EDGE('',*,*,#1337,.F.);
#804=ORIENTED_EDGE('',*,*,#1642,.T.);
#805=ORIENTED_EDGE('',*,*,#1335,.F.);
#806=ORIENTED_EDGE('',*,*,#1643,.T.);
#807=ORIENTED_EDGE('',*,*,#1341,.F.);
#808=ORIENTED_EDGE('',*,*,#1644,.F.);
#809=ORIENTED_EDGE('',*,*,#1440,.F.);
#810=ORIENTED_EDGE('',*,*,#1641,.T.);
#811=ORIENTED_EDGE('',*,*,#1612,.F.);
#812=ORIENTED_EDGE('',*,*,#1611,.F.);
#813=ORIENTED_EDGE('',*,*,#1644,.T.);
#814=ORIENTED_EDGE('',*,*,#1645,.F.);
#815=ORIENTED_EDGE('',*,*,#1438,.F.);
#816=ORIENTED_EDGE('',*,*,#1646,.F.);
#817=ORIENTED_EDGE('',*,*,#1559,.F.);
#818=ORIENTED_EDGE('',*,*,#1646,.T.);
#819=ORIENTED_EDGE('',*,*,#1437,.F.);
#820=ORIENTED_EDGE('',*,*,#1647,.F.);
#821=ORIENTED_EDGE('',*,*,#1562,.F.);
#822=ORIENTED_EDGE('',*,*,#1645,.T.);
#823=ORIENTED_EDGE('',*,*,#1568,.F.);
#824=ORIENTED_EDGE('',*,*,#1648,.F.);
#825=ORIENTED_EDGE('',*,*,#1435,.F.);
#826=ORIENTED_EDGE('',*,*,#1647,.T.);
#827=ORIENTED_EDGE('',*,*,#1436,.F.);
#828=ORIENTED_EDGE('',*,*,#1648,.T.);
#829=ORIENTED_EDGE('',*,*,#1565,.F.);
#830=ORIENTED_EDGE('',*,*,#1649,.F.);
#831=ORIENTED_EDGE('',*,*,#1527,.F.);
#832=ORIENTED_EDGE('',*,*,#1650,.F.);
#833=ORIENTED_EDGE('',*,*,#1331,.F.);
#834=ORIENTED_EDGE('',*,*,#1650,.T.);
#835=ORIENTED_EDGE('',*,*,#1530,.F.);
#836=ORIENTED_EDGE('',*,*,#1651,.F.);
#837=ORIENTED_EDGE('',*,*,#1332,.F.);
#838=ORIENTED_EDGE('',*,*,#1649,.T.);
#839=ORIENTED_EDGE('',*,*,#1330,.F.);
#840=ORIENTED_EDGE('',*,*,#1652,.F.);
#841=ORIENTED_EDGE('',*,*,#1533,.F.);
#842=ORIENTED_EDGE('',*,*,#1651,.T.);
#843=ORIENTED_EDGE('',*,*,#1532,.F.);
#844=ORIENTED_EDGE('',*,*,#1652,.T.);
#845=ORIENTED_EDGE('',*,*,#1329,.F.);
#846=ORIENTED_EDGE('',*,*,#1642,.F.);
#847=ORIENTED_EDGE('',*,*,#1336,.F.);
#848=ORIENTED_EDGE('',*,*,#1552,.F.);
#849=ORIENTED_EDGE('',*,*,#1643,.F.);
#850=ORIENTED_EDGE('',*,*,#1342,.F.);
#851=ORIENTED_EDGE('',*,*,#1556,.F.);
#852=ORIENTED_EDGE('',*,*,#1333,.F.);
#853=ORIENTED_EDGE('',*,*,#1544,.F.);
#854=ORIENTED_EDGE('',*,*,#1334,.F.);
#855=ORIENTED_EDGE('',*,*,#1548,.F.);
#856=ORIENTED_EDGE('',*,*,#1653,.F.);
#857=ORIENTED_EDGE('',*,*,#1654,.F.);
#858=ORIENTED_EDGE('',*,*,#1655,.T.);
#859=ORIENTED_EDGE('',*,*,#1656,.T.);
#860=ORIENTED_EDGE('',*,*,#1657,.F.);
#861=ORIENTED_EDGE('',*,*,#1658,.F.);
#862=ORIENTED_EDGE('',*,*,#1659,.T.);
#863=ORIENTED_EDGE('',*,*,#1654,.T.);
#864=ORIENTED_EDGE('',*,*,#1660,.F.);
#865=ORIENTED_EDGE('',*,*,#1661,.F.);
#866=ORIENTED_EDGE('',*,*,#1662,.T.);
#867=ORIENTED_EDGE('',*,*,#1658,.T.);
#868=ORIENTED_EDGE('',*,*,#1663,.F.);
#869=ORIENTED_EDGE('',*,*,#1664,.F.);
#870=ORIENTED_EDGE('',*,*,#1665,.T.);
#871=ORIENTED_EDGE('',*,*,#1661,.T.);
#872=ORIENTED_EDGE('',*,*,#1666,.F.);
#873=ORIENTED_EDGE('',*,*,#1667,.F.);
#874=ORIENTED_EDGE('',*,*,#1668,.T.);
#875=ORIENTED_EDGE('',*,*,#1664,.T.);
#876=ORIENTED_EDGE('',*,*,#1669,.F.);
#877=ORIENTED_EDGE('',*,*,#1670,.F.);
#878=ORIENTED_EDGE('',*,*,#1671,.T.);
#879=ORIENTED_EDGE('',*,*,#1667,.T.);
#880=ORIENTED_EDGE('',*,*,#1672,.F.);
#881=ORIENTED_EDGE('',*,*,#1673,.F.);
#882=ORIENTED_EDGE('',*,*,#1674,.T.);
#883=ORIENTED_EDGE('',*,*,#1670,.T.);
#884=ORIENTED_EDGE('',*,*,#1675,.F.);
#885=ORIENTED_EDGE('',*,*,#1676,.F.);
#886=ORIENTED_EDGE('',*,*,#1677,.T.);
#887=ORIENTED_EDGE('',*,*,#1673,.T.);
#888=ORIENTED_EDGE('',*,*,#1318,.F.);
#889=ORIENTED_EDGE('',*,*,#1678,.F.);
#890=ORIENTED_EDGE('',*,*,#1679,.T.);
#891=ORIENTED_EDGE('',*,*,#1680,.T.);
#892=ORIENTED_EDGE('',*,*,#1328,.F.);
#893=ORIENTED_EDGE('',*,*,#1681,.F.);
#894=ORIENTED_EDGE('',*,*,#1682,.T.);
#895=ORIENTED_EDGE('',*,*,#1678,.T.);
#896=ORIENTED_EDGE('',*,*,#1327,.F.);
#897=ORIENTED_EDGE('',*,*,#1683,.F.);
#898=ORIENTED_EDGE('',*,*,#1684,.T.);
#899=ORIENTED_EDGE('',*,*,#1681,.T.);
#900=ORIENTED_EDGE('',*,*,#1326,.F.);
#901=ORIENTED_EDGE('',*,*,#1685,.F.);
#902=ORIENTED_EDGE('',*,*,#1686,.T.);
#903=ORIENTED_EDGE('',*,*,#1683,.T.);
#904=ORIENTED_EDGE('',*,*,#1325,.F.);
#905=ORIENTED_EDGE('',*,*,#1687,.F.);
#906=ORIENTED_EDGE('',*,*,#1688,.T.);
#907=ORIENTED_EDGE('',*,*,#1685,.T.);
#908=ORIENTED_EDGE('',*,*,#1324,.F.);
#909=ORIENTED_EDGE('',*,*,#1689,.F.);
#910=ORIENTED_EDGE('',*,*,#1690,.T.);
#911=ORIENTED_EDGE('',*,*,#1687,.T.);
#912=ORIENTED_EDGE('',*,*,#1323,.F.);
#913=ORIENTED_EDGE('',*,*,#1691,.F.);
#914=ORIENTED_EDGE('',*,*,#1692,.T.);
#915=ORIENTED_EDGE('',*,*,#1689,.T.);
#916=ORIENTED_EDGE('',*,*,#1322,.F.);
#917=ORIENTED_EDGE('',*,*,#1693,.F.);
#918=ORIENTED_EDGE('',*,*,#1694,.T.);
#919=ORIENTED_EDGE('',*,*,#1691,.T.);
#920=ORIENTED_EDGE('',*,*,#1321,.F.);
#921=ORIENTED_EDGE('',*,*,#1695,.F.);
#922=ORIENTED_EDGE('',*,*,#1696,.T.);
#923=ORIENTED_EDGE('',*,*,#1693,.T.);
#924=ORIENTED_EDGE('',*,*,#1320,.F.);
#925=ORIENTED_EDGE('',*,*,#1697,.F.);
#926=ORIENTED_EDGE('',*,*,#1698,.T.);
#927=ORIENTED_EDGE('',*,*,#1695,.T.);
#928=ORIENTED_EDGE('',*,*,#1319,.F.);
#929=ORIENTED_EDGE('',*,*,#1680,.F.);
#930=ORIENTED_EDGE('',*,*,#1699,.T.);
#931=ORIENTED_EDGE('',*,*,#1697,.T.);
#932=ORIENTED_EDGE('',*,*,#1700,.F.);
#933=ORIENTED_EDGE('',*,*,#1656,.F.);
#934=ORIENTED_EDGE('',*,*,#1701,.T.);
#935=ORIENTED_EDGE('',*,*,#1676,.T.);
#936=ORIENTED_EDGE('',*,*,#1679,.F.);
#937=ORIENTED_EDGE('',*,*,#1682,.F.);
#938=ORIENTED_EDGE('',*,*,#1684,.F.);
#939=ORIENTED_EDGE('',*,*,#1686,.F.);
#940=ORIENTED_EDGE('',*,*,#1688,.F.);
#941=ORIENTED_EDGE('',*,*,#1690,.F.);
#942=ORIENTED_EDGE('',*,*,#1692,.F.);
#943=ORIENTED_EDGE('',*,*,#1694,.F.);
#944=ORIENTED_EDGE('',*,*,#1696,.F.);
#945=ORIENTED_EDGE('',*,*,#1698,.F.);
#946=ORIENTED_EDGE('',*,*,#1699,.F.);
#947=ORIENTED_EDGE('',*,*,#1655,.F.);
#948=ORIENTED_EDGE('',*,*,#1659,.F.);
#949=ORIENTED_EDGE('',*,*,#1662,.F.);
#950=ORIENTED_EDGE('',*,*,#1665,.F.);
#951=ORIENTED_EDGE('',*,*,#1668,.F.);
#952=ORIENTED_EDGE('',*,*,#1671,.F.);
#953=ORIENTED_EDGE('',*,*,#1674,.F.);
#954=ORIENTED_EDGE('',*,*,#1677,.F.);
#955=ORIENTED_EDGE('',*,*,#1701,.F.);
#956=ORIENTED_EDGE('',*,*,#1343,.F.);
#957=ORIENTED_EDGE('',*,*,#1702,.F.);
#958=ORIENTED_EDGE('',*,*,#1703,.T.);
#959=ORIENTED_EDGE('',*,*,#1704,.T.);
#960=ORIENTED_EDGE('',*,*,#1354,.F.);
#961=ORIENTED_EDGE('',*,*,#1705,.F.);
#962=ORIENTED_EDGE('',*,*,#1706,.T.);
#963=ORIENTED_EDGE('',*,*,#1702,.T.);
#964=ORIENTED_EDGE('',*,*,#1353,.F.);
#965=ORIENTED_EDGE('',*,*,#1707,.F.);
#966=ORIENTED_EDGE('',*,*,#1708,.T.);
#967=ORIENTED_EDGE('',*,*,#1705,.T.);
#968=ORIENTED_EDGE('',*,*,#1352,.F.);
#969=ORIENTED_EDGE('',*,*,#1709,.F.);
#970=ORIENTED_EDGE('',*,*,#1710,.T.);
#971=ORIENTED_EDGE('',*,*,#1707,.T.);
#972=ORIENTED_EDGE('',*,*,#1351,.F.);
#973=ORIENTED_EDGE('',*,*,#1711,.F.);
#974=ORIENTED_EDGE('',*,*,#1712,.T.);
#975=ORIENTED_EDGE('',*,*,#1709,.T.);
#976=ORIENTED_EDGE('',*,*,#1350,.F.);
#977=ORIENTED_EDGE('',*,*,#1713,.F.);
#978=ORIENTED_EDGE('',*,*,#1714,.T.);
#979=ORIENTED_EDGE('',*,*,#1711,.T.);
#980=ORIENTED_EDGE('',*,*,#1349,.F.);
#981=ORIENTED_EDGE('',*,*,#1715,.F.);
#982=ORIENTED_EDGE('',*,*,#1716,.T.);
#983=ORIENTED_EDGE('',*,*,#1713,.T.);
#984=ORIENTED_EDGE('',*,*,#1348,.F.);
#985=ORIENTED_EDGE('',*,*,#1717,.F.);
#986=ORIENTED_EDGE('',*,*,#1718,.T.);
#987=ORIENTED_EDGE('',*,*,#1715,.T.);
#988=ORIENTED_EDGE('',*,*,#1347,.F.);
#989=ORIENTED_EDGE('',*,*,#1719,.F.);
#990=ORIENTED_EDGE('',*,*,#1720,.T.);
#991=ORIENTED_EDGE('',*,*,#1717,.T.);
#992=ORIENTED_EDGE('',*,*,#1346,.F.);
#993=ORIENTED_EDGE('',*,*,#1721,.F.);
#994=ORIENTED_EDGE('',*,*,#1722,.T.);
#995=ORIENTED_EDGE('',*,*,#1719,.T.);
#996=ORIENTED_EDGE('',*,*,#1345,.F.);
#997=ORIENTED_EDGE('',*,*,#1723,.F.);
#998=ORIENTED_EDGE('',*,*,#1724,.T.);
#999=ORIENTED_EDGE('',*,*,#1721,.T.);
#1000=ORIENTED_EDGE('',*,*,#1344,.F.);
#1001=ORIENTED_EDGE('',*,*,#1704,.F.);
#1002=ORIENTED_EDGE('',*,*,#1725,.T.);
#1003=ORIENTED_EDGE('',*,*,#1723,.T.);
#1004=ORIENTED_EDGE('',*,*,#1703,.F.);
#1005=ORIENTED_EDGE('',*,*,#1706,.F.);
#1006=ORIENTED_EDGE('',*,*,#1708,.F.);
#1007=ORIENTED_EDGE('',*,*,#1710,.F.);
#1008=ORIENTED_EDGE('',*,*,#1712,.F.);
#1009=ORIENTED_EDGE('',*,*,#1714,.F.);
#1010=ORIENTED_EDGE('',*,*,#1716,.F.);
#1011=ORIENTED_EDGE('',*,*,#1718,.F.);
#1012=ORIENTED_EDGE('',*,*,#1720,.F.);
#1013=ORIENTED_EDGE('',*,*,#1722,.F.);
#1014=ORIENTED_EDGE('',*,*,#1724,.F.);
#1015=ORIENTED_EDGE('',*,*,#1725,.F.);
#1016=ORIENTED_EDGE('',*,*,#1306,.F.);
#1017=ORIENTED_EDGE('',*,*,#1726,.F.);
#1018=ORIENTED_EDGE('',*,*,#1727,.T.);
#1019=ORIENTED_EDGE('',*,*,#1728,.T.);
#1020=ORIENTED_EDGE('',*,*,#1317,.F.);
#1021=ORIENTED_EDGE('',*,*,#1729,.F.);
#1022=ORIENTED_EDGE('',*,*,#1730,.T.);
#1023=ORIENTED_EDGE('',*,*,#1726,.T.);
#1024=ORIENTED_EDGE('',*,*,#1316,.F.);
#1025=ORIENTED_EDGE('',*,*,#1731,.F.);
#1026=ORIENTED_EDGE('',*,*,#1732,.T.);
#1027=ORIENTED_EDGE('',*,*,#1729,.T.);
#1028=ORIENTED_EDGE('',*,*,#1315,.F.);
#1029=ORIENTED_EDGE('',*,*,#1733,.F.);
#1030=ORIENTED_EDGE('',*,*,#1734,.T.);
#1031=ORIENTED_EDGE('',*,*,#1731,.T.);
#1032=ORIENTED_EDGE('',*,*,#1314,.F.);
#1033=ORIENTED_EDGE('',*,*,#1735,.F.);
#1034=ORIENTED_EDGE('',*,*,#1736,.T.);
#1035=ORIENTED_EDGE('',*,*,#1733,.T.);
#1036=ORIENTED_EDGE('',*,*,#1313,.F.);
#1037=ORIENTED_EDGE('',*,*,#1737,.F.);
#1038=ORIENTED_EDGE('',*,*,#1738,.T.);
#1039=ORIENTED_EDGE('',*,*,#1735,.T.);
#1040=ORIENTED_EDGE('',*,*,#1312,.F.);
#1041=ORIENTED_EDGE('',*,*,#1739,.F.);
#1042=ORIENTED_EDGE('',*,*,#1740,.T.);
#1043=ORIENTED_EDGE('',*,*,#1737,.T.);
#1044=ORIENTED_EDGE('',*,*,#1311,.F.);
#1045=ORIENTED_EDGE('',*,*,#1741,.F.);
#1046=ORIENTED_EDGE('',*,*,#1742,.T.);
#1047=ORIENTED_EDGE('',*,*,#1739,.T.);
#1048=ORIENTED_EDGE('',*,*,#1310,.F.);
#1049=ORIENTED_EDGE('',*,*,#1743,.F.);
#1050=ORIENTED_EDGE('',*,*,#1744,.T.);
#1051=ORIENTED_EDGE('',*,*,#1741,.T.);
#1052=ORIENTED_EDGE('',*,*,#1309,.F.);
#1053=ORIENTED_EDGE('',*,*,#1745,.F.);
#1054=ORIENTED_EDGE('',*,*,#1746,.T.);
#1055=ORIENTED_EDGE('',*,*,#1743,.T.);
#1056=ORIENTED_EDGE('',*,*,#1308,.F.);
#1057=ORIENTED_EDGE('',*,*,#1747,.F.);
#1058=ORIENTED_EDGE('',*,*,#1748,.T.);
#1059=ORIENTED_EDGE('',*,*,#1745,.T.);
#1060=ORIENTED_EDGE('',*,*,#1307,.F.);
#1061=ORIENTED_EDGE('',*,*,#1728,.F.);
#1062=ORIENTED_EDGE('',*,*,#1749,.T.);
#1063=ORIENTED_EDGE('',*,*,#1747,.T.);
#1064=ORIENTED_EDGE('',*,*,#1727,.F.);
#1065=ORIENTED_EDGE('',*,*,#1730,.F.);
#1066=ORIENTED_EDGE('',*,*,#1732,.F.);
#1067=ORIENTED_EDGE('',*,*,#1734,.F.);
#1068=ORIENTED_EDGE('',*,*,#1736,.F.);
#1069=ORIENTED_EDGE('',*,*,#1738,.F.);
#1070=ORIENTED_EDGE('',*,*,#1740,.F.);
#1071=ORIENTED_EDGE('',*,*,#1742,.F.);
#1072=ORIENTED_EDGE('',*,*,#1744,.F.);
#1073=ORIENTED_EDGE('',*,*,#1746,.F.);
#1074=ORIENTED_EDGE('',*,*,#1748,.F.);
#1075=ORIENTED_EDGE('',*,*,#1749,.F.);
#1076=ORIENTED_EDGE('',*,*,#1355,.F.);
#1077=ORIENTED_EDGE('',*,*,#1750,.F.);
#1078=ORIENTED_EDGE('',*,*,#1751,.T.);
#1079=ORIENTED_EDGE('',*,*,#1752,.T.);
#1080=ORIENTED_EDGE('',*,*,#1372,.F.);
#1081=ORIENTED_EDGE('',*,*,#1753,.F.);
#1082=ORIENTED_EDGE('',*,*,#1754,.T.);
#1083=ORIENTED_EDGE('',*,*,#1750,.T.);
#1084=ORIENTED_EDGE('',*,*,#1371,.F.);
#1085=ORIENTED_EDGE('',*,*,#1755,.F.);
#1086=ORIENTED_EDGE('',*,*,#1756,.T.);
#1087=ORIENTED_EDGE('',*,*,#1753,.T.);
#1088=ORIENTED_EDGE('',*,*,#1370,.F.);
#1089=ORIENTED_EDGE('',*,*,#1757,.F.);
#1090=ORIENTED_EDGE('',*,*,#1758,.T.);
#1091=ORIENTED_EDGE('',*,*,#1755,.T.);
#1092=ORIENTED_EDGE('',*,*,#1369,.F.);
#1093=ORIENTED_EDGE('',*,*,#1759,.F.);
#1094=ORIENTED_EDGE('',*,*,#1760,.T.);
#1095=ORIENTED_EDGE('',*,*,#1757,.T.);
#1096=ORIENTED_EDGE('',*,*,#1368,.F.);
#1097=ORIENTED_EDGE('',*,*,#1761,.F.);
#1098=ORIENTED_EDGE('',*,*,#1762,.T.);
#1099=ORIENTED_EDGE('',*,*,#1759,.T.);
#1100=ORIENTED_EDGE('',*,*,#1367,.F.);
#1101=ORIENTED_EDGE('',*,*,#1763,.F.);
#1102=ORIENTED_EDGE('',*,*,#1764,.T.);
#1103=ORIENTED_EDGE('',*,*,#1761,.T.);
#1104=ORIENTED_EDGE('',*,*,#1366,.F.);
#1105=ORIENTED_EDGE('',*,*,#1765,.F.);
#1106=ORIENTED_EDGE('',*,*,#1766,.T.);
#1107=ORIENTED_EDGE('',*,*,#1763,.T.);
#1108=ORIENTED_EDGE('',*,*,#1365,.F.);
#1109=ORIENTED_EDGE('',*,*,#1767,.F.);
#1110=ORIENTED_EDGE('',*,*,#1768,.T.);
#1111=ORIENTED_EDGE('',*,*,#1765,.T.);
#1112=ORIENTED_EDGE('',*,*,#1364,.F.);
#1113=ORIENTED_EDGE('',*,*,#1769,.F.);
#1114=ORIENTED_EDGE('',*,*,#1770,.T.);
#1115=ORIENTED_EDGE('',*,*,#1767,.T.);
#1116=ORIENTED_EDGE('',*,*,#1363,.F.);
#1117=ORIENTED_EDGE('',*,*,#1771,.F.);
#1118=ORIENTED_EDGE('',*,*,#1772,.T.);
#1119=ORIENTED_EDGE('',*,*,#1769,.T.);
#1120=ORIENTED_EDGE('',*,*,#1362,.F.);
#1121=ORIENTED_EDGE('',*,*,#1773,.F.);
#1122=ORIENTED_EDGE('',*,*,#1774,.T.);
#1123=ORIENTED_EDGE('',*,*,#1771,.T.);
#1124=ORIENTED_EDGE('',*,*,#1361,.F.);
#1125=ORIENTED_EDGE('',*,*,#1775,.F.);
#1126=ORIENTED_EDGE('',*,*,#1776,.T.);
#1127=ORIENTED_EDGE('',*,*,#1773,.T.);
#1128=ORIENTED_EDGE('',*,*,#1360,.F.);
#1129=ORIENTED_EDGE('',*,*,#1777,.F.);
#1130=ORIENTED_EDGE('',*,*,#1778,.T.);
#1131=ORIENTED_EDGE('',*,*,#1775,.T.);
#1132=ORIENTED_EDGE('',*,*,#1359,.F.);
#1133=ORIENTED_EDGE('',*,*,#1779,.F.);
#1134=ORIENTED_EDGE('',*,*,#1780,.T.);
#1135=ORIENTED_EDGE('',*,*,#1777,.T.);
#1136=ORIENTED_EDGE('',*,*,#1358,.F.);
#1137=ORIENTED_EDGE('',*,*,#1781,.F.);
#1138=ORIENTED_EDGE('',*,*,#1782,.T.);
#1139=ORIENTED_EDGE('',*,*,#1779,.T.);
#1140=ORIENTED_EDGE('',*,*,#1357,.F.);
#1141=ORIENTED_EDGE('',*,*,#1783,.F.);
#1142=ORIENTED_EDGE('',*,*,#1784,.T.);
#1143=ORIENTED_EDGE('',*,*,#1781,.T.);
#1144=ORIENTED_EDGE('',*,*,#1356,.F.);
#1145=ORIENTED_EDGE('',*,*,#1752,.F.);
#1146=ORIENTED_EDGE('',*,*,#1785,.T.);
#1147=ORIENTED_EDGE('',*,*,#1783,.T.);
#1148=ORIENTED_EDGE('',*,*,#1751,.F.);
#1149=ORIENTED_EDGE('',*,*,#1754,.F.);
#1150=ORIENTED_EDGE('',*,*,#1756,.F.);
#1151=ORIENTED_EDGE('',*,*,#1758,.F.);
#1152=ORIENTED_EDGE('',*,*,#1760,.F.);
#1153=ORIENTED_EDGE('',*,*,#1762,.F.);
#1154=ORIENTED_EDGE('',*,*,#1764,.F.);
#1155=ORIENTED_EDGE('',*,*,#1766,.F.);
#1156=ORIENTED_EDGE('',*,*,#1768,.F.);
#1157=ORIENTED_EDGE('',*,*,#1770,.F.);
#1158=ORIENTED_EDGE('',*,*,#1772,.F.);
#1159=ORIENTED_EDGE('',*,*,#1774,.F.);
#1160=ORIENTED_EDGE('',*,*,#1776,.F.);
#1161=ORIENTED_EDGE('',*,*,#1778,.F.);
#1162=ORIENTED_EDGE('',*,*,#1780,.F.);
#1163=ORIENTED_EDGE('',*,*,#1782,.F.);
#1164=ORIENTED_EDGE('',*,*,#1784,.F.);
#1165=ORIENTED_EDGE('',*,*,#1785,.F.);
#1166=ORIENTED_EDGE('',*,*,#1786,.F.);
#1167=ORIENTED_EDGE('',*,*,#1787,.F.);
#1168=ORIENTED_EDGE('',*,*,#1788,.T.);
#1169=ORIENTED_EDGE('',*,*,#1789,.T.);
#1170=ORIENTED_EDGE('',*,*,#1790,.F.);
#1171=ORIENTED_EDGE('',*,*,#1791,.F.);
#1172=ORIENTED_EDGE('',*,*,#1792,.T.);
#1173=ORIENTED_EDGE('',*,*,#1787,.T.);
#1174=ORIENTED_EDGE('',*,*,#1298,.F.);
#1175=ORIENTED_EDGE('',*,*,#1793,.F.);
#1176=ORIENTED_EDGE('',*,*,#1794,.T.);
#1177=ORIENTED_EDGE('',*,*,#1795,.T.);
#1178=ORIENTED_EDGE('',*,*,#1305,.F.);
#1179=ORIENTED_EDGE('',*,*,#1796,.F.);
#1180=ORIENTED_EDGE('',*,*,#1797,.T.);
#1181=ORIENTED_EDGE('',*,*,#1793,.T.);
#1182=ORIENTED_EDGE('',*,*,#1304,.F.);
#1183=ORIENTED_EDGE('',*,*,#1798,.F.);
#1184=ORIENTED_EDGE('',*,*,#1799,.T.);
#1185=ORIENTED_EDGE('',*,*,#1796,.T.);
#1186=ORIENTED_EDGE('',*,*,#1303,.F.);
#1187=ORIENTED_EDGE('',*,*,#1800,.F.);
#1188=ORIENTED_EDGE('',*,*,#1801,.T.);
#1189=ORIENTED_EDGE('',*,*,#1798,.T.);
#1190=ORIENTED_EDGE('',*,*,#1302,.F.);
#1191=ORIENTED_EDGE('',*,*,#1802,.F.);
#1192=ORIENTED_EDGE('',*,*,#1803,.T.);
#1193=ORIENTED_EDGE('',*,*,#1800,.T.);
#1194=ORIENTED_EDGE('',*,*,#1301,.F.);
#1195=ORIENTED_EDGE('',*,*,#1804,.F.);
#1196=ORIENTED_EDGE('',*,*,#1805,.T.);
#1197=ORIENTED_EDGE('',*,*,#1802,.T.);
#1198=ORIENTED_EDGE('',*,*,#1300,.F.);
#1199=ORIENTED_EDGE('',*,*,#1806,.F.);
#1200=ORIENTED_EDGE('',*,*,#1807,.T.);
#1201=ORIENTED_EDGE('',*,*,#1804,.T.);
#1202=ORIENTED_EDGE('',*,*,#1299,.F.);
#1203=ORIENTED_EDGE('',*,*,#1795,.F.);
#1204=ORIENTED_EDGE('',*,*,#1808,.T.);
#1205=ORIENTED_EDGE('',*,*,#1806,.T.);
#1206=ORIENTED_EDGE('',*,*,#1809,.F.);
#1207=ORIENTED_EDGE('',*,*,#1789,.F.);
#1208=ORIENTED_EDGE('',*,*,#1810,.T.);
#1209=ORIENTED_EDGE('',*,*,#1791,.T.);
#1210=ORIENTED_EDGE('',*,*,#1794,.F.);
#1211=ORIENTED_EDGE('',*,*,#1797,.F.);
#1212=ORIENTED_EDGE('',*,*,#1799,.F.);
#1213=ORIENTED_EDGE('',*,*,#1801,.F.);
#1214=ORIENTED_EDGE('',*,*,#1803,.F.);
#1215=ORIENTED_EDGE('',*,*,#1805,.F.);
#1216=ORIENTED_EDGE('',*,*,#1807,.F.);
#1217=ORIENTED_EDGE('',*,*,#1808,.F.);
#1218=ORIENTED_EDGE('',*,*,#1788,.F.);
#1219=ORIENTED_EDGE('',*,*,#1792,.F.);
#1220=ORIENTED_EDGE('',*,*,#1810,.F.);
#1221=ORIENTED_EDGE('',*,*,#1373,.F.);
#1222=ORIENTED_EDGE('',*,*,#1811,.F.);
#1223=ORIENTED_EDGE('',*,*,#1812,.T.);
#1224=ORIENTED_EDGE('',*,*,#1813,.T.);
#1225=ORIENTED_EDGE('',*,*,#1385,.F.);
#1226=ORIENTED_EDGE('',*,*,#1814,.F.);
#1227=ORIENTED_EDGE('',*,*,#1815,.T.);
#1228=ORIENTED_EDGE('',*,*,#1811,.T.);
#1229=ORIENTED_EDGE('',*,*,#1384,.F.);
#1230=ORIENTED_EDGE('',*,*,#1816,.F.);
#1231=ORIENTED_EDGE('',*,*,#1817,.T.);
#1232=ORIENTED_EDGE('',*,*,#1814,.T.);
#1233=ORIENTED_EDGE('',*,*,#1383,.F.);
#1234=ORIENTED_EDGE('',*,*,#1818,.F.);
#1235=ORIENTED_EDGE('',*,*,#1819,.T.);
#1236=ORIENTED_EDGE('',*,*,#1816,.T.);
#1237=ORIENTED_EDGE('',*,*,#1382,.F.);
#1238=ORIENTED_EDGE('',*,*,#1820,.F.);
#1239=ORIENTED_EDGE('',*,*,#1821,.T.);
#1240=ORIENTED_EDGE('',*,*,#1818,.T.);
#1241=ORIENTED_EDGE('',*,*,#1381,.F.);
#1242=ORIENTED_EDGE('',*,*,#1822,.F.);
#1243=ORIENTED_EDGE('',*,*,#1823,.T.);
#1244=ORIENTED_EDGE('',*,*,#1820,.T.);
#1245=ORIENTED_EDGE('',*,*,#1380,.F.);
#1246=ORIENTED_EDGE('',*,*,#1824,.F.);
#1247=ORIENTED_EDGE('',*,*,#1825,.T.);
#1248=ORIENTED_EDGE('',*,*,#1822,.T.);
#1249=ORIENTED_EDGE('',*,*,#1379,.F.);
#1250=ORIENTED_EDGE('',*,*,#1826,.F.);
#1251=ORIENTED_EDGE('',*,*,#1827,.T.);
#1252=ORIENTED_EDGE('',*,*,#1824,.T.);
#1253=ORIENTED_EDGE('',*,*,#1378,.F.);
#1254=ORIENTED_EDGE('',*,*,#1828,.F.);
#1255=ORIENTED_EDGE('',*,*,#1829,.T.);
#1256=ORIENTED_EDGE('',*,*,#1826,.T.);
#1257=ORIENTED_EDGE('',*,*,#1377,.F.);
#1258=ORIENTED_EDGE('',*,*,#1830,.F.);
#1259=ORIENTED_EDGE('',*,*,#1831,.T.);
#1260=ORIENTED_EDGE('',*,*,#1828,.T.);
#1261=ORIENTED_EDGE('',*,*,#1376,.F.);
#1262=ORIENTED_EDGE('',*,*,#1832,.F.);
#1263=ORIENTED_EDGE('',*,*,#1833,.T.);
#1264=ORIENTED_EDGE('',*,*,#1830,.T.);
#1265=ORIENTED_EDGE('',*,*,#1375,.F.);
#1266=ORIENTED_EDGE('',*,*,#1834,.F.);
#1267=ORIENTED_EDGE('',*,*,#1835,.T.);
#1268=ORIENTED_EDGE('',*,*,#1832,.T.);
#1269=ORIENTED_EDGE('',*,*,#1374,.F.);
#1270=ORIENTED_EDGE('',*,*,#1813,.F.);
#1271=ORIENTED_EDGE('',*,*,#1836,.T.);
#1272=ORIENTED_EDGE('',*,*,#1834,.T.);
#1273=ORIENTED_EDGE('',*,*,#1812,.F.);
#1274=ORIENTED_EDGE('',*,*,#1815,.F.);
#1275=ORIENTED_EDGE('',*,*,#1817,.F.);
#1276=ORIENTED_EDGE('',*,*,#1819,.F.);
#1277=ORIENTED_EDGE('',*,*,#1821,.F.);
#1278=ORIENTED_EDGE('',*,*,#1823,.F.);
#1279=ORIENTED_EDGE('',*,*,#1825,.F.);
#1280=ORIENTED_EDGE('',*,*,#1827,.F.);
#1281=ORIENTED_EDGE('',*,*,#1829,.F.);
#1282=ORIENTED_EDGE('',*,*,#1831,.F.);
#1283=ORIENTED_EDGE('',*,*,#1833,.F.);
#1284=ORIENTED_EDGE('',*,*,#1835,.F.);
#1285=ORIENTED_EDGE('',*,*,#1836,.F.);
#1286=ORIENTED_EDGE('',*,*,#1653,.T.);
#1287=ORIENTED_EDGE('',*,*,#1700,.T.);
#1288=ORIENTED_EDGE('',*,*,#1675,.T.);
#1289=ORIENTED_EDGE('',*,*,#1672,.T.);
#1290=ORIENTED_EDGE('',*,*,#1669,.T.);
#1291=ORIENTED_EDGE('',*,*,#1666,.T.);
#1292=ORIENTED_EDGE('',*,*,#1663,.T.);
#1293=ORIENTED_EDGE('',*,*,#1660,.T.);
#1294=ORIENTED_EDGE('',*,*,#1657,.T.);
#1295=ORIENTED_EDGE('',*,*,#1786,.T.);
#1296=ORIENTED_EDGE('',*,*,#1809,.T.);
#1297=ORIENTED_EDGE('',*,*,#1790,.T.);
#1298=EDGE_CURVE('',#1837,#1838,#2189,.T.);
#1299=EDGE_CURVE('',#1838,#1839,#2190,.T.);
#1300=EDGE_CURVE('',#1839,#1840,#2191,.T.);
#1301=EDGE_CURVE('',#1840,#1841,#2192,.T.);
#1302=EDGE_CURVE('',#1841,#1842,#2193,.T.);
#1303=EDGE_CURVE('',#1842,#1843,#2194,.T.);
#1304=EDGE_CURVE('',#1843,#1844,#2195,.T.);
#1305=EDGE_CURVE('',#1844,#1837,#2196,.T.);
#1306=EDGE_CURVE('',#1845,#1846,#2197,.T.);
#1307=EDGE_CURVE('',#1846,#1847,#2198,.T.);
#1308=EDGE_CURVE('',#1847,#1848,#2199,.T.);
#1309=EDGE_CURVE('',#1848,#1849,#2200,.T.);
#1310=EDGE_CURVE('',#1849,#1850,#2201,.T.);
#1311=EDGE_CURVE('',#1850,#1851,#2202,.T.);
#1312=EDGE_CURVE('',#1851,#1852,#2203,.T.);
#1313=EDGE_CURVE('',#1852,#1853,#2204,.T.);
#1314=EDGE_CURVE('',#1853,#1854,#2205,.T.);
#1315=EDGE_CURVE('',#1854,#1855,#2206,.T.);
#1316=EDGE_CURVE('',#1855,#1856,#2207,.T.);
#1317=EDGE_CURVE('',#1856,#1845,#2208,.T.);
#1318=EDGE_CURVE('',#1857,#1858,#2209,.T.);
#1319=EDGE_CURVE('',#1858,#1859,#2210,.T.);
#1320=EDGE_CURVE('',#1859,#1860,#172,.T.);
#1321=EDGE_CURVE('',#1860,#1861,#173,.T.);
#1322=EDGE_CURVE('',#1861,#1862,#174,.T.);
#1323=EDGE_CURVE('',#1862,#1863,#175,.T.);
#1324=EDGE_CURVE('',#1863,#1864,#176,.T.);
#1325=EDGE_CURVE('',#1864,#1865,#177,.T.);
#1326=EDGE_CURVE('',#1865,#1866,#2211,.T.);
#1327=EDGE_CURVE('',#1866,#1867,#2212,.T.);
#1328=EDGE_CURVE('',#1867,#1857,#2213,.T.);
#1329=EDGE_CURVE('',#1868,#1869,#2214,.T.);
#1330=EDGE_CURVE('',#1869,#1870,#2215,.F.);
#1331=EDGE_CURVE('',#1870,#1871,#2216,.F.);
#1332=EDGE_CURVE('',#1871,#1868,#2217,.T.);
#1333=EDGE_CURVE('',#1872,#1872,#126,.T.);
#1334=EDGE_CURVE('',#1873,#1873,#127,.T.);
#1335=EDGE_CURVE('',#1874,#1875,#2218,.T.);
#1336=EDGE_CURVE('',#1875,#1876,#128,.T.);
#1337=EDGE_CURVE('',#1876,#1877,#2219,.T.);
#1338=EDGE_CURVE('',#1877,#1878,#2220,.T.);
#1339=EDGE_CURVE('',#1878,#1879,#2221,.F.);
#1340=EDGE_CURVE('',#1879,#1880,#2222,.F.);
#1341=EDGE_CURVE('',#1880,#1881,#2223,.T.);
#1342=EDGE_CURVE('',#1881,#1874,#129,.T.);
#1343=EDGE_CURVE('',#1882,#1883,#2224,.T.);
#1344=EDGE_CURVE('',#1883,#1884,#2225,.T.);
#1345=EDGE_CURVE('',#1884,#1885,#2226,.T.);
#1346=EDGE_CURVE('',#1885,#1886,#2227,.T.);
#1347=EDGE_CURVE('',#1886,#1887,#2228,.T.);
#1348=EDGE_CURVE('',#1887,#1888,#2229,.T.);
#1349=EDGE_CURVE('',#1888,#1889,#2230,.T.);
#1350=EDGE_CURVE('',#1889,#1890,#2231,.T.);
#1351=EDGE_CURVE('',#1890,#1891,#2232,.T.);
#1352=EDGE_CURVE('',#1891,#1892,#2233,.T.);
#1353=EDGE_CURVE('',#1892,#1893,#2234,.T.);
#1354=EDGE_CURVE('',#1893,#1882,#2235,.T.);
#1355=EDGE_CURVE('',#1894,#1895,#178,.T.);
#1356=EDGE_CURVE('',#1895,#1896,#179,.T.);
#1357=EDGE_CURVE('',#1896,#1897,#180,.T.);
#1358=EDGE_CURVE('',#1897,#1898,#2236,.T.);
#1359=EDGE_CURVE('',#1898,#1899,#2237,.T.);
#1360=EDGE_CURVE('',#1899,#1900,#2238,.T.);
#1361=EDGE_CURVE('',#1900,#1901,#181,.T.);
#1362=EDGE_CURVE('',#1901,#1902,#182,.T.);
#1363=EDGE_CURVE('',#1902,#1903,#183,.T.);
#1364=EDGE_CURVE('',#1903,#1904,#184,.T.);
#1365=EDGE_CURVE('',#1904,#1905,#185,.T.);
#1366=EDGE_CURVE('',#1905,#1906,#186,.T.);
#1367=EDGE_CURVE('',#1906,#1907,#2239,.T.);
#1368=EDGE_CURVE('',#1907,#1908,#2240,.T.);
#1369=EDGE_CURVE('',#1908,#1909,#2241,.T.);
#1370=EDGE_CURVE('',#1909,#1910,#187,.T.);
#1371=EDGE_CURVE('',#1910,#1911,#188,.T.);
#1372=EDGE_CURVE('',#1911,#1894,#189,.T.);
#1373=EDGE_CURVE('',#1912,#1913,#2242,.T.);
#1374=EDGE_CURVE('',#1913,#1914,#2243,.T.);
#1375=EDGE_CURVE('',#1914,#1915,#2244,.T.);
#1376=EDGE_CURVE('',#1915,#1916,#2245,.T.);
#1377=EDGE_CURVE('',#1916,#1917,#2246,.T.);
#1378=EDGE_CURVE('',#1917,#1918,#2247,.T.);
#1379=EDGE_CURVE('',#1918,#1919,#2248,.T.);
#1380=EDGE_CURVE('',#1919,#1920,#2249,.T.);
#1381=EDGE_CURVE('',#1920,#1921,#2250,.T.);
#1382=EDGE_CURVE('',#1921,#1922,#2251,.T.);
#1383=EDGE_CURVE('',#1922,#1923,#2252,.T.);
#1384=EDGE_CURVE('',#1923,#1924,#2253,.T.);
#1385=EDGE_CURVE('',#1924,#1912,#2254,.T.);
#1386=EDGE_CURVE('',#1925,#1926,#2255,.T.);
#1387=EDGE_CURVE('',#1925,#1927,#2256,.T.);
#1388=EDGE_CURVE('',#1927,#1928,#2257,.T.);
#1389=EDGE_CURVE('',#1929,#1928,#2258,.T.);
#1390=EDGE_CURVE('',#1930,#1929,#2259,.T.);
#1391=EDGE_CURVE('',#1926,#1930,#2260,.T.);
#1392=EDGE_CURVE('',#1931,#1932,#2261,.T.);
#1393=EDGE_CURVE('',#1932,#1933,#2262,.T.);
#1394=EDGE_CURVE('',#1934,#1933,#2263,.T.);
#1395=EDGE_CURVE('',#1931,#1934,#2264,.T.);
#1396=EDGE_CURVE('',#1935,#1936,#2265,.T.);
#1397=EDGE_CURVE('',#1936,#1937,#2266,.T.);
#1398=EDGE_CURVE('',#1938,#1937,#2267,.T.);
#1399=EDGE_CURVE('',#1935,#1938,#2268,.T.);
#1400=EDGE_CURVE('',#1939,#1940,#2269,.T.);
#1401=EDGE_CURVE('',#1940,#1941,#2270,.T.);
#1402=EDGE_CURVE('',#1942,#1941,#2271,.T.);
#1403=EDGE_CURVE('',#1939,#1942,#2272,.T.);
#1404=EDGE_CURVE('',#1943,#1944,#2273,.T.);
#1405=EDGE_CURVE('',#1944,#1945,#2274,.T.);
#1406=EDGE_CURVE('',#1945,#1946,#2275,.F.);
#1407=EDGE_CURVE('',#1946,#1943,#2276,.F.);
#1408=EDGE_CURVE('',#1947,#1948,#2277,.T.);
#1409=EDGE_CURVE('',#1948,#1949,#2278,.F.);
#1410=EDGE_CURVE('',#1949,#1950,#2279,.F.);
#1411=EDGE_CURVE('',#1950,#1947,#2280,.T.);
#1412=EDGE_CURVE('',#1951,#1952,#2281,.F.);
#1413=EDGE_CURVE('',#1952,#1953,#2282,.F.);
#1414=EDGE_CURVE('',#1953,#1954,#2283,.T.);
#1415=EDGE_CURVE('',#1954,#1951,#2284,.T.);
#1416=EDGE_CURVE('',#1955,#1927,#2285,.T.);
#1417=EDGE_CURVE('',#1955,#1956,#2286,.T.);
#1418=EDGE_CURVE('',#1956,#1957,#2287,.T.);
#1419=EDGE_CURVE('',#1957,#1958,#2288,.T.);
#1420=EDGE_CURVE('',#1959,#1958,#2289,.T.);
#1421=EDGE_CURVE('',#1960,#1959,#2290,.T.);
#1422=EDGE_CURVE('',#1960,#1928,#2291,.T.);
#1423=EDGE_CURVE('',#1961,#1962,#2292,.T.);
#1424=EDGE_CURVE('',#1961,#1963,#2293,.T.);
#1425=EDGE_CURVE('',#1963,#1964,#2294,.T.);
#1426=EDGE_CURVE('',#1962,#1964,#2295,.T.);
#1427=EDGE_CURVE('',#1965,#1966,#2296,.T.);
#1428=EDGE_CURVE('',#1966,#1967,#2297,.F.);
#1429=EDGE_CURVE('',#1967,#1968,#2298,.F.);
#1430=EDGE_CURVE('',#1968,#1965,#2299,.T.);
#1431=EDGE_CURVE('',#1969,#1970,#2300,.F.);
#1432=EDGE_CURVE('',#1970,#1971,#2301,.T.);
#1433=EDGE_CURVE('',#1971,#1972,#2302,.T.);
#1434=EDGE_CURVE('',#1972,#1969,#2303,.F.);
#1435=EDGE_CURVE('',#1973,#1974,#2304,.T.);
#1436=EDGE_CURVE('',#1974,#1975,#2305,.F.);
#1437=EDGE_CURVE('',#1975,#1976,#2306,.F.);
#1438=EDGE_CURVE('',#1976,#1973,#2307,.T.);
#1439=EDGE_CURVE('',#1977,#1978,#2308,.F.);
#1440=EDGE_CURVE('',#1978,#1979,#2309,.F.);
#1441=EDGE_CURVE('',#1979,#1980,#2310,.T.);
#1442=EDGE_CURVE('',#1980,#1977,#2311,.T.);
#1443=EDGE_CURVE('',#1981,#1955,#2312,.T.);
#1444=EDGE_CURVE('',#1981,#1982,#2313,.T.);
#1445=EDGE_CURVE('',#1982,#1983,#2314,.T.);
#1446=EDGE_CURVE('',#1983,#1984,#2315,.T.);
#1447=EDGE_CURVE('',#1984,#1956,#2316,.T.);
#1448=EDGE_CURVE('',#1981,#1925,#2317,.T.);
#1449=EDGE_CURVE('',#1985,#1926,#2318,.T.);
#1450=EDGE_CURVE('',#1985,#1986,#2319,.T.);
#1451=EDGE_CURVE('',#1987,#1986,#2320,.T.);
#1452=EDGE_CURVE('',#1988,#1987,#2321,.T.);
#1453=EDGE_CURVE('',#1982,#1988,#2322,.T.);
#1454=EDGE_CURVE('',#1989,#1960,#2323,.T.);
#1455=EDGE_CURVE('',#1989,#1990,#2324,.T.);
#1456=EDGE_CURVE('',#1990,#1957,#2325,.T.);
#1457=EDGE_CURVE('',#1991,#1984,#2326,.T.);
#1458=EDGE_CURVE('',#1992,#1991,#2327,.T.);
#1459=EDGE_CURVE('',#1992,#1993,#2328,.T.);
#1460=EDGE_CURVE('',#1987,#1993,#2329,.T.);
#1461=EDGE_CURVE('',#1986,#1994,#2330,.T.);
#1462=EDGE_CURVE('',#1929,#1994,#2331,.T.);
#1463=EDGE_CURVE('',#1995,#1996,#2332,.T.);
#1464=EDGE_CURVE('',#1995,#1997,#2333,.T.);
#1465=EDGE_CURVE('',#1997,#1998,#2334,.T.);
#1466=EDGE_CURVE('',#1996,#1998,#2335,.T.);
#1467=EDGE_CURVE('',#1999,#2000,#2336,.T.);
#1468=EDGE_CURVE('',#1999,#2001,#2337,.T.);
#1469=EDGE_CURVE('',#2001,#2002,#2338,.T.);
#1470=EDGE_CURVE('',#2000,#2002,#2339,.T.);
#1471=EDGE_CURVE('',#2003,#2004,#2340,.T.);
#1472=EDGE_CURVE('',#2003,#2005,#2341,.T.);
#1473=EDGE_CURVE('',#2005,#2006,#2342,.T.);
#1474=EDGE_CURVE('',#2004,#2006,#2343,.T.);
#1475=EDGE_CURVE('',#2007,#1991,#2344,.T.);
#1476=EDGE_CURVE('',#2008,#2007,#2345,.T.);
#1477=EDGE_CURVE('',#2008,#1992,#2346,.T.);
#1478=EDGE_CURVE('',#2008,#2009,#2347,.T.);
#1479=EDGE_CURVE('',#2009,#1993,#2348,.T.);
#1480=EDGE_CURVE('',#1988,#2009,#2349,.T.);
#1481=EDGE_CURVE('',#2007,#1983,#2350,.T.);
#1482=EDGE_CURVE('',#2010,#1994,#2351,.T.);
#1483=EDGE_CURVE('',#1930,#2010,#2352,.T.);
#1484=EDGE_CURVE('',#1985,#2010,#2353,.T.);
#1485=EDGE_CURVE('',#2011,#1989,#2354,.T.);
#1486=EDGE_CURVE('',#2011,#2012,#2355,.T.);
#1487=EDGE_CURVE('',#2012,#1990,#2356,.T.);
#1488=EDGE_CURVE('',#2013,#2013,#130,.T.);
#1489=EDGE_CURVE('',#2014,#2014,#131,.T.);
#1490=EDGE_CURVE('',#2011,#1959,#2357,.T.);
#1491=EDGE_CURVE('',#2012,#1958,#2358,.T.);
#1492=EDGE_CURVE('',#2015,#1995,#2359,.T.);
#1493=EDGE_CURVE('',#2016,#1996,#2360,.T.);
#1494=EDGE_CURVE('',#2015,#2016,#2361,.T.);
#1495=EDGE_CURVE('',#2015,#2017,#2362,.T.);
#1496=EDGE_CURVE('',#2017,#1997,#2363,.T.);
#1497=EDGE_CURVE('',#2017,#2018,#2364,.T.);
#1498=EDGE_CURVE('',#2018,#1998,#2365,.T.);
#1499=EDGE_CURVE('',#2016,#2018,#2366,.T.);
#1500=EDGE_CURVE('',#2019,#2019,#132,.T.);
#1501=EDGE_CURVE('',#2020,#2020,#133,.T.);
#1502=EDGE_CURVE('',#2021,#1999,#2367,.T.);
#1503=EDGE_CURVE('',#2022,#2000,#2368,.T.);
#1504=EDGE_CURVE('',#2021,#2022,#2369,.T.);
#1505=EDGE_CURVE('',#2021,#2023,#2370,.T.);
#1506=EDGE_CURVE('',#2023,#2001,#2371,.T.);
#1507=EDGE_CURVE('',#2023,#2024,#2372,.T.);
#1508=EDGE_CURVE('',#2024,#2002,#2373,.T.);
#1509=EDGE_CURVE('',#2022,#2024,#2374,.T.);
#1510=EDGE_CURVE('',#2025,#2025,#134,.T.);
#1511=EDGE_CURVE('',#2026,#2026,#135,.T.);
#1512=EDGE_CURVE('',#2027,#2003,#2375,.T.);
#1513=EDGE_CURVE('',#2028,#2004,#2376,.T.);
#1514=EDGE_CURVE('',#2027,#2028,#2377,.T.);
#1515=EDGE_CURVE('',#2027,#2029,#2378,.T.);
#1516=EDGE_CURVE('',#2029,#2005,#2379,.T.);
#1517=EDGE_CURVE('',#2029,#2030,#2380,.T.);
#1518=EDGE_CURVE('',#2030,#2006,#2381,.T.);
#1519=EDGE_CURVE('',#2028,#2030,#2382,.T.);
#1520=EDGE_CURVE('',#2031,#2031,#136,.T.);
#1521=EDGE_CURVE('',#2032,#2032,#137,.T.);
#1522=EDGE_CURVE('',#2033,#2034,#2383,.T.);
#1523=EDGE_CURVE('',#2034,#2035,#2384,.T.);
#1524=EDGE_CURVE('',#2036,#2035,#2385,.T.);
#1525=EDGE_CURVE('',#2033,#2036,#2386,.T.);
#1526=EDGE_CURVE('',#2033,#2037,#2387,.T.);
#1527=EDGE_CURVE('',#2037,#2038,#2388,.T.);
#1528=EDGE_CURVE('',#2034,#2038,#2389,.T.);
#1529=EDGE_CURVE('',#2036,#2039,#2390,.T.);
#1530=EDGE_CURVE('',#2039,#2037,#2391,.F.);
#1531=EDGE_CURVE('',#2035,#2040,#2392,.T.);
#1532=EDGE_CURVE('',#2040,#2039,#2393,.F.);
#1533=EDGE_CURVE('',#2038,#2040,#2394,.T.);
#1534=EDGE_CURVE('',#2041,#2042,#2395,.T.);
#1535=EDGE_CURVE('',#2042,#2043,#2396,.T.);
#1536=EDGE_CURVE('',#2043,#2044,#2397,.F.);
#1537=EDGE_CURVE('',#2044,#2041,#2398,.F.);
#1538=EDGE_CURVE('',#2045,#2046,#2399,.T.);
#1539=EDGE_CURVE('',#2046,#2047,#2400,.T.);
#1540=EDGE_CURVE('',#2047,#2048,#2401,.F.);
#1541=EDGE_CURVE('',#2048,#2045,#2402,.F.);
#1542=EDGE_CURVE('',#2049,#2049,#138,.T.);
#1543=EDGE_CURVE('',#2050,#2050,#139,.F.);
#1544=EDGE_CURVE('',#2051,#2051,#140,.F.);
#1545=EDGE_CURVE('',#2052,#2052,#141,.T.);
#1546=EDGE_CURVE('',#2053,#2053,#142,.T.);
#1547=EDGE_CURVE('',#2054,#2054,#143,.F.);
#1548=EDGE_CURVE('',#2055,#2055,#144,.F.);
#1549=EDGE_CURVE('',#2056,#2056,#145,.T.);
#1550=EDGE_CURVE('',#2057,#2057,#146,.T.);
#1551=EDGE_CURVE('',#2058,#2058,#147,.F.);
#1552=EDGE_CURVE('',#2059,#2059,#148,.F.);
#1553=EDGE_CURVE('',#2060,#2060,#149,.T.);
#1554=EDGE_CURVE('',#2061,#2061,#150,.T.);
#1555=EDGE_CURVE('',#2062,#2062,#151,.F.);
#1556=EDGE_CURVE('',#2063,#2063,#152,.F.);
#1557=EDGE_CURVE('',#2064,#2064,#153,.T.);
#1558=EDGE_CURVE('',#2065,#2066,#2403,.T.);
#1559=EDGE_CURVE('',#2066,#2067,#2404,.F.);
#1560=EDGE_CURVE('',#2068,#2067,#2405,.T.);
#1561=EDGE_CURVE('',#2068,#2065,#2406,.T.);
#1562=EDGE_CURVE('',#2067,#2069,#2407,.T.);
#1563=EDGE_CURVE('',#2070,#2069,#2408,.T.);
#1564=EDGE_CURVE('',#2068,#2070,#2409,.T.);
#1565=EDGE_CURVE('',#2069,#2071,#2410,.T.);
#1566=EDGE_CURVE('',#2072,#2071,#2411,.T.);
#1567=EDGE_CURVE('',#2070,#2072,#2412,.T.);
#1568=EDGE_CURVE('',#2071,#2066,#2413,.F.);
#1569=EDGE_CURVE('',#2065,#2072,#2414,.T.);
#1570=EDGE_CURVE('',#1962,#2073,#2415,.T.);
#1571=EDGE_CURVE('',#2073,#2074,#2416,.F.);
#1572=EDGE_CURVE('',#1961,#2074,#2417,.T.);
#1573=EDGE_CURVE('',#2074,#2075,#2418,.T.);
#1574=EDGE_CURVE('',#1963,#2075,#2419,.T.);
#1575=EDGE_CURVE('',#2075,#2076,#2420,.T.);
#1576=EDGE_CURVE('',#1964,#2076,#2421,.T.);
#1577=EDGE_CURVE('',#2076,#2073,#2422,.F.);
#1578=EDGE_CURVE('',#1932,#2077,#2423,.T.);
#1579=EDGE_CURVE('',#2077,#2078,#2424,.F.);
#1580=EDGE_CURVE('',#1933,#2078,#2425,.T.);
#1581=EDGE_CURVE('',#2078,#2079,#2426,.T.);
#1582=EDGE_CURVE('',#1934,#2079,#2427,.T.);
#1583=EDGE_CURVE('',#2079,#2080,#2428,.T.);
#1584=EDGE_CURVE('',#1931,#2080,#2429,.T.);
#1585=EDGE_CURVE('',#2080,#2077,#2430,.F.);
#1586=EDGE_CURVE('',#1936,#2081,#2431,.T.);
#1587=EDGE_CURVE('',#2081,#2082,#2432,.F.);
#1588=EDGE_CURVE('',#1937,#2082,#2433,.T.);
#1589=EDGE_CURVE('',#2082,#2083,#2434,.T.);
#1590=EDGE_CURVE('',#1938,#2083,#2435,.T.);
#1591=EDGE_CURVE('',#2083,#2084,#2436,.T.);
#1592=EDGE_CURVE('',#1935,#2084,#2437,.T.);
#1593=EDGE_CURVE('',#2084,#2081,#2438,.F.);
#1594=EDGE_CURVE('',#1940,#2085,#2439,.T.);
#1595=EDGE_CURVE('',#2085,#2086,#2440,.F.);
#1596=EDGE_CURVE('',#1941,#2086,#2441,.T.);
#1597=EDGE_CURVE('',#2086,#2087,#2442,.T.);
#1598=EDGE_CURVE('',#1942,#2087,#2443,.T.);
#1599=EDGE_CURVE('',#2087,#2088,#2444,.T.);
#1600=EDGE_CURVE('',#1939,#2088,#2445,.T.);
#1601=EDGE_CURVE('',#2088,#2085,#2446,.F.);
#1602=EDGE_CURVE('',#2047,#2042,#47,.T.);
#1603=EDGE_CURVE('',#2041,#2048,#48,.F.);
#1604=EDGE_CURVE('',#2044,#1977,#49,.F.);
#1605=EDGE_CURVE('',#1980,#2041,#50,.T.);
#1606=EDGE_CURVE('',#1972,#2043,#51,.T.);
#1607=EDGE_CURVE('',#2042,#1969,#52,.F.);
#1608=EDGE_CURVE('',#1954,#2044,#53,.T.);
#1609=EDGE_CURVE('',#2043,#1951,#54,.F.);
#1610=EDGE_CURVE('',#2048,#1980,#154,.T.);
#1611=EDGE_CURVE('',#1979,#2045,#155,.F.);
#1612=EDGE_CURVE('',#2045,#1880,#156,.F.);
#1613=EDGE_CURVE('',#1879,#2046,#157,.T.);
#1614=EDGE_CURVE('',#2046,#1970,#158,.T.);
#1615=EDGE_CURVE('',#2047,#1969,#159,.T.);
#1616=EDGE_CURVE('',#1951,#1972,#160,.T.);
#1617=EDGE_CURVE('',#1971,#1952,#161,.F.);
#1618=EDGE_CURVE('',#1878,#1971,#162,.T.);
#1619=EDGE_CURVE('',#1879,#1970,#163,.T.);
#1620=EDGE_CURVE('',#2075,#1967,#55,.F.);
#1621=EDGE_CURVE('',#1968,#2074,#56,.T.);
#1622=EDGE_CURVE('',#1965,#2073,#57,.T.);
#1623=EDGE_CURVE('',#2076,#1966,#58,.F.);
#1624=EDGE_CURVE('',#1977,#1954,#164,.T.);
#1625=EDGE_CURVE('',#1953,#1978,#165,.T.);
#1626=EDGE_CURVE('',#1877,#1953,#166,.T.);
#1627=EDGE_CURVE('',#1878,#1952,#167,.T.);
#1628=EDGE_CURVE('',#2083,#1946,#59,.T.);
#1629=EDGE_CURVE('',#1943,#2082,#60,.F.);
#1630=EDGE_CURVE('',#2089,#2081,#61,.F.);
#1631=EDGE_CURVE('',#2089,#2078,#62,.F.);
#1632=EDGE_CURVE('',#1944,#2077,#63,.F.);
#1633=EDGE_CURVE('',#2084,#2090,#64,.T.);
#1634=EDGE_CURVE('',#2080,#1945,#65,.T.);
#1635=EDGE_CURVE('',#2079,#2090,#66,.T.);
#1636=EDGE_CURVE('',#2089,#2090,#2447,.F.);
#1637=EDGE_CURVE('',#2087,#1949,#67,.T.);
#1638=EDGE_CURVE('',#1950,#2086,#68,.F.);
#1639=EDGE_CURVE('',#1947,#2085,#69,.F.);
#1640=EDGE_CURVE('',#2088,#1948,#70,.T.);
#1641=EDGE_CURVE('',#1978,#1877,#168,.T.);
#1642=EDGE_CURVE('',#1876,#1875,#190,.T.);
#1643=EDGE_CURVE('',#1874,#1881,#191,.T.);
#1644=EDGE_CURVE('',#1979,#1880,#169,.T.);
#1645=EDGE_CURVE('',#1973,#2066,#71,.F.);
#1646=EDGE_CURVE('',#2067,#1976,#72,.T.);
#1647=EDGE_CURVE('',#2069,#1975,#73,.T.);
#1648=EDGE_CURVE('',#1974,#2071,#74,.F.);
#1649=EDGE_CURVE('',#2038,#1870,#75,.T.);
#1650=EDGE_CURVE('',#1871,#2037,#76,.F.);
#1651=EDGE_CURVE('',#1868,#2039,#77,.F.);
#1652=EDGE_CURVE('',#2040,#1869,#78,.T.);
#1653=EDGE_CURVE('',#2091,#2092,#2448,.T.);
#1654=EDGE_CURVE('',#2093,#2091,#2449,.T.);
#1655=EDGE_CURVE('',#2093,#2094,#2450,.T.);
#1656=EDGE_CURVE('',#2094,#2092,#2451,.T.);
#1657=EDGE_CURVE('',#2095,#2091,#2452,.T.);
#1658=EDGE_CURVE('',#2096,#2095,#2453,.T.);
#1659=EDGE_CURVE('',#2096,#2093,#2454,.T.);
#1660=EDGE_CURVE('',#2097,#2095,#2455,.T.);
#1661=EDGE_CURVE('',#2098,#2097,#2456,.T.);
#1662=EDGE_CURVE('',#2098,#2096,#2457,.T.);
#1663=EDGE_CURVE('',#2099,#2097,#192,.T.);
#1664=EDGE_CURVE('',#2100,#2099,#2458,.T.);
#1665=EDGE_CURVE('',#2100,#2098,#193,.T.);
#1666=EDGE_CURVE('',#2101,#2099,#194,.T.);
#1667=EDGE_CURVE('',#2102,#2101,#2459,.T.);
#1668=EDGE_CURVE('',#2102,#2100,#195,.T.);
#1669=EDGE_CURVE('',#2103,#2101,#196,.T.);
#1670=EDGE_CURVE('',#2104,#2103,#2460,.T.);
#1671=EDGE_CURVE('',#2104,#2102,#197,.T.);
#1672=EDGE_CURVE('',#2105,#2103,#198,.T.);
#1673=EDGE_CURVE('',#2106,#2105,#2461,.T.);
#1674=EDGE_CURVE('',#2106,#2104,#199,.T.);
#1675=EDGE_CURVE('',#2107,#2105,#170,.T.);
#1676=EDGE_CURVE('',#2108,#2107,#2462,.T.);
#1677=EDGE_CURVE('',#2108,#2106,#171,.T.);
#1678=EDGE_CURVE('',#2109,#1857,#2463,.T.);
#1679=EDGE_CURVE('',#2109,#2110,#2464,.T.);
#1680=EDGE_CURVE('',#2110,#1858,#2465,.T.);
#1681=EDGE_CURVE('',#2111,#1867,#2466,.T.);
#1682=EDGE_CURVE('',#2111,#2109,#2467,.T.);
#1683=EDGE_CURVE('',#2112,#1866,#2468,.T.);
#1684=EDGE_CURVE('',#2112,#2111,#2469,.T.);
#1685=EDGE_CURVE('',#2113,#1865,#2470,.T.);
#1686=EDGE_CURVE('',#2113,#2112,#2471,.T.);
#1687=EDGE_CURVE('',#2114,#1864,#2472,.T.);
#1688=EDGE_CURVE('',#2114,#2113,#200,.T.);
#1689=EDGE_CURVE('',#2115,#1863,#2473,.T.);
#1690=EDGE_CURVE('',#2115,#2114,#201,.T.);
#1691=EDGE_CURVE('',#2116,#1862,#2474,.T.);
#1692=EDGE_CURVE('',#2116,#2115,#202,.T.);
#1693=EDGE_CURVE('',#2117,#1861,#2475,.T.);
#1694=EDGE_CURVE('',#2117,#2116,#203,.T.);
#1695=EDGE_CURVE('',#2118,#1860,#2476,.T.);
#1696=EDGE_CURVE('',#2118,#2117,#204,.T.);
#1697=EDGE_CURVE('',#2119,#1859,#2477,.T.);
#1698=EDGE_CURVE('',#2119,#2118,#205,.T.);
#1699=EDGE_CURVE('',#2110,#2119,#2478,.T.);
#1700=EDGE_CURVE('',#2092,#2107,#206,.T.);
#1701=EDGE_CURVE('',#2094,#2108,#207,.T.);
#1702=EDGE_CURVE('',#2120,#1882,#2479,.T.);
#1703=EDGE_CURVE('',#2120,#2121,#2480,.T.);
#1704=EDGE_CURVE('',#2121,#1883,#2481,.T.);
#1705=EDGE_CURVE('',#2122,#1893,#2482,.T.);
#1706=EDGE_CURVE('',#2122,#2120,#2483,.T.);
#1707=EDGE_CURVE('',#2123,#1892,#2484,.T.);
#1708=EDGE_CURVE('',#2123,#2122,#2485,.T.);
#1709=EDGE_CURVE('',#2124,#1891,#2486,.T.);
#1710=EDGE_CURVE('',#2124,#2123,#2487,.T.);
#1711=EDGE_CURVE('',#2125,#1890,#2488,.T.);
#1712=EDGE_CURVE('',#2125,#2124,#2489,.T.);
#1713=EDGE_CURVE('',#2126,#1889,#2490,.T.);
#1714=EDGE_CURVE('',#2126,#2125,#2491,.T.);
#1715=EDGE_CURVE('',#2127,#1888,#2492,.T.);
#1716=EDGE_CURVE('',#2127,#2126,#2493,.T.);
#1717=EDGE_CURVE('',#2128,#1887,#2494,.T.);
#1718=EDGE_CURVE('',#2128,#2127,#2495,.T.);
#1719=EDGE_CURVE('',#2129,#1886,#2496,.T.);
#1720=EDGE_CURVE('',#2129,#2128,#2497,.T.);
#1721=EDGE_CURVE('',#2130,#1885,#2498,.T.);
#1722=EDGE_CURVE('',#2130,#2129,#2499,.T.);
#1723=EDGE_CURVE('',#2131,#1884,#2500,.T.);
#1724=EDGE_CURVE('',#2131,#2130,#2501,.T.);
#1725=EDGE_CURVE('',#2121,#2131,#2502,.T.);
#1726=EDGE_CURVE('',#2132,#1845,#2503,.T.);
#1727=EDGE_CURVE('',#2132,#2133,#2504,.T.);
#1728=EDGE_CURVE('',#2133,#1846,#2505,.T.);
#1729=EDGE_CURVE('',#2134,#1856,#2506,.T.);
#1730=EDGE_CURVE('',#2134,#2132,#2507,.T.);
#1731=EDGE_CURVE('',#2135,#1855,#2508,.T.);
#1732=EDGE_CURVE('',#2135,#2134,#2509,.T.);
#1733=EDGE_CURVE('',#2136,#1854,#2510,.T.);
#1734=EDGE_CURVE('',#2136,#2135,#2511,.T.);
#1735=EDGE_CURVE('',#2137,#1853,#2512,.T.);
#1736=EDGE_CURVE('',#2137,#2136,#2513,.T.);
#1737=EDGE_CURVE('',#2138,#1852,#2514,.T.);
#1738=EDGE_CURVE('',#2138,#2137,#2515,.T.);
#1739=EDGE_CURVE('',#2139,#1851,#2516,.T.);
#1740=EDGE_CURVE('',#2139,#2138,#2517,.T.);
#1741=EDGE_CURVE('',#2140,#1850,#2518,.T.);
#1742=EDGE_CURVE('',#2140,#2139,#2519,.T.);
#1743=EDGE_CURVE('',#2141,#1849,#2520,.T.);
#1744=EDGE_CURVE('',#2141,#2140,#2521,.T.);
#1745=EDGE_CURVE('',#2142,#1848,#2522,.T.);
#1746=EDGE_CURVE('',#2142,#2141,#2523,.T.);
#1747=EDGE_CURVE('',#2143,#1847,#2524,.T.);
#1748=EDGE_CURVE('',#2143,#2142,#2525,.T.);
#1749=EDGE_CURVE('',#2133,#2143,#2526,.T.);
#1750=EDGE_CURVE('',#2144,#1894,#2527,.T.);
#1751=EDGE_CURVE('',#2144,#2145,#208,.T.);
#1752=EDGE_CURVE('',#2145,#1895,#2528,.T.);
#1753=EDGE_CURVE('',#2146,#1911,#2529,.T.);
#1754=EDGE_CURVE('',#2146,#2144,#209,.T.);
#1755=EDGE_CURVE('',#2147,#1910,#2530,.T.);
#1756=EDGE_CURVE('',#2147,#2146,#210,.T.);
#1757=EDGE_CURVE('',#2148,#1909,#2531,.T.);
#1758=EDGE_CURVE('',#2148,#2147,#211,.T.);
#1759=EDGE_CURVE('',#2149,#1908,#2532,.T.);
#1760=EDGE_CURVE('',#2149,#2148,#2533,.T.);
#1761=EDGE_CURVE('',#2150,#1907,#2534,.T.);
#1762=EDGE_CURVE('',#2150,#2149,#2535,.T.);
#1763=EDGE_CURVE('',#2151,#1906,#2536,.T.);
#1764=EDGE_CURVE('',#2151,#2150,#2537,.T.);
#1765=EDGE_CURVE('',#2152,#1905,#2538,.T.);
#1766=EDGE_CURVE('',#2152,#2151,#212,.T.);
#1767=EDGE_CURVE('',#2153,#1904,#2539,.T.);
#1768=EDGE_CURVE('',#2153,#2152,#213,.T.);
#1769=EDGE_CURVE('',#2154,#1903,#2540,.T.);
#1770=EDGE_CURVE('',#2154,#2153,#214,.T.);
#1771=EDGE_CURVE('',#2155,#1902,#2541,.T.);
#1772=EDGE_CURVE('',#2155,#2154,#215,.T.);
#1773=EDGE_CURVE('',#2156,#1901,#2542,.T.);
#1774=EDGE_CURVE('',#2156,#2155,#216,.T.);
#1775=EDGE_CURVE('',#2157,#1900,#2543,.T.);
#1776=EDGE_CURVE('',#2157,#2156,#217,.T.);
#1777=EDGE_CURVE('',#2158,#1899,#2544,.T.);
#1778=EDGE_CURVE('',#2158,#2157,#2545,.T.);
#1779=EDGE_CURVE('',#2159,#1898,#2546,.T.);
#1780=EDGE_CURVE('',#2159,#2158,#2547,.T.);
#1781=EDGE_CURVE('',#2160,#1897,#2548,.T.);
#1782=EDGE_CURVE('',#2160,#2159,#2549,.T.);
#1783=EDGE_CURVE('',#2161,#1896,#2550,.T.);
#1784=EDGE_CURVE('',#2161,#2160,#218,.T.);
#1785=EDGE_CURVE('',#2145,#2161,#219,.T.);
#1786=EDGE_CURVE('',#2162,#2163,#2551,.T.);
#1787=EDGE_CURVE('',#2164,#2162,#2552,.T.);
#1788=EDGE_CURVE('',#2164,#2165,#2553,.T.);
#1789=EDGE_CURVE('',#2165,#2163,#2554,.T.);
#1790=EDGE_CURVE('',#2166,#2162,#2555,.T.);
#1791=EDGE_CURVE('',#2167,#2166,#2556,.T.);
#1792=EDGE_CURVE('',#2167,#2164,#2557,.T.);
#1793=EDGE_CURVE('',#2168,#1837,#2558,.T.);
#1794=EDGE_CURVE('',#2168,#2169,#2559,.T.);
#1795=EDGE_CURVE('',#2169,#1838,#2560,.T.);
#1796=EDGE_CURVE('',#2170,#1844,#2561,.T.);
#1797=EDGE_CURVE('',#2170,#2168,#2562,.T.);
#1798=EDGE_CURVE('',#2171,#1843,#2563,.T.);
#1799=EDGE_CURVE('',#2171,#2170,#2564,.T.);
#1800=EDGE_CURVE('',#2172,#1842,#2565,.T.);
#1801=EDGE_CURVE('',#2172,#2171,#2566,.T.);
#1802=EDGE_CURVE('',#2173,#1841,#2567,.T.);
#1803=EDGE_CURVE('',#2173,#2172,#2568,.T.);
#1804=EDGE_CURVE('',#2174,#1840,#2569,.T.);
#1805=EDGE_CURVE('',#2174,#2173,#2570,.T.);
#1806=EDGE_CURVE('',#2175,#1839,#2571,.T.);
#1807=EDGE_CURVE('',#2175,#2174,#2572,.T.);
#1808=EDGE_CURVE('',#2169,#2175,#2573,.T.);
#1809=EDGE_CURVE('',#2163,#2166,#2574,.T.);
#1810=EDGE_CURVE('',#2165,#2167,#2575,.T.);
#1811=EDGE_CURVE('',#2176,#1912,#2576,.T.);
#1812=EDGE_CURVE('',#2176,#2177,#2577,.T.);
#1813=EDGE_CURVE('',#2177,#1913,#2578,.T.);
#1814=EDGE_CURVE('',#2178,#1924,#2579,.T.);
#1815=EDGE_CURVE('',#2178,#2176,#2580,.T.);
#1816=EDGE_CURVE('',#2179,#1923,#2581,.T.);
#1817=EDGE_CURVE('',#2179,#2178,#2582,.T.);
#1818=EDGE_CURVE('',#2180,#1922,#2583,.T.);
#1819=EDGE_CURVE('',#2180,#2179,#2584,.T.);
#1820=EDGE_CURVE('',#2181,#1921,#2585,.T.);
#1821=EDGE_CURVE('',#2181,#2180,#2586,.T.);
#1822=EDGE_CURVE('',#2182,#1920,#2587,.T.);
#1823=EDGE_CURVE('',#2182,#2181,#2588,.T.);
#1824=EDGE_CURVE('',#2183,#1919,#2589,.T.);
#1825=EDGE_CURVE('',#2183,#2182,#2590,.T.);
#1826=EDGE_CURVE('',#2184,#1918,#2591,.T.);
#1827=EDGE_CURVE('',#2184,#2183,#2592,.T.);
#1828=EDGE_CURVE('',#2185,#1917,#2593,.T.);
#1829=EDGE_CURVE('',#2185,#2184,#2594,.T.);
#1830=EDGE_CURVE('',#2186,#1916,#2595,.T.);
#1831=EDGE_CURVE('',#2186,#2185,#2596,.T.);
#1832=EDGE_CURVE('',#2187,#1915,#2597,.T.);
#1833=EDGE_CURVE('',#2187,#2186,#2598,.T.);
#1834=EDGE_CURVE('',#2188,#1914,#2599,.T.);
#1835=EDGE_CURVE('',#2188,#2187,#2600,.T.);
#1836=EDGE_CURVE('',#2177,#2188,#2601,.T.);
#1837=VERTEX_POINT('',#5207);
#1838=VERTEX_POINT('',#5208);
#1839=VERTEX_POINT('',#5210);
#1840=VERTEX_POINT('',#5212);
#1841=VERTEX_POINT('',#5214);
#1842=VERTEX_POINT('',#5216);
#1843=VERTEX_POINT('',#5218);
#1844=VERTEX_POINT('',#5220);
#1845=VERTEX_POINT('',#5223);
#1846=VERTEX_POINT('',#5224);
#1847=VERTEX_POINT('',#5226);
#1848=VERTEX_POINT('',#5228);
#1849=VERTEX_POINT('',#5230);
#1850=VERTEX_POINT('',#5232);
#1851=VERTEX_POINT('',#5234);
#1852=VERTEX_POINT('',#5236);
#1853=VERTEX_POINT('',#5238);
#1854=VERTEX_POINT('',#5240);
#1855=VERTEX_POINT('',#5242);
#1856=VERTEX_POINT('',#5244);
#1857=VERTEX_POINT('',#5247);
#1858=VERTEX_POINT('',#5248);
#1859=VERTEX_POINT('',#5250);
#1860=VERTEX_POINT('',#5254);
#1861=VERTEX_POINT('',#5258);
#1862=VERTEX_POINT('',#5262);
#1863=VERTEX_POINT('',#5266);
#1864=VERTEX_POINT('',#5270);
#1865=VERTEX_POINT('',#5274);
#1866=VERTEX_POINT('',#5276);
#1867=VERTEX_POINT('',#5278);
#1868=VERTEX_POINT('',#5281);
#1869=VERTEX_POINT('',#5282);
#1870=VERTEX_POINT('',#5284);
#1871=VERTEX_POINT('',#5286);
#1872=VERTEX_POINT('',#5289);
#1873=VERTEX_POINT('',#5291);
#1874=VERTEX_POINT('',#5293);
#1875=VERTEX_POINT('',#5294);
#1876=VERTEX_POINT('',#5296);
#1877=VERTEX_POINT('',#5298);
#1878=VERTEX_POINT('',#5300);
#1879=VERTEX_POINT('',#5302);
#1880=VERTEX_POINT('',#5304);
#1881=VERTEX_POINT('',#5306);
#1882=VERTEX_POINT('',#5309);
#1883=VERTEX_POINT('',#5310);
#1884=VERTEX_POINT('',#5312);
#1885=VERTEX_POINT('',#5314);
#1886=VERTEX_POINT('',#5316);
#1887=VERTEX_POINT('',#5318);
#1888=VERTEX_POINT('',#5320);
#1889=VERTEX_POINT('',#5322);
#1890=VERTEX_POINT('',#5324);
#1891=VERTEX_POINT('',#5326);
#1892=VERTEX_POINT('',#5328);
#1893=VERTEX_POINT('',#5330);
#1894=VERTEX_POINT('',#5335);
#1895=VERTEX_POINT('',#5336);
#1896=VERTEX_POINT('',#5340);
#1897=VERTEX_POINT('',#5344);
#1898=VERTEX_POINT('',#5346);
#1899=VERTEX_POINT('',#5348);
#1900=VERTEX_POINT('',#5350);
#1901=VERTEX_POINT('',#5354);
#1902=VERTEX_POINT('',#5358);
#1903=VERTEX_POINT('',#5362);
#1904=VERTEX_POINT('',#5366);
#1905=VERTEX_POINT('',#5370);
#1906=VERTEX_POINT('',#5374);
#1907=VERTEX_POINT('',#5376);
#1908=VERTEX_POINT('',#5378);
#1909=VERTEX_POINT('',#5380);
#1910=VERTEX_POINT('',#5384);
#1911=VERTEX_POINT('',#5388);
#1912=VERTEX_POINT('',#5393);
#1913=VERTEX_POINT('',#5394);
#1914=VERTEX_POINT('',#5396);
#1915=VERTEX_POINT('',#5398);
#1916=VERTEX_POINT('',#5400);
#1917=VERTEX_POINT('',#5402);
#1918=VERTEX_POINT('',#5404);
#1919=VERTEX_POINT('',#5406);
#1920=VERTEX_POINT('',#5408);
#1921=VERTEX_POINT('',#5410);
#1922=VERTEX_POINT('',#5412);
#1923=VERTEX_POINT('',#5414);
#1924=VERTEX_POINT('',#5416);
#1925=VERTEX_POINT('',#5420);
#1926=VERTEX_POINT('',#5421);
#1927=VERTEX_POINT('',#5423);
#1928=VERTEX_POINT('',#5425);
#1929=VERTEX_POINT('',#5427);
#1930=VERTEX_POINT('',#5429);
#1931=VERTEX_POINT('',#5432);
#1932=VERTEX_POINT('',#5433);
#1933=VERTEX_POINT('',#5435);
#1934=VERTEX_POINT('',#5437);
#1935=VERTEX_POINT('',#5440);
#1936=VERTEX_POINT('',#5441);
#1937=VERTEX_POINT('',#5443);
#1938=VERTEX_POINT('',#5445);
#1939=VERTEX_POINT('',#5448);
#1940=VERTEX_POINT('',#5449);
#1941=VERTEX_POINT('',#5451);
#1942=VERTEX_POINT('',#5453);
#1943=VERTEX_POINT('',#5457);
#1944=VERTEX_POINT('',#5458);
#1945=VERTEX_POINT('',#5460);
#1946=VERTEX_POINT('',#5462);
#1947=VERTEX_POINT('',#5465);
#1948=VERTEX_POINT('',#5466);
#1949=VERTEX_POINT('',#5468);
#1950=VERTEX_POINT('',#5470);
#1951=VERTEX_POINT('',#5473);
#1952=VERTEX_POINT('',#5474);
#1953=VERTEX_POINT('',#5476);
#1954=VERTEX_POINT('',#5478);
#1955=VERTEX_POINT('',#5482);
#1956=VERTEX_POINT('',#5484);
#1957=VERTEX_POINT('',#5486);
#1958=VERTEX_POINT('',#5488);
#1959=VERTEX_POINT('',#5490);
#1960=VERTEX_POINT('',#5492);
#1961=VERTEX_POINT('',#5495);
#1962=VERTEX_POINT('',#5496);
#1963=VERTEX_POINT('',#5498);
#1964=VERTEX_POINT('',#5500);
#1965=VERTEX_POINT('',#5504);
#1966=VERTEX_POINT('',#5505);
#1967=VERTEX_POINT('',#5507);
#1968=VERTEX_POINT('',#5509);
#1969=VERTEX_POINT('',#5512);
#1970=VERTEX_POINT('',#5513);
#1971=VERTEX_POINT('',#5515);
#1972=VERTEX_POINT('',#5517);
#1973=VERTEX_POINT('',#5521);
#1974=VERTEX_POINT('',#5522);
#1975=VERTEX_POINT('',#5524);
#1976=VERTEX_POINT('',#5526);
#1977=VERTEX_POINT('',#5529);
#1978=VERTEX_POINT('',#5530);
#1979=VERTEX_POINT('',#5532);
#1980=VERTEX_POINT('',#5534);
#1981=VERTEX_POINT('',#5538);
#1982=VERTEX_POINT('',#5540);
#1983=VERTEX_POINT('',#5542);
#1984=VERTEX_POINT('',#5544);
#1985=VERTEX_POINT('',#5549);
#1986=VERTEX_POINT('',#5551);
#1987=VERTEX_POINT('',#5553);
#1988=VERTEX_POINT('',#5555);
#1989=VERTEX_POINT('',#5559);
#1990=VERTEX_POINT('',#5561);
#1991=VERTEX_POINT('',#5564);
#1992=VERTEX_POINT('',#5566);
#1993=VERTEX_POINT('',#5568);
#1994=VERTEX_POINT('',#5571);
#1995=VERTEX_POINT('',#5574);
#1996=VERTEX_POINT('',#5575);
#1997=VERTEX_POINT('',#5577);
#1998=VERTEX_POINT('',#5579);
#1999=VERTEX_POINT('',#5582);
#2000=VERTEX_POINT('',#5583);
#2001=VERTEX_POINT('',#5585);
#2002=VERTEX_POINT('',#5587);
#2003=VERTEX_POINT('',#5590);
#2004=VERTEX_POINT('',#5591);
#2005=VERTEX_POINT('',#5593);
#2006=VERTEX_POINT('',#5595);
#2007=VERTEX_POINT('',#5599);
#2008=VERTEX_POINT('',#5601);
#2009=VERTEX_POINT('',#5605);
#2010=VERTEX_POINT('',#5614);
#2011=VERTEX_POINT('',#5621);
#2012=VERTEX_POINT('',#5623);
#2013=VERTEX_POINT('',#5627);
#2014=VERTEX_POINT('',#5629);
#2015=VERTEX_POINT('',#5637);
#2016=VERTEX_POINT('',#5639);
#2017=VERTEX_POINT('',#5643);
#2018=VERTEX_POINT('',#5647);
#2019=VERTEX_POINT('',#5653);
#2020=VERTEX_POINT('',#5655);
#2021=VERTEX_POINT('',#5660);
#2022=VERTEX_POINT('',#5662);
#2023=VERTEX_POINT('',#5666);
#2024=VERTEX_POINT('',#5670);
#2025=VERTEX_POINT('',#5676);
#2026=VERTEX_POINT('',#5678);
#2027=VERTEX_POINT('',#5684);
#2028=VERTEX_POINT('',#5686);
#2029=VERTEX_POINT('',#5690);
#2030=VERTEX_POINT('',#5694);
#2031=VERTEX_POINT('',#5700);
#2032=VERTEX_POINT('',#5702);
#2033=VERTEX_POINT('',#5707);
#2034=VERTEX_POINT('',#5708);
#2035=VERTEX_POINT('',#5710);
#2036=VERTEX_POINT('',#5712);
#2037=VERTEX_POINT('',#5716);
#2038=VERTEX_POINT('',#5718);
#2039=VERTEX_POINT('',#5722);
#2040=VERTEX_POINT('',#5726);
#2041=VERTEX_POINT('',#5732);
#2042=VERTEX_POINT('',#5733);
#2043=VERTEX_POINT('',#5735);
#2044=VERTEX_POINT('',#5737);
#2045=VERTEX_POINT('',#5741);
#2046=VERTEX_POINT('',#5742);
#2047=VERTEX_POINT('',#5744);
#2048=VERTEX_POINT('',#5746);
#2049=VERTEX_POINT('',#5750);
#2050=VERTEX_POINT('',#5752);
#2051=VERTEX_POINT('',#5755);
#2052=VERTEX_POINT('',#5758);
#2053=VERTEX_POINT('',#5762);
#2054=VERTEX_POINT('',#5764);
#2055=VERTEX_POINT('',#5767);
#2056=VERTEX_POINT('',#5770);
#2057=VERTEX_POINT('',#5774);
#2058=VERTEX_POINT('',#5776);
#2059=VERTEX_POINT('',#5779);
#2060=VERTEX_POINT('',#5782);
#2061=VERTEX_POINT('',#5786);
#2062=VERTEX_POINT('',#5788);
#2063=VERTEX_POINT('',#5791);
#2064=VERTEX_POINT('',#5794);
#2065=VERTEX_POINT('',#5798);
#2066=VERTEX_POINT('',#5799);
#2067=VERTEX_POINT('',#5801);
#2068=VERTEX_POINT('',#5803);
#2069=VERTEX_POINT('',#5807);
#2070=VERTEX_POINT('',#5809);
#2071=VERTEX_POINT('',#5813);
#2072=VERTEX_POINT('',#5815);
#2073=VERTEX_POINT('',#5823);
#2074=VERTEX_POINT('',#5825);
#2075=VERTEX_POINT('',#5829);
#2076=VERTEX_POINT('',#5833);
#2077=VERTEX_POINT('',#5839);
#2078=VERTEX_POINT('',#5841);
#2079=VERTEX_POINT('',#5845);
#2080=VERTEX_POINT('',#5849);
#2081=VERTEX_POINT('',#5855);
#2082=VERTEX_POINT('',#5857);
#2083=VERTEX_POINT('',#5861);
#2084=VERTEX_POINT('',#5865);
#2085=VERTEX_POINT('',#5871);
#2086=VERTEX_POINT('',#5873);
#2087=VERTEX_POINT('',#5877);
#2088=VERTEX_POINT('',#5881);
#2089=VERTEX_POINT('',#6017);
#2090=VERTEX_POINT('',#6022);
#2091=VERTEX_POINT('',#6074);
#2092=VERTEX_POINT('',#6075);
#2093=VERTEX_POINT('',#6077);
#2094=VERTEX_POINT('',#6079);
#2095=VERTEX_POINT('',#6083);
#2096=VERTEX_POINT('',#6085);
#2097=VERTEX_POINT('',#6089);
#2098=VERTEX_POINT('',#6091);
#2099=VERTEX_POINT('',#6104);
#2100=VERTEX_POINT('',#6106);
#2101=VERTEX_POINT('',#6121);
#2102=VERTEX_POINT('',#6123);
#2103=VERTEX_POINT('',#6138);
#2104=VERTEX_POINT('',#6140);
#2105=VERTEX_POINT('',#6155);
#2106=VERTEX_POINT('',#6157);
#2107=VERTEX_POINT('',#6163);
#2108=VERTEX_POINT('',#6165);
#2109=VERTEX_POINT('',#6169);
#2110=VERTEX_POINT('',#6171);
#2111=VERTEX_POINT('',#6175);
#2112=VERTEX_POINT('',#6179);
#2113=VERTEX_POINT('',#6183);
#2114=VERTEX_POINT('',#6194);
#2115=VERTEX_POINT('',#6207);
#2116=VERTEX_POINT('',#6220);
#2117=VERTEX_POINT('',#6233);
#2118=VERTEX_POINT('',#6246);
#2119=VERTEX_POINT('',#6259);
#2120=VERTEX_POINT('',#6282);
#2121=VERTEX_POINT('',#6284);
#2122=VERTEX_POINT('',#6288);
#2123=VERTEX_POINT('',#6292);
#2124=VERTEX_POINT('',#6296);
#2125=VERTEX_POINT('',#6300);
#2126=VERTEX_POINT('',#6304);
#2127=VERTEX_POINT('',#6308);
#2128=VERTEX_POINT('',#6312);
#2129=VERTEX_POINT('',#6316);
#2130=VERTEX_POINT('',#6320);
#2131=VERTEX_POINT('',#6324);
#2132=VERTEX_POINT('',#6331);
#2133=VERTEX_POINT('',#6333);
#2134=VERTEX_POINT('',#6337);
#2135=VERTEX_POINT('',#6341);
#2136=VERTEX_POINT('',#6345);
#2137=VERTEX_POINT('',#6349);
#2138=VERTEX_POINT('',#6353);
#2139=VERTEX_POINT('',#6357);
#2140=VERTEX_POINT('',#6361);
#2141=VERTEX_POINT('',#6365);
#2142=VERTEX_POINT('',#6369);
#2143=VERTEX_POINT('',#6373);
#2144=VERTEX_POINT('',#6387);
#2145=VERTEX_POINT('',#6391);
#2146=VERTEX_POINT('',#6402);
#2147=VERTEX_POINT('',#6415);
#2148=VERTEX_POINT('',#6428);
#2149=VERTEX_POINT('',#6434);
#2150=VERTEX_POINT('',#6438);
#2151=VERTEX_POINT('',#6442);
#2152=VERTEX_POINT('',#6453);
#2153=VERTEX_POINT('',#6466);
#2154=VERTEX_POINT('',#6479);
#2155=VERTEX_POINT('',#6492);
#2156=VERTEX_POINT('',#6505);
#2157=VERTEX_POINT('',#6518);
#2158=VERTEX_POINT('',#6524);
#2159=VERTEX_POINT('',#6528);
#2160=VERTEX_POINT('',#6532);
#2161=VERTEX_POINT('',#6543);
#2162=VERTEX_POINT('',#6561);
#2163=VERTEX_POINT('',#6562);
#2164=VERTEX_POINT('',#6564);
#2165=VERTEX_POINT('',#6566);
#2166=VERTEX_POINT('',#6570);
#2167=VERTEX_POINT('',#6572);
#2168=VERTEX_POINT('',#6576);
#2169=VERTEX_POINT('',#6578);
#2170=VERTEX_POINT('',#6582);
#2171=VERTEX_POINT('',#6586);
#2172=VERTEX_POINT('',#6590);
#2173=VERTEX_POINT('',#6594);
#2174=VERTEX_POINT('',#6598);
#2175=VERTEX_POINT('',#6602);
#2176=VERTEX_POINT('',#6612);
#2177=VERTEX_POINT('',#6614);
#2178=VERTEX_POINT('',#6618);
#2179=VERTEX_POINT('',#6622);
#2180=VERTEX_POINT('',#6626);
#2181=VERTEX_POINT('',#6630);
#2182=VERTEX_POINT('',#6634);
#2183=VERTEX_POINT('',#6638);
#2184=VERTEX_POINT('',#6642);
#2185=VERTEX_POINT('',#6646);
#2186=VERTEX_POINT('',#6650);
#2187=VERTEX_POINT('',#6654);
#2188=VERTEX_POINT('',#6658);
#2189=LINE('',#5206,#2602);
#2190=LINE('',#5209,#2603);
#2191=LINE('',#5211,#2604);
#2192=LINE('',#5213,#2605);
#2193=LINE('',#5215,#2606);
#2194=LINE('',#5217,#2607);
#2195=LINE('',#5219,#2608);
#2196=LINE('',#5221,#2609);
#2197=LINE('',#5222,#2610);
#2198=LINE('',#5225,#2611);
#2199=LINE('',#5227,#2612);
#2200=LINE('',#5229,#2613);
#2201=LINE('',#5231,#2614);
#2202=LINE('',#5233,#2615);
#2203=LINE('',#5235,#2616);
#2204=LINE('',#5237,#2617);
#2205=LINE('',#5239,#2618);
#2206=LINE('',#5241,#2619);
#2207=LINE('',#5243,#2620);
#2208=LINE('',#5245,#2621);
#2209=LINE('',#5246,#2622);
#2210=LINE('',#5249,#2623);
#2211=LINE('',#5275,#2624);
#2212=LINE('',#5277,#2625);
#2213=LINE('',#5279,#2626);
#2214=LINE('',#5280,#2627);
#2215=LINE('',#5283,#2628);
#2216=LINE('',#5285,#2629);
#2217=LINE('',#5287,#2630);
#2218=LINE('',#5292,#2631);
#2219=LINE('',#5297,#2632);
#2220=LINE('',#5299,#2633);
#2221=LINE('',#5301,#2634);
#2222=LINE('',#5303,#2635);
#2223=LINE('',#5305,#2636);
#2224=LINE('',#5308,#2637);
#2225=LINE('',#5311,#2638);
#2226=LINE('',#5313,#2639);
#2227=LINE('',#5315,#2640);
#2228=LINE('',#5317,#2641);
#2229=LINE('',#5319,#2642);
#2230=LINE('',#5321,#2643);
#2231=LINE('',#5323,#2644);
#2232=LINE('',#5325,#2645);
#2233=LINE('',#5327,#2646);
#2234=LINE('',#5329,#2647);
#2235=LINE('',#5331,#2648);
#2236=LINE('',#5345,#2649);
#2237=LINE('',#5347,#2650);
#2238=LINE('',#5349,#2651);
#2239=LINE('',#5375,#2652);
#2240=LINE('',#5377,#2653);
#2241=LINE('',#5379,#2654);
#2242=LINE('',#5392,#2655);
#2243=LINE('',#5395,#2656);
#2244=LINE('',#5397,#2657);
#2245=LINE('',#5399,#2658);
#2246=LINE('',#5401,#2659);
#2247=LINE('',#5403,#2660);
#2248=LINE('',#5405,#2661);
#2249=LINE('',#5407,#2662);
#2250=LINE('',#5409,#2663);
#2251=LINE('',#5411,#2664);
#2252=LINE('',#5413,#2665);
#2253=LINE('',#5415,#2666);
#2254=LINE('',#5417,#2667);
#2255=LINE('',#5419,#2668);
#2256=LINE('',#5422,#2669);
#2257=LINE('',#5424,#2670);
#2258=LINE('',#5426,#2671);
#2259=LINE('',#5428,#2672);
#2260=LINE('',#5430,#2673);
#2261=LINE('',#5431,#2674);
#2262=LINE('',#5434,#2675);
#2263=LINE('',#5436,#2676);
#2264=LINE('',#5438,#2677);
#2265=LINE('',#5439,#2678);
#2266=LINE('',#5442,#2679);
#2267=LINE('',#5444,#2680);
#2268=LINE('',#5446,#2681);
#2269=LINE('',#5447,#2682);
#2270=LINE('',#5450,#2683);
#2271=LINE('',#5452,#2684);
#2272=LINE('',#5454,#2685);
#2273=LINE('',#5456,#2686);
#2274=LINE('',#5459,#2687);
#2275=LINE('',#5461,#2688);
#2276=LINE('',#5463,#2689);
#2277=LINE('',#5464,#2690);
#2278=LINE('',#5467,#2691);
#2279=LINE('',#5469,#2692);
#2280=LINE('',#5471,#2693);
#2281=LINE('',#5472,#2694);
#2282=LINE('',#5475,#2695);
#2283=LINE('',#5477,#2696);
#2284=LINE('',#5479,#2697);
#2285=LINE('',#5481,#2698);
#2286=LINE('',#5483,#2699);
#2287=LINE('',#5485,#2700);
#2288=LINE('',#5487,#2701);
#2289=LINE('',#5489,#2702);
#2290=LINE('',#5491,#2703);
#2291=LINE('',#5493,#2704);
#2292=LINE('',#5494,#2705);
#2293=LINE('',#5497,#2706);
#2294=LINE('',#5499,#2707);
#2295=LINE('',#5501,#2708);
#2296=LINE('',#5503,#2709);
#2297=LINE('',#5506,#2710);
#2298=LINE('',#5508,#2711);
#2299=LINE('',#5510,#2712);
#2300=LINE('',#5511,#2713);
#2301=LINE('',#5514,#2714);
#2302=LINE('',#5516,#2715);
#2303=LINE('',#5518,#2716);
#2304=LINE('',#5520,#2717);
#2305=LINE('',#5523,#2718);
#2306=LINE('',#5525,#2719);
#2307=LINE('',#5527,#2720);
#2308=LINE('',#5528,#2721);
#2309=LINE('',#5531,#2722);
#2310=LINE('',#5533,#2723);
#2311=LINE('',#5535,#2724);
#2312=LINE('',#5537,#2725);
#2313=LINE('',#5539,#2726);
#2314=LINE('',#5541,#2727);
#2315=LINE('',#5543,#2728);
#2316=LINE('',#5545,#2729);
#2317=LINE('',#5547,#2730);
#2318=LINE('',#5548,#2731);
#2319=LINE('',#5550,#2732);
#2320=LINE('',#5552,#2733);
#2321=LINE('',#5554,#2734);
#2322=LINE('',#5556,#2735);
#2323=LINE('',#5558,#2736);
#2324=LINE('',#5560,#2737);
#2325=LINE('',#5562,#2738);
#2326=LINE('',#5563,#2739);
#2327=LINE('',#5565,#2740);
#2328=LINE('',#5567,#2741);
#2329=LINE('',#5569,#2742);
#2330=LINE('',#5570,#2743);
#2331=LINE('',#5572,#2744);
#2332=LINE('',#5573,#2745);
#2333=LINE('',#5576,#2746);
#2334=LINE('',#5578,#2747);
#2335=LINE('',#5580,#2748);
#2336=LINE('',#5581,#2749);
#2337=LINE('',#5584,#2750);
#2338=LINE('',#5586,#2751);
#2339=LINE('',#5588,#2752);
#2340=LINE('',#5589,#2753);
#2341=LINE('',#5592,#2754);
#2342=LINE('',#5594,#2755);
#2343=LINE('',#5596,#2756);
#2344=LINE('',#5598,#2757);
#2345=LINE('',#5600,#2758);
#2346=LINE('',#5602,#2759);
#2347=LINE('',#5604,#2760);
#2348=LINE('',#5606,#2761);
#2349=LINE('',#5608,#2762);
#2350=LINE('',#5609,#2763);
#2351=LINE('',#5613,#2764);
#2352=LINE('',#5615,#2765);
#2353=LINE('',#5617,#2766);
#2354=LINE('',#5620,#2767);
#2355=LINE('',#5622,#2768);
#2356=LINE('',#5624,#2769);
#2357=LINE('',#5631,#2770);
#2358=LINE('',#5633,#2771);
#2359=LINE('',#5636,#2772);
#2360=LINE('',#5638,#2773);
#2361=LINE('',#5640,#2774);
#2362=LINE('',#5642,#2775);
#2363=LINE('',#5644,#2776);
#2364=LINE('',#5646,#2777);
#2365=LINE('',#5648,#2778);
#2366=LINE('',#5650,#2779);
#2367=LINE('',#5659,#2780);
#2368=LINE('',#5661,#2781);
#2369=LINE('',#5663,#2782);
#2370=LINE('',#5665,#2783);
#2371=LINE('',#5667,#2784);
#2372=LINE('',#5669,#2785);
#2373=LINE('',#5671,#2786);
#2374=LINE('',#5673,#2787);
#2375=LINE('',#5683,#2788);
#2376=LINE('',#5685,#2789);
#2377=LINE('',#5687,#2790);
#2378=LINE('',#5689,#2791);
#2379=LINE('',#5691,#2792);
#2380=LINE('',#5693,#2793);
#2381=LINE('',#5695,#2794);
#2382=LINE('',#5697,#2795);
#2383=LINE('',#5706,#2796);
#2384=LINE('',#5709,#2797);
#2385=LINE('',#5711,#2798);
#2386=LINE('',#5713,#2799);
#2387=LINE('',#5715,#2800);
#2388=LINE('',#5717,#2801);
#2389=LINE('',#5719,#2802);
#2390=LINE('',#5721,#2803);
#2391=LINE('',#5723,#2804);
#2392=LINE('',#5725,#2805);
#2393=LINE('',#5727,#2806);
#2394=LINE('',#5729,#2807);
#2395=LINE('',#5731,#2808);
#2396=LINE('',#5734,#2809);
#2397=LINE('',#5736,#2810);
#2398=LINE('',#5738,#2811);
#2399=LINE('',#5740,#2812);
#2400=LINE('',#5743,#2813);
#2401=LINE('',#5745,#2814);
#2402=LINE('',#5747,#2815);
#2403=LINE('',#5797,#2816);
#2404=LINE('',#5800,#2817);
#2405=LINE('',#5802,#2818);
#2406=LINE('',#5804,#2819);
#2407=LINE('',#5806,#2820);
#2408=LINE('',#5808,#2821);
#2409=LINE('',#5810,#2822);
#2410=LINE('',#5812,#2823);
#2411=LINE('',#5814,#2824);
#2412=LINE('',#5816,#2825);
#2413=LINE('',#5818,#2826);
#2414=LINE('',#5819,#2827);
#2415=LINE('',#5822,#2828);
#2416=LINE('',#5824,#2829);
#2417=LINE('',#5826,#2830);
#2418=LINE('',#5828,#2831);
#2419=LINE('',#5830,#2832);
#2420=LINE('',#5832,#2833);
#2421=LINE('',#5834,#2834);
#2422=LINE('',#5836,#2835);
#2423=LINE('',#5838,#2836);
#2424=LINE('',#5840,#2837);
#2425=LINE('',#5842,#2838);
#2426=LINE('',#5844,#2839);
#2427=LINE('',#5846,#2840);
#2428=LINE('',#5848,#2841);
#2429=LINE('',#5850,#2842);
#2430=LINE('',#5852,#2843);
#2431=LINE('',#5854,#2844);
#2432=LINE('',#5856,#2845);
#2433=LINE('',#5858,#2846);
#2434=LINE('',#5860,#2847);
#2435=LINE('',#5862,#2848);
#2436=LINE('',#5864,#2849);
#2437=LINE('',#5866,#2850);
#2438=LINE('',#5868,#2851);
#2439=LINE('',#5870,#2852);
#2440=LINE('',#5872,#2853);
#2441=LINE('',#5874,#2854);
#2442=LINE('',#5876,#2855);
#2443=LINE('',#5878,#2856);
#2444=LINE('',#5880,#2857);
#2445=LINE('',#5882,#2858);
#2446=LINE('',#5884,#2859);
#2447=LINE('',#6026,#2860);
#2448=LINE('',#6073,#2861);
#2449=LINE('',#6076,#2862);
#2450=LINE('',#6078,#2863);
#2451=LINE('',#6080,#2864);
#2452=LINE('',#6082,#2865);
#2453=LINE('',#6084,#2866);
#2454=LINE('',#6086,#2867);
#2455=LINE('',#6088,#2868);
#2456=LINE('',#6090,#2869);
#2457=LINE('',#6092,#2870);
#2458=LINE('',#6105,#2871);
#2459=LINE('',#6122,#2872);
#2460=LINE('',#6139,#2873);
#2461=LINE('',#6156,#2874);
#2462=LINE('',#6164,#2875);
#2463=LINE('',#6168,#2876);
#2464=LINE('',#6170,#2877);
#2465=LINE('',#6172,#2878);
#2466=LINE('',#6174,#2879);
#2467=LINE('',#6176,#2880);
#2468=LINE('',#6178,#2881);
#2469=LINE('',#6180,#2882);
#2470=LINE('',#6182,#2883);
#2471=LINE('',#6184,#2884);
#2472=LINE('',#6193,#2885);
#2473=LINE('',#6206,#2886);
#2474=LINE('',#6219,#2887);
#2475=LINE('',#6232,#2888);
#2476=LINE('',#6245,#2889);
#2477=LINE('',#6258,#2890);
#2478=LINE('',#6264,#2891);
#2479=LINE('',#6281,#2892);
#2480=LINE('',#6283,#2893);
#2481=LINE('',#6285,#2894);
#2482=LINE('',#6287,#2895);
#2483=LINE('',#6289,#2896);
#2484=LINE('',#6291,#2897);
#2485=LINE('',#6293,#2898);
#2486=LINE('',#6295,#2899);
#2487=LINE('',#6297,#2900);
#2488=LINE('',#6299,#2901);
#2489=LINE('',#6301,#2902);
#2490=LINE('',#6303,#2903);
#2491=LINE('',#6305,#2904);
#2492=LINE('',#6307,#2905);
#2493=LINE('',#6309,#2906);
#2494=LINE('',#6311,#2907);
#2495=LINE('',#6313,#2908);
#2496=LINE('',#6315,#2909);
#2497=LINE('',#6317,#2910);
#2498=LINE('',#6319,#2911);
#2499=LINE('',#6321,#2912);
#2500=LINE('',#6323,#2913);
#2501=LINE('',#6325,#2914);
#2502=LINE('',#6327,#2915);
#2503=LINE('',#6330,#2916);
#2504=LINE('',#6332,#2917);
#2505=LINE('',#6334,#2918);
#2506=LINE('',#6336,#2919);
#2507=LINE('',#6338,#2920);
#2508=LINE('',#6340,#2921);
#2509=LINE('',#6342,#2922);
#2510=LINE('',#6344,#2923);
#2511=LINE('',#6346,#2924);
#2512=LINE('',#6348,#2925);
#2513=LINE('',#6350,#2926);
#2514=LINE('',#6352,#2927);
#2515=LINE('',#6354,#2928);
#2516=LINE('',#6356,#2929);
#2517=LINE('',#6358,#2930);
#2518=LINE('',#6360,#2931);
#2519=LINE('',#6362,#2932);
#2520=LINE('',#6364,#2933);
#2521=LINE('',#6366,#2934);
#2522=LINE('',#6368,#2935);
#2523=LINE('',#6370,#2936);
#2524=LINE('',#6372,#2937);
#2525=LINE('',#6374,#2938);
#2526=LINE('',#6376,#2939);
#2527=LINE('',#6386,#2940);
#2528=LINE('',#6392,#2941);
#2529=LINE('',#6401,#2942);
#2530=LINE('',#6414,#2943);
#2531=LINE('',#6427,#2944);
#2532=LINE('',#6433,#2945);
#2533=LINE('',#6435,#2946);
#2534=LINE('',#6437,#2947);
#2535=LINE('',#6439,#2948);
#2536=LINE('',#6441,#2949);
#2537=LINE('',#6443,#2950);
#2538=LINE('',#6452,#2951);
#2539=LINE('',#6465,#2952);
#2540=LINE('',#6478,#2953);
#2541=LINE('',#6491,#2954);
#2542=LINE('',#6504,#2955);
#2543=LINE('',#6517,#2956);
#2544=LINE('',#6523,#2957);
#2545=LINE('',#6525,#2958);
#2546=LINE('',#6527,#2959);
#2547=LINE('',#6529,#2960);
#2548=LINE('',#6531,#2961);
#2549=LINE('',#6533,#2962);
#2550=LINE('',#6542,#2963);
#2551=LINE('',#6560,#2964);
#2552=LINE('',#6563,#2965);
#2553=LINE('',#6565,#2966);
#2554=LINE('',#6567,#2967);
#2555=LINE('',#6569,#2968);
#2556=LINE('',#6571,#2969);
#2557=LINE('',#6573,#2970);
#2558=LINE('',#6575,#2971);
#2559=LINE('',#6577,#2972);
#2560=LINE('',#6579,#2973);
#2561=LINE('',#6581,#2974);
#2562=LINE('',#6583,#2975);
#2563=LINE('',#6585,#2976);
#2564=LINE('',#6587,#2977);
#2565=LINE('',#6589,#2978);
#2566=LINE('',#6591,#2979);
#2567=LINE('',#6593,#2980);
#2568=LINE('',#6595,#2981);
#2569=LINE('',#6597,#2982);
#2570=LINE('',#6599,#2983);
#2571=LINE('',#6601,#2984);
#2572=LINE('',#6603,#2985);
#2573=LINE('',#6605,#2986);
#2574=LINE('',#6607,#2987);
#2575=LINE('',#6608,#2988);
#2576=LINE('',#6611,#2989);
#2577=LINE('',#6613,#2990);
#2578=LINE('',#6615,#2991);
#2579=LINE('',#6617,#2992);
#2580=LINE('',#6619,#2993);
#2581=LINE('',#6621,#2994);
#2582=LINE('',#6623,#2995);
#2583=LINE('',#6625,#2996);
#2584=LINE('',#6627,#2997);
#2585=LINE('',#6629,#2998);
#2586=LINE('',#6631,#2999);
#2587=LINE('',#6633,#3000);
#2588=LINE('',#6635,#3001);
#2589=LINE('',#6637,#3002);
#2590=LINE('',#6639,#3003);
#2591=LINE('',#6641,#3004);
#2592=LINE('',#6643,#3005);
#2593=LINE('',#6645,#3006);
#2594=LINE('',#6647,#3007);
#2595=LINE('',#6649,#3008);
#2596=LINE('',#6651,#3009);
#2597=LINE('',#6653,#3010);
#2598=LINE('',#6655,#3011);
#2599=LINE('',#6657,#3012);
#2600=LINE('',#6659,#3013);
#2601=LINE('',#6661,#3014);
#2602=VECTOR('',#4235,1.);
#2603=VECTOR('',#4236,1.);
#2604=VECTOR('',#4237,1.);
#2605=VECTOR('',#4238,1.);
#2606=VECTOR('',#4239,1.);
#2607=VECTOR('',#4240,1.);
#2608=VECTOR('',#4241,1.);
#2609=VECTOR('',#4242,1.);
#2610=VECTOR('',#4243,1.);
#2611=VECTOR('',#4244,1.);
#2612=VECTOR('',#4245,1.);
#2613=VECTOR('',#4246,1.);
#2614=VECTOR('',#4247,1.);
#2615=VECTOR('',#4248,1.);
#2616=VECTOR('',#4249,1.);
#2617=VECTOR('',#4250,1.);
#2618=VECTOR('',#4251,1.);
#2619=VECTOR('',#4252,1.);
#2620=VECTOR('',#4253,1.);
#2621=VECTOR('',#4254,1.);
#2622=VECTOR('',#4255,1.);
#2623=VECTOR('',#4256,1.);
#2624=VECTOR('',#4257,1.);
#2625=VECTOR('',#4258,1.);
#2626=VECTOR('',#4259,1.);
#2627=VECTOR('',#4260,1.);
#2628=VECTOR('',#4261,1.);
#2629=VECTOR('',#4262,1.);
#2630=VECTOR('',#4263,1.);
#2631=VECTOR('',#4268,1.);
#2632=VECTOR('',#4271,1.);
#2633=VECTOR('',#4272,1.);
#2634=VECTOR('',#4273,1.);
#2635=VECTOR('',#4274,1.);
#2636=VECTOR('',#4275,1.);
#2637=VECTOR('',#4278,1.);
#2638=VECTOR('',#4279,1.);
#2639=VECTOR('',#4280,1.);
#2640=VECTOR('',#4281,1.);
#2641=VECTOR('',#4282,1.);
#2642=VECTOR('',#4283,1.);
#2643=VECTOR('',#4284,1.);
#2644=VECTOR('',#4285,1.);
#2645=VECTOR('',#4286,1.);
#2646=VECTOR('',#4287,1.);
#2647=VECTOR('',#4288,1.);
#2648=VECTOR('',#4289,1.);
#2649=VECTOR('',#4290,1.);
#2650=VECTOR('',#4291,1.);
#2651=VECTOR('',#4292,1.);
#2652=VECTOR('',#4293,1.);
#2653=VECTOR('',#4294,1.);
#2654=VECTOR('',#4295,1.);
#2655=VECTOR('',#4296,1.);
#2656=VECTOR('',#4297,1.);
#2657=VECTOR('',#4298,1.);
#2658=VECTOR('',#4299,1.);
#2659=VECTOR('',#4300,1.);
#2660=VECTOR('',#4301,1.);
#2661=VECTOR('',#4302,1.);
#2662=VECTOR('',#4303,1.);
#2663=VECTOR('',#4304,1.);
#2664=VECTOR('',#4305,1.);
#2665=VECTOR('',#4306,1.);
#2666=VECTOR('',#4307,1.);
#2667=VECTOR('',#4308,1.);
#2668=VECTOR('',#4311,1.);
#2669=VECTOR('',#4312,1.);
#2670=VECTOR('',#4313,1.);
#2671=VECTOR('',#4314,1.);
#2672=VECTOR('',#4315,1.);
#2673=VECTOR('',#4316,1.);
#2674=VECTOR('',#4317,1.);
#2675=VECTOR('',#4318,1.);
#2676=VECTOR('',#4319,1.);
#2677=VECTOR('',#4320,1.);
#2678=VECTOR('',#4321,1.);
#2679=VECTOR('',#4322,1.);
#2680=VECTOR('',#4323,1.);
#2681=VECTOR('',#4324,1.);
#2682=VECTOR('',#4325,1.);
#2683=VECTOR('',#4326,1.);
#2684=VECTOR('',#4327,1.);
#2685=VECTOR('',#4328,1.);
#2686=VECTOR('',#4331,1.);
#2687=VECTOR('',#4332,1.);
#2688=VECTOR('',#4333,1.);
#2689=VECTOR('',#4334,1.);
#2690=VECTOR('',#4335,1.);
#2691=VECTOR('',#4336,1.);
#2692=VECTOR('',#4337,1.);
#2693=VECTOR('',#4338,1.);
#2694=VECTOR('',#4339,1.);
#2695=VECTOR('',#4340,1.);
#2696=VECTOR('',#4341,1.);
#2697=VECTOR('',#4342,1.);
#2698=VECTOR('',#4345,1.);
#2699=VECTOR('',#4346,1.);
#2700=VECTOR('',#4347,1.);
#2701=VECTOR('',#4348,1.);
#2702=VECTOR('',#4349,1.);
#2703=VECTOR('',#4350,1.);
#2704=VECTOR('',#4351,1.);
#2705=VECTOR('',#4352,1.);
#2706=VECTOR('',#4353,1.);
#2707=VECTOR('',#4354,1.);
#2708=VECTOR('',#4355,1.);
#2709=VECTOR('',#4358,1.);
#2710=VECTOR('',#4359,1.);
#2711=VECTOR('',#4360,1.);
#2712=VECTOR('',#4361,1.);
#2713=VECTOR('',#4362,1.);
#2714=VECTOR('',#4363,1.);
#2715=VECTOR('',#4364,1.);
#2716=VECTOR('',#4365,1.);
#2717=VECTOR('',#4368,1.);
#2718=VECTOR('',#4369,1.);
#2719=VECTOR('',#4370,1.);
#2720=VECTOR('',#4371,1.);
#2721=VECTOR('',#4372,1.);
#2722=VECTOR('',#4373,1.);
#2723=VECTOR('',#4374,1.);
#2724=VECTOR('',#4375,1.);
#2725=VECTOR('',#4378,1.);
#2726=VECTOR('',#4379,1.);
#2727=VECTOR('',#4380,1.);
#2728=VECTOR('',#4381,1.);
#2729=VECTOR('',#4382,1.);
#2730=VECTOR('',#4385,1.);
#2731=VECTOR('',#4386,1.);
#2732=VECTOR('',#4387,1.);
#2733=VECTOR('',#4388,1.);
#2734=VECTOR('',#4389,1.);
#2735=VECTOR('',#4390,1.);
#2736=VECTOR('',#4393,1.);
#2737=VECTOR('',#4394,1.);
#2738=VECTOR('',#4395,1.);
#2739=VECTOR('',#4396,1.);
#2740=VECTOR('',#4397,1.);
#2741=VECTOR('',#4398,1.);
#2742=VECTOR('',#4399,1.);
#2743=VECTOR('',#4400,1.);
#2744=VECTOR('',#4401,1.);
#2745=VECTOR('',#4402,1.);
#2746=VECTOR('',#4403,1.);
#2747=VECTOR('',#4404,1.);
#2748=VECTOR('',#4405,1.);
#2749=VECTOR('',#4406,1.);
#2750=VECTOR('',#4407,1.);
#2751=VECTOR('',#4408,1.);
#2752=VECTOR('',#4409,1.);
#2753=VECTOR('',#4410,1.);
#2754=VECTOR('',#4411,1.);
#2755=VECTOR('',#4412,1.);
#2756=VECTOR('',#4413,1.);
#2757=VECTOR('',#4416,1.);
#2758=VECTOR('',#4417,1.);
#2759=VECTOR('',#4418,1.);
#2760=VECTOR('',#4421,1.);
#2761=VECTOR('',#4422,1.);
#2762=VECTOR('',#4425,1.);
#2763=VECTOR('',#4426,1.);
#2764=VECTOR('',#4433,1.);
#2765=VECTOR('',#4434,1.);
#2766=VECTOR('',#4437,1.);
#2767=VECTOR('',#4442,1.);
#2768=VECTOR('',#4443,1.);
#2769=VECTOR('',#4444,1.);
#2770=VECTOR('',#4453,1.);
#2771=VECTOR('',#4456,1.);
#2772=VECTOR('',#4461,1.);
#2773=VECTOR('',#4462,1.);
#2774=VECTOR('',#4463,1.);
#2775=VECTOR('',#4466,1.);
#2776=VECTOR('',#4467,1.);
#2777=VECTOR('',#4470,1.);
#2778=VECTOR('',#4471,1.);
#2779=VECTOR('',#4474,1.);
#2780=VECTOR('',#4487,1.);
#2781=VECTOR('',#4488,1.);
#2782=VECTOR('',#4489,1.);
#2783=VECTOR('',#4492,1.);
#2784=VECTOR('',#4493,1.);
#2785=VECTOR('',#4496,1.);
#2786=VECTOR('',#4497,1.);
#2787=VECTOR('',#4500,1.);
#2788=VECTOR('',#4515,1.);
#2789=VECTOR('',#4516,1.);
#2790=VECTOR('',#4517,1.);
#2791=VECTOR('',#4520,1.);
#2792=VECTOR('',#4521,1.);
#2793=VECTOR('',#4524,1.);
#2794=VECTOR('',#4525,1.);
#2795=VECTOR('',#4528,1.);
#2796=VECTOR('',#4541,1.);
#2797=VECTOR('',#4542,1.);
#2798=VECTOR('',#4543,1.);
#2799=VECTOR('',#4544,1.);
#2800=VECTOR('',#4547,1.);
#2801=VECTOR('',#4548,1.);
#2802=VECTOR('',#4549,1.);
#2803=VECTOR('',#4552,1.);
#2804=VECTOR('',#4553,1.);
#2805=VECTOR('',#4556,1.);
#2806=VECTOR('',#4557,1.);
#2807=VECTOR('',#4560,1.);
#2808=VECTOR('',#4563,1.);
#2809=VECTOR('',#4564,1.);
#2810=VECTOR('',#4565,1.);
#2811=VECTOR('',#4566,1.);
#2812=VECTOR('',#4569,1.);
#2813=VECTOR('',#4570,1.);
#2814=VECTOR('',#4571,1.);
#2815=VECTOR('',#4572,1.);
#2816=VECTOR('',#4639,1.);
#2817=VECTOR('',#4640,1.);
#2818=VECTOR('',#4641,1.);
#2819=VECTOR('',#4642,1.);
#2820=VECTOR('',#4645,1.);
#2821=VECTOR('',#4646,1.);
#2822=VECTOR('',#4647,1.);
#2823=VECTOR('',#4650,1.);
#2824=VECTOR('',#4651,1.);
#2825=VECTOR('',#4652,1.);
#2826=VECTOR('',#4655,1.);
#2827=VECTOR('',#4656,1.);
#2828=VECTOR('',#4661,1.);
#2829=VECTOR('',#4662,1.);
#2830=VECTOR('',#4663,1.);
#2831=VECTOR('',#4666,1.);
#2832=VECTOR('',#4667,1.);
#2833=VECTOR('',#4670,1.);
#2834=VECTOR('',#4671,1.);
#2835=VECTOR('',#4674,1.);
#2836=VECTOR('',#4677,1.);
#2837=VECTOR('',#4678,1.);
#2838=VECTOR('',#4679,1.);
#2839=VECTOR('',#4682,1.);
#2840=VECTOR('',#4683,1.);
#2841=VECTOR('',#4686,1.);
#2842=VECTOR('',#4687,1.);
#2843=VECTOR('',#4690,1.);
#2844=VECTOR('',#4693,1.);
#2845=VECTOR('',#4694,1.);
#2846=VECTOR('',#4695,1.);
#2847=VECTOR('',#4698,1.);
#2848=VECTOR('',#4699,1.);
#2849=VECTOR('',#4702,1.);
#2850=VECTOR('',#4703,1.);
#2851=VECTOR('',#4706,1.);
#2852=VECTOR('',#4709,1.);
#2853=VECTOR('',#4710,1.);
#2854=VECTOR('',#4711,1.);
#2855=VECTOR('',#4714,1.);
#2856=VECTOR('',#4715,1.);
#2857=VECTOR('',#4718,1.);
#2858=VECTOR('',#4719,1.);
#2859=VECTOR('',#4722,1.);
#2860=VECTOR('',#4833,1.);
#2861=VECTOR('',#4906,1.);
#2862=VECTOR('',#4907,1.);
#2863=VECTOR('',#4908,1.);
#2864=VECTOR('',#4909,1.);
#2865=VECTOR('',#4912,1.);
#2866=VECTOR('',#4913,1.);
#2867=VECTOR('',#4914,1.);
#2868=VECTOR('',#4917,1.);
#2869=VECTOR('',#4918,1.);
#2870=VECTOR('',#4919,1.);
#2871=VECTOR('',#4920,1.);
#2872=VECTOR('',#4921,1.);
#2873=VECTOR('',#4922,1.);
#2874=VECTOR('',#4923,1.);
#2875=VECTOR('',#4928,1.);
#2876=VECTOR('',#4933,1.);
#2877=VECTOR('',#4934,1.);
#2878=VECTOR('',#4935,1.);
#2879=VECTOR('',#4938,1.);
#2880=VECTOR('',#4939,1.);
#2881=VECTOR('',#4942,1.);
#2882=VECTOR('',#4943,1.);
#2883=VECTOR('',#4946,1.);
#2884=VECTOR('',#4947,1.);
#2885=VECTOR('',#4948,1.);
#2886=VECTOR('',#4949,1.);
#2887=VECTOR('',#4950,1.);
#2888=VECTOR('',#4951,1.);
#2889=VECTOR('',#4952,1.);
#2890=VECTOR('',#4953,1.);
#2891=VECTOR('',#4956,1.);
#2892=VECTOR('',#4961,1.);
#2893=VECTOR('',#4962,1.);
#2894=VECTOR('',#4963,1.);
#2895=VECTOR('',#4966,1.);
#2896=VECTOR('',#4967,1.);
#2897=VECTOR('',#4970,1.);
#2898=VECTOR('',#4971,1.);
#2899=VECTOR('',#4974,1.);
#2900=VECTOR('',#4975,1.);
#2901=VECTOR('',#4978,1.);
#2902=VECTOR('',#4979,1.);
#2903=VECTOR('',#4982,1.);
#2904=VECTOR('',#4983,1.);
#2905=VECTOR('',#4986,1.);
#2906=VECTOR('',#4987,1.);
#2907=VECTOR('',#4990,1.);
#2908=VECTOR('',#4991,1.);
#2909=VECTOR('',#4994,1.);
#2910=VECTOR('',#4995,1.);
#2911=VECTOR('',#4998,1.);
#2912=VECTOR('',#4999,1.);
#2913=VECTOR('',#5002,1.);
#2914=VECTOR('',#5003,1.);
#2915=VECTOR('',#5006,1.);
#2916=VECTOR('',#5011,1.);
#2917=VECTOR('',#5012,1.);
#2918=VECTOR('',#5013,1.);
#2919=VECTOR('',#5016,1.);
#2920=VECTOR('',#5017,1.);
#2921=VECTOR('',#5020,1.);
#2922=VECTOR('',#5021,1.);
#2923=VECTOR('',#5024,1.);
#2924=VECTOR('',#5025,1.);
#2925=VECTOR('',#5028,1.);
#2926=VECTOR('',#5029,1.);
#2927=VECTOR('',#5032,1.);
#2928=VECTOR('',#5033,1.);
#2929=VECTOR('',#5036,1.);
#2930=VECTOR('',#5037,1.);
#2931=VECTOR('',#5040,1.);
#2932=VECTOR('',#5041,1.);
#2933=VECTOR('',#5044,1.);
#2934=VECTOR('',#5045,1.);
#2935=VECTOR('',#5048,1.);
#2936=VECTOR('',#5049,1.);
#2937=VECTOR('',#5052,1.);
#2938=VECTOR('',#5053,1.);
#2939=VECTOR('',#5056,1.);
#2940=VECTOR('',#5059,1.);
#2941=VECTOR('',#5060,1.);
#2942=VECTOR('',#5061,1.);
#2943=VECTOR('',#5062,1.);
#2944=VECTOR('',#5063,1.);
#2945=VECTOR('',#5066,1.);
#2946=VECTOR('',#5067,1.);
#2947=VECTOR('',#5070,1.);
#2948=VECTOR('',#5071,1.);
#2949=VECTOR('',#5074,1.);
#2950=VECTOR('',#5075,1.);
#2951=VECTOR('',#5076,1.);
#2952=VECTOR('',#5077,1.);
#2953=VECTOR('',#5078,1.);
#2954=VECTOR('',#5079,1.);
#2955=VECTOR('',#5080,1.);
#2956=VECTOR('',#5081,1.);
#2957=VECTOR('',#5084,1.);
#2958=VECTOR('',#5085,1.);
#2959=VECTOR('',#5088,1.);
#2960=VECTOR('',#5089,1.);
#2961=VECTOR('',#5092,1.);
#2962=VECTOR('',#5093,1.);
#2963=VECTOR('',#5094,1.);
#2964=VECTOR('',#5099,1.);
#2965=VECTOR('',#5100,1.);
#2966=VECTOR('',#5101,1.);
#2967=VECTOR('',#5102,1.);
#2968=VECTOR('',#5105,1.);
#2969=VECTOR('',#5106,1.);
#2970=VECTOR('',#5107,1.);
#2971=VECTOR('',#5110,1.);
#2972=VECTOR('',#5111,1.);
#2973=VECTOR('',#5112,1.);
#2974=VECTOR('',#5115,1.);
#2975=VECTOR('',#5116,1.);
#2976=VECTOR('',#5119,1.);
#2977=VECTOR('',#5120,1.);
#2978=VECTOR('',#5123,1.);
#2979=VECTOR('',#5124,1.);
#2980=VECTOR('',#5127,1.);
#2981=VECTOR('',#5128,1.);
#2982=VECTOR('',#5131,1.);
#2983=VECTOR('',#5132,1.);
#2984=VECTOR('',#5135,1.);
#2985=VECTOR('',#5136,1.);
#2986=VECTOR('',#5139,1.);
#2987=VECTOR('',#5142,1.);
#2988=VECTOR('',#5143,1.);
#2989=VECTOR('',#5148,1.);
#2990=VECTOR('',#5149,1.);
#2991=VECTOR('',#5150,1.);
#2992=VECTOR('',#5153,1.);
#2993=VECTOR('',#5154,1.);
#2994=VECTOR('',#5157,1.);
#2995=VECTOR('',#5158,1.);
#2996=VECTOR('',#5161,1.);
#2997=VECTOR('',#5162,1.);
#2998=VECTOR('',#5165,1.);
#2999=VECTOR('',#5166,1.);
#3000=VECTOR('',#5169,1.);
#3001=VECTOR('',#5170,1.);
#3002=VECTOR('',#5173,1.);
#3003=VECTOR('',#5174,1.);
#3004=VECTOR('',#5177,1.);
#3005=VECTOR('',#5178,1.);
#3006=VECTOR('',#5181,1.);
#3007=VECTOR('',#5182,1.);
#3008=VECTOR('',#5185,1.);
#3009=VECTOR('',#5186,1.);
#3010=VECTOR('',#5189,1.);
#3011=VECTOR('',#5190,1.);
#3012=VECTOR('',#5193,1.);
#3013=VECTOR('',#5194,1.);
#3014=VECTOR('',#5197,1.);
#3015=EDGE_LOOP('',(#220,#221,#222,#223,#224,#225,#226,#227));
#3016=EDGE_LOOP('',(#228,#229,#230,#231,#232,#233,#234,#235,#236,#237,#238,
#239));
#3017=EDGE_LOOP('',(#240,#241,#242,#243,#244,#245,#246,#247,#248,#249,#250));
#3018=EDGE_LOOP('',(#251,#252,#253,#254));
#3019=EDGE_LOOP('',(#255));
#3020=EDGE_LOOP('',(#256));
#3021=EDGE_LOOP('',(#257,#258,#259,#260,#261,#262,#263,#264));
#3022=EDGE_LOOP('',(#265,#266,#267,#268,#269,#270,#271,#272,#273,#274,#275,
#276));
#3023=EDGE_LOOP('',(#277,#278,#279,#280,#281,#282,#283,#284,#285,#286,#287,
#288,#289,#290,#291,#292,#293,#294));
#3024=EDGE_LOOP('',(#295,#296,#297,#298,#299,#300,#301,#302,#303,#304,#305,
#306,#307));
#3025=EDGE_LOOP('',(#308,#309,#310,#311,#312,#313));
#3026=EDGE_LOOP('',(#314,#315,#316,#317));
#3027=EDGE_LOOP('',(#318,#319,#320,#321));
#3028=EDGE_LOOP('',(#322,#323,#324,#325));
#3029=EDGE_LOOP('',(#326,#327,#328,#329));
#3030=EDGE_LOOP('',(#330,#331,#332,#333));
#3031=EDGE_LOOP('',(#334,#335,#336,#337));
#3032=EDGE_LOOP('',(#338,#339,#340,#341,#342,#343,#344,#345));
#3033=EDGE_LOOP('',(#346,#347,#348,#349));
#3034=EDGE_LOOP('',(#350,#351,#352,#353));
#3035=EDGE_LOOP('',(#354,#355,#356,#357));
#3036=EDGE_LOOP('',(#358,#359,#360,#361));
#3037=EDGE_LOOP('',(#362,#363,#364,#365));
#3038=EDGE_LOOP('',(#366,#367,#368,#369,#370,#371));
#3039=EDGE_LOOP('',(#372,#373,#374,#375,#376,#377,#378,#379));
#3040=EDGE_LOOP('',(#380,#381,#382,#383,#384,#385,#386,#387,#388,#389,#390,
#391,#392,#393));
#3041=EDGE_LOOP('',(#394,#395,#396,#397));
#3042=EDGE_LOOP('',(#398,#399,#400,#401));
#3043=EDGE_LOOP('',(#402,#403,#404,#405));
#3044=EDGE_LOOP('',(#406,#407,#408,#409));
#3045=EDGE_LOOP('',(#410,#411,#412,#413));
#3046=EDGE_LOOP('',(#414,#415,#416,#417,#418,#419));
#3047=EDGE_LOOP('',(#420,#421,#422,#423));
#3048=EDGE_LOOP('',(#424,#425,#426,#427));
#3049=EDGE_LOOP('',(#428,#429,#430,#431));
#3050=EDGE_LOOP('',(#432,#433,#434,#435));
#3051=EDGE_LOOP('',(#436,#437,#438,#439));
#3052=EDGE_LOOP('',(#440,#441,#442,#443));
#3053=EDGE_LOOP('',(#444));
#3054=EDGE_LOOP('',(#445));
#3055=EDGE_LOOP('',(#446,#447,#448,#449));
#3056=EDGE_LOOP('',(#450,#451,#452,#453));
#3057=EDGE_LOOP('',(#454));
#3058=EDGE_LOOP('',(#455,#456,#457,#458));
#3059=EDGE_LOOP('',(#459,#460,#461,#462));
#3060=EDGE_LOOP('',(#463,#464,#465,#466));
#3061=EDGE_LOOP('',(#467,#468,#469,#470));
#3062=EDGE_LOOP('',(#471,#472,#473,#474));
#3063=EDGE_LOOP('',(#475));
#3064=EDGE_LOOP('',(#476));
#3065=EDGE_LOOP('',(#477,#478,#479,#480));
#3066=EDGE_LOOP('',(#481));
#3067=EDGE_LOOP('',(#482));
#3068=EDGE_LOOP('',(#483,#484,#485,#486));
#3069=EDGE_LOOP('',(#487,#488,#489,#490));
#3070=EDGE_LOOP('',(#491,#492,#493,#494));
#3071=EDGE_LOOP('',(#495,#496,#497,#498));
#3072=EDGE_LOOP('',(#499));
#3073=EDGE_LOOP('',(#500));
#3074=EDGE_LOOP('',(#501,#502,#503,#504));
#3075=EDGE_LOOP('',(#505));
#3076=EDGE_LOOP('',(#506));
#3077=EDGE_LOOP('',(#507));
#3078=EDGE_LOOP('',(#508,#509,#510,#511));
#3079=EDGE_LOOP('',(#512,#513,#514,#515));
#3080=EDGE_LOOP('',(#516,#517,#518,#519));
#3081=EDGE_LOOP('',(#520,#521,#522,#523));
#3082=EDGE_LOOP('',(#524));
#3083=EDGE_LOOP('',(#525));
#3084=EDGE_LOOP('',(#526,#527,#528,#529));
#3085=EDGE_LOOP('',(#530));
#3086=EDGE_LOOP('',(#531));
#3087=EDGE_LOOP('',(#532,#533,#534,#535));
#3088=EDGE_LOOP('',(#536,#537,#538,#539));
#3089=EDGE_LOOP('',(#540,#541,#542,#543));
#3090=EDGE_LOOP('',(#544,#545,#546,#547));
#3091=EDGE_LOOP('',(#548,#549,#550,#551));
#3092=EDGE_LOOP('',(#552,#553,#554,#555));
#3093=EDGE_LOOP('',(#556,#557,#558,#559));
#3094=EDGE_LOOP('',(#560,#561,#562,#563));
#3095=EDGE_LOOP('',(#564));
#3096=EDGE_LOOP('',(#565));
#3097=EDGE_LOOP('',(#566));
#3098=EDGE_LOOP('',(#567));
#3099=EDGE_LOOP('',(#568));
#3100=EDGE_LOOP('',(#569));
#3101=EDGE_LOOP('',(#570));
#3102=EDGE_LOOP('',(#571));
#3103=EDGE_LOOP('',(#572));
#3104=EDGE_LOOP('',(#573));
#3105=EDGE_LOOP('',(#574));
#3106=EDGE_LOOP('',(#575));
#3107=EDGE_LOOP('',(#576));
#3108=EDGE_LOOP('',(#577));
#3109=EDGE_LOOP('',(#578));
#3110=EDGE_LOOP('',(#579));
#3111=EDGE_LOOP('',(#580));
#3112=EDGE_LOOP('',(#581));
#3113=EDGE_LOOP('',(#582));
#3114=EDGE_LOOP('',(#583));
#3115=EDGE_LOOP('',(#584));
#3116=EDGE_LOOP('',(#585));
#3117=EDGE_LOOP('',(#586));
#3118=EDGE_LOOP('',(#587));
#3119=EDGE_LOOP('',(#588));
#3120=EDGE_LOOP('',(#589));
#3121=EDGE_LOOP('',(#590));
#3122=EDGE_LOOP('',(#591));
#3123=EDGE_LOOP('',(#592,#593,#594,#595));
#3124=EDGE_LOOP('',(#596,#597,#598,#599));
#3125=EDGE_LOOP('',(#600,#601,#602,#603));
#3126=EDGE_LOOP('',(#604,#605,#606,#607));
#3127=EDGE_LOOP('',(#608,#609,#610,#611));
#3128=EDGE_LOOP('',(#612,#613,#614,#615));
#3129=EDGE_LOOP('',(#616,#617,#618,#619));
#3130=EDGE_LOOP('',(#620,#621,#622,#623));
#3131=EDGE_LOOP('',(#624,#625,#626,#627));
#3132=EDGE_LOOP('',(#628,#629,#630,#631));
#3133=EDGE_LOOP('',(#632,#633,#634,#635));
#3134=EDGE_LOOP('',(#636,#637,#638,#639));
#3135=EDGE_LOOP('',(#640,#641,#642,#643));
#3136=EDGE_LOOP('',(#644,#645,#646,#647));
#3137=EDGE_LOOP('',(#648,#649,#650,#651));
#3138=EDGE_LOOP('',(#652,#653,#654,#655));
#3139=EDGE_LOOP('',(#656,#657,#658,#659));
#3140=EDGE_LOOP('',(#660,#661,#662,#663));
#3141=EDGE_LOOP('',(#664,#665,#666,#667));
#3142=EDGE_LOOP('',(#668,#669,#670,#671));
#3143=EDGE_LOOP('',(#672,#673,#674,#675));
#3144=EDGE_LOOP('',(#676,#677,#678,#679));
#3145=EDGE_LOOP('',(#680,#681,#682,#683));
#3146=EDGE_LOOP('',(#684,#685,#686,#687));
#3147=EDGE_LOOP('',(#688,#689,#690,#691));
#3148=EDGE_LOOP('',(#692,#693,#694));
#3149=EDGE_LOOP('',(#695,#696,#697,#698));
#3150=EDGE_LOOP('',(#699,#700,#701,#702));
#3151=EDGE_LOOP('',(#703,#704,#705,#706));
#3152=EDGE_LOOP('',(#707,#708,#709));
#3153=EDGE_LOOP('',(#710,#711,#712));
#3154=EDGE_LOOP('',(#713,#714,#715,#716));
#3155=EDGE_LOOP('',(#717,#718,#719,#720));
#3156=EDGE_LOOP('',(#721,#722,#723));
#3157=EDGE_LOOP('',(#724,#725,#726,#727));
#3158=EDGE_LOOP('',(#728,#729,#730,#731));
#3159=EDGE_LOOP('',(#732,#733,#734,#735));
#3160=EDGE_LOOP('',(#736,#737,#738,#739));
#3161=EDGE_LOOP('',(#740,#741,#742));
#3162=EDGE_LOOP('',(#743,#744,#745,#746));
#3163=EDGE_LOOP('',(#747,#748,#749,#750));
#3164=EDGE_LOOP('',(#751,#752,#753));
#3165=EDGE_LOOP('',(#754,#755,#756,#757));
#3166=EDGE_LOOP('',(#758,#759,#760,#761,#762,#763,#764));
#3167=EDGE_LOOP('',(#765,#766,#767,#768,#769,#770,#771));
#3168=EDGE_LOOP('',(#772,#773,#774,#775));
#3169=EDGE_LOOP('',(#776,#777,#778,#779));
#3170=EDGE_LOOP('',(#780,#781,#782,#783));
#3171=EDGE_LOOP('',(#784,#785,#786,#787));
#3172=EDGE_LOOP('',(#788,#789,#790,#791));
#3173=EDGE_LOOP('',(#792,#793,#794,#795));
#3174=EDGE_LOOP('',(#796,#797,#798,#799));
#3175=EDGE_LOOP('',(#800,#801,#802));
#3176=EDGE_LOOP('',(#803,#804,#805,#806,#807,#808,#809,#810));
#3177=EDGE_LOOP('',(#811,#812,#813));
#3178=EDGE_LOOP('',(#814,#815,#816,#817));
#3179=EDGE_LOOP('',(#818,#819,#820,#821));
#3180=EDGE_LOOP('',(#822,#823,#824,#825));
#3181=EDGE_LOOP('',(#826,#827,#828,#829));
#3182=EDGE_LOOP('',(#830,#831,#832,#833));
#3183=EDGE_LOOP('',(#834,#835,#836,#837));
#3184=EDGE_LOOP('',(#838,#839,#840,#841));
#3185=EDGE_LOOP('',(#842,#843,#844,#845));
#3186=EDGE_LOOP('',(#846,#847));
#3187=EDGE_LOOP('',(#848));
#3188=EDGE_LOOP('',(#849,#850));
#3189=EDGE_LOOP('',(#851));
#3190=EDGE_LOOP('',(#852));
#3191=EDGE_LOOP('',(#853));
#3192=EDGE_LOOP('',(#854));
#3193=EDGE_LOOP('',(#855));
#3194=EDGE_LOOP('',(#856,#857,#858,#859));
#3195=EDGE_LOOP('',(#860,#861,#862,#863));
#3196=EDGE_LOOP('',(#864,#865,#866,#867));
#3197=EDGE_LOOP('',(#868,#869,#870,#871));
#3198=EDGE_LOOP('',(#872,#873,#874,#875));
#3199=EDGE_LOOP('',(#876,#877,#878,#879));
#3200=EDGE_LOOP('',(#880,#881,#882,#883));
#3201=EDGE_LOOP('',(#884,#885,#886,#887));
#3202=EDGE_LOOP('',(#888,#889,#890,#891));
#3203=EDGE_LOOP('',(#892,#893,#894,#895));
#3204=EDGE_LOOP('',(#896,#897,#898,#899));
#3205=EDGE_LOOP('',(#900,#901,#902,#903));
#3206=EDGE_LOOP('',(#904,#905,#906,#907));
#3207=EDGE_LOOP('',(#908,#909,#910,#911));
#3208=EDGE_LOOP('',(#912,#913,#914,#915));
#3209=EDGE_LOOP('',(#916,#917,#918,#919));
#3210=EDGE_LOOP('',(#920,#921,#922,#923));
#3211=EDGE_LOOP('',(#924,#925,#926,#927));
#3212=EDGE_LOOP('',(#928,#929,#930,#931));
#3213=EDGE_LOOP('',(#932,#933,#934,#935));
#3214=EDGE_LOOP('',(#936,#937,#938,#939,#940,#941,#942,#943,#944,#945,#946));
#3215=EDGE_LOOP('',(#947,#948,#949,#950,#951,#952,#953,#954,#955));
#3216=EDGE_LOOP('',(#956,#957,#958,#959));
#3217=EDGE_LOOP('',(#960,#961,#962,#963));
#3218=EDGE_LOOP('',(#964,#965,#966,#967));
#3219=EDGE_LOOP('',(#968,#969,#970,#971));
#3220=EDGE_LOOP('',(#972,#973,#974,#975));
#3221=EDGE_LOOP('',(#976,#977,#978,#979));
#3222=EDGE_LOOP('',(#980,#981,#982,#983));
#3223=EDGE_LOOP('',(#984,#985,#986,#987));
#3224=EDGE_LOOP('',(#988,#989,#990,#991));
#3225=EDGE_LOOP('',(#992,#993,#994,#995));
#3226=EDGE_LOOP('',(#996,#997,#998,#999));
#3227=EDGE_LOOP('',(#1000,#1001,#1002,#1003));
#3228=EDGE_LOOP('',(#1004,#1005,#1006,#1007,#1008,#1009,#1010,#1011,#1012,
#1013,#1014,#1015));
#3229=EDGE_LOOP('',(#1016,#1017,#1018,#1019));
#3230=EDGE_LOOP('',(#1020,#1021,#1022,#1023));
#3231=EDGE_LOOP('',(#1024,#1025,#1026,#1027));
#3232=EDGE_LOOP('',(#1028,#1029,#1030,#1031));
#3233=EDGE_LOOP('',(#1032,#1033,#1034,#1035));
#3234=EDGE_LOOP('',(#1036,#1037,#1038,#1039));
#3235=EDGE_LOOP('',(#1040,#1041,#1042,#1043));
#3236=EDGE_LOOP('',(#1044,#1045,#1046,#1047));
#3237=EDGE_LOOP('',(#1048,#1049,#1050,#1051));
#3238=EDGE_LOOP('',(#1052,#1053,#1054,#1055));
#3239=EDGE_LOOP('',(#1056,#1057,#1058,#1059));
#3240=EDGE_LOOP('',(#1060,#1061,#1062,#1063));
#3241=EDGE_LOOP('',(#1064,#1065,#1066,#1067,#1068,#1069,#1070,#1071,#1072,
#1073,#1074,#1075));
#3242=EDGE_LOOP('',(#1076,#1077,#1078,#1079));
#3243=EDGE_LOOP('',(#1080,#1081,#1082,#1083));
#3244=EDGE_LOOP('',(#1084,#1085,#1086,#1087));
#3245=EDGE_LOOP('',(#1088,#1089,#1090,#1091));
#3246=EDGE_LOOP('',(#1092,#1093,#1094,#1095));
#3247=EDGE_LOOP('',(#1096,#1097,#1098,#1099));
#3248=EDGE_LOOP('',(#1100,#1101,#1102,#1103));
#3249=EDGE_LOOP('',(#1104,#1105,#1106,#1107));
#3250=EDGE_LOOP('',(#1108,#1109,#1110,#1111));
#3251=EDGE_LOOP('',(#1112,#1113,#1114,#1115));
#3252=EDGE_LOOP('',(#1116,#1117,#1118,#1119));
#3253=EDGE_LOOP('',(#1120,#1121,#1122,#1123));
#3254=EDGE_LOOP('',(#1124,#1125,#1126,#1127));
#3255=EDGE_LOOP('',(#1128,#1129,#1130,#1131));
#3256=EDGE_LOOP('',(#1132,#1133,#1134,#1135));
#3257=EDGE_LOOP('',(#1136,#1137,#1138,#1139));
#3258=EDGE_LOOP('',(#1140,#1141,#1142,#1143));
#3259=EDGE_LOOP('',(#1144,#1145,#1146,#1147));
#3260=EDGE_LOOP('',(#1148,#1149,#1150,#1151,#1152,#1153,#1154,#1155,#1156,
#1157,#1158,#1159,#1160,#1161,#1162,#1163,#1164,#1165));
#3261=EDGE_LOOP('',(#1166,#1167,#1168,#1169));
#3262=EDGE_LOOP('',(#1170,#1171,#1172,#1173));
#3263=EDGE_LOOP('',(#1174,#1175,#1176,#1177));
#3264=EDGE_LOOP('',(#1178,#1179,#1180,#1181));
#3265=EDGE_LOOP('',(#1182,#1183,#1184,#1185));
#3266=EDGE_LOOP('',(#1186,#1187,#1188,#1189));
#3267=EDGE_LOOP('',(#1190,#1191,#1192,#1193));
#3268=EDGE_LOOP('',(#1194,#1195,#1196,#1197));
#3269=EDGE_LOOP('',(#1198,#1199,#1200,#1201));
#3270=EDGE_LOOP('',(#1202,#1203,#1204,#1205));
#3271=EDGE_LOOP('',(#1206,#1207,#1208,#1209));
#3272=EDGE_LOOP('',(#1210,#1211,#1212,#1213,#1214,#1215,#1216,#1217));
#3273=EDGE_LOOP('',(#1218,#1219,#1220));
#3274=EDGE_LOOP('',(#1221,#1222,#1223,#1224));
#3275=EDGE_LOOP('',(#1225,#1226,#1227,#1228));
#3276=EDGE_LOOP('',(#1229,#1230,#1231,#1232));
#3277=EDGE_LOOP('',(#1233,#1234,#1235,#1236));
#3278=EDGE_LOOP('',(#1237,#1238,#1239,#1240));
#3279=EDGE_LOOP('',(#1241,#1242,#1243,#1244));
#3280=EDGE_LOOP('',(#1245,#1246,#1247,#1248));
#3281=EDGE_LOOP('',(#1249,#1250,#1251,#1252));
#3282=EDGE_LOOP('',(#1253,#1254,#1255,#1256));
#3283=EDGE_LOOP('',(#1257,#1258,#1259,#1260));
#3284=EDGE_LOOP('',(#1261,#1262,#1263,#1264));
#3285=EDGE_LOOP('',(#1265,#1266,#1267,#1268));
#3286=EDGE_LOOP('',(#1269,#1270,#1271,#1272));
#3287=EDGE_LOOP('',(#1273,#1274,#1275,#1276,#1277,#1278,#1279,#1280,#1281,
#1282,#1283,#1284,#1285));
#3288=EDGE_LOOP('',(#1286,#1287,#1288,#1289,#1290,#1291,#1292,#1293,#1294));
#3289=EDGE_LOOP('',(#1295,#1296,#1297));
#3290=FACE_BOUND('',#3015,.T.);
#3291=FACE_BOUND('',#3016,.T.);
#3292=FACE_BOUND('',#3017,.T.);
#3293=FACE_BOUND('',#3018,.T.);
#3294=FACE_BOUND('',#3019,.T.);
#3295=FACE_BOUND('',#3020,.T.);
#3296=FACE_BOUND('',#3021,.T.);
#3297=FACE_BOUND('',#3022,.T.);
#3298=FACE_BOUND('',#3023,.T.);
#3299=FACE_BOUND('',#3024,.T.);
#3300=FACE_BOUND('',#3025,.T.);
#3301=FACE_BOUND('',#3026,.T.);
#3302=FACE_BOUND('',#3027,.T.);
#3303=FACE_BOUND('',#3028,.T.);
#3304=FACE_BOUND('',#3029,.T.);
#3305=FACE_BOUND('',#3030,.T.);
#3306=FACE_BOUND('',#3031,.T.);
#3307=FACE_BOUND('',#3032,.T.);
#3308=FACE_BOUND('',#3033,.T.);
#3309=FACE_BOUND('',#3034,.T.);
#3310=FACE_BOUND('',#3035,.T.);
#3311=FACE_BOUND('',#3036,.T.);
#3312=FACE_BOUND('',#3037,.T.);
#3313=FACE_BOUND('',#3038,.T.);
#3314=FACE_BOUND('',#3039,.T.);
#3315=FACE_BOUND('',#3040,.T.);
#3316=FACE_BOUND('',#3041,.T.);
#3317=FACE_BOUND('',#3042,.T.);
#3318=FACE_BOUND('',#3043,.T.);
#3319=FACE_BOUND('',#3044,.T.);
#3320=FACE_BOUND('',#3045,.T.);
#3321=FACE_BOUND('',#3046,.T.);
#3322=FACE_BOUND('',#3047,.T.);
#3323=FACE_BOUND('',#3048,.T.);
#3324=FACE_BOUND('',#3049,.T.);
#3325=FACE_BOUND('',#3050,.T.);
#3326=FACE_BOUND('',#3051,.T.);
#3327=FACE_BOUND('',#3052,.T.);
#3328=FACE_BOUND('',#3053,.T.);
#3329=FACE_BOUND('',#3054,.T.);
#3330=FACE_BOUND('',#3055,.T.);
#3331=FACE_BOUND('',#3056,.T.);
#3332=FACE_BOUND('',#3057,.T.);
#3333=FACE_BOUND('',#3058,.T.);
#3334=FACE_BOUND('',#3059,.T.);
#3335=FACE_BOUND('',#3060,.T.);
#3336=FACE_BOUND('',#3061,.T.);
#3337=FACE_BOUND('',#3062,.T.);
#3338=FACE_BOUND('',#3063,.T.);
#3339=FACE_BOUND('',#3064,.T.);
#3340=FACE_BOUND('',#3065,.T.);
#3341=FACE_BOUND('',#3066,.T.);
#3342=FACE_BOUND('',#3067,.T.);
#3343=FACE_BOUND('',#3068,.T.);
#3344=FACE_BOUND('',#3069,.T.);
#3345=FACE_BOUND('',#3070,.T.);
#3346=FACE_BOUND('',#3071,.T.);
#3347=FACE_BOUND('',#3072,.T.);
#3348=FACE_BOUND('',#3073,.T.);
#3349=FACE_BOUND('',#3074,.T.);
#3350=FACE_BOUND('',#3075,.T.);
#3351=FACE_BOUND('',#3076,.T.);
#3352=FACE_BOUND('',#3077,.T.);
#3353=FACE_BOUND('',#3078,.T.);
#3354=FACE_BOUND('',#3079,.T.);
#3355=FACE_BOUND('',#3080,.T.);
#3356=FACE_BOUND('',#3081,.T.);
#3357=FACE_BOUND('',#3082,.T.);
#3358=FACE_BOUND('',#3083,.T.);
#3359=FACE_BOUND('',#3084,.T.);
#3360=FACE_BOUND('',#3085,.T.);
#3361=FACE_BOUND('',#3086,.T.);
#3362=FACE_BOUND('',#3087,.T.);
#3363=FACE_BOUND('',#3088,.T.);
#3364=FACE_BOUND('',#3089,.T.);
#3365=FACE_BOUND('',#3090,.T.);
#3366=FACE_BOUND('',#3091,.T.);
#3367=FACE_BOUND('',#3092,.T.);
#3368=FACE_BOUND('',#3093,.T.);
#3369=FACE_BOUND('',#3094,.T.);
#3370=FACE_BOUND('',#3095,.T.);
#3371=FACE_BOUND('',#3096,.T.);
#3372=FACE_BOUND('',#3097,.T.);
#3373=FACE_BOUND('',#3098,.T.);
#3374=FACE_BOUND('',#3099,.T.);
#3375=FACE_BOUND('',#3100,.T.);
#3376=FACE_BOUND('',#3101,.T.);
#3377=FACE_BOUND('',#3102,.T.);
#3378=FACE_BOUND('',#3103,.T.);
#3379=FACE_BOUND('',#3104,.T.);
#3380=FACE_BOUND('',#3105,.T.);
#3381=FACE_BOUND('',#3106,.T.);
#3382=FACE_BOUND('',#3107,.T.);
#3383=FACE_BOUND('',#3108,.T.);
#3384=FACE_BOUND('',#3109,.T.);
#3385=FACE_BOUND('',#3110,.T.);
#3386=FACE_BOUND('',#3111,.T.);
#3387=FACE_BOUND('',#3112,.T.);
#3388=FACE_BOUND('',#3113,.T.);
#3389=FACE_BOUND('',#3114,.T.);
#3390=FACE_BOUND('',#3115,.T.);
#3391=FACE_BOUND('',#3116,.T.);
#3392=FACE_BOUND('',#3117,.T.);
#3393=FACE_BOUND('',#3118,.T.);
#3394=FACE_BOUND('',#3119,.T.);
#3395=FACE_BOUND('',#3120,.T.);
#3396=FACE_BOUND('',#3121,.T.);
#3397=FACE_BOUND('',#3122,.T.);
#3398=FACE_BOUND('',#3123,.T.);
#3399=FACE_BOUND('',#3124,.T.);
#3400=FACE_BOUND('',#3125,.T.);
#3401=FACE_BOUND('',#3126,.T.);
#3402=FACE_BOUND('',#3127,.T.);
#3403=FACE_BOUND('',#3128,.T.);
#3404=FACE_BOUND('',#3129,.T.);
#3405=FACE_BOUND('',#3130,.T.);
#3406=FACE_BOUND('',#3131,.T.);
#3407=FACE_BOUND('',#3132,.T.);
#3408=FACE_BOUND('',#3133,.T.);
#3409=FACE_BOUND('',#3134,.T.);
#3410=FACE_BOUND('',#3135,.T.);
#3411=FACE_BOUND('',#3136,.T.);
#3412=FACE_BOUND('',#3137,.T.);
#3413=FACE_BOUND('',#3138,.T.);
#3414=FACE_BOUND('',#3139,.T.);
#3415=FACE_BOUND('',#3140,.T.);
#3416=FACE_BOUND('',#3141,.T.);
#3417=FACE_BOUND('',#3142,.T.);
#3418=FACE_BOUND('',#3143,.T.);
#3419=FACE_BOUND('',#3144,.T.);
#3420=FACE_BOUND('',#3145,.T.);
#3421=FACE_BOUND('',#3146,.T.);
#3422=FACE_BOUND('',#3147,.T.);
#3423=FACE_BOUND('',#3148,.T.);
#3424=FACE_BOUND('',#3149,.T.);
#3425=FACE_BOUND('',#3150,.T.);
#3426=FACE_BOUND('',#3151,.T.);
#3427=FACE_BOUND('',#3152,.T.);
#3428=FACE_BOUND('',#3153,.T.);
#3429=FACE_BOUND('',#3154,.T.);
#3430=FACE_BOUND('',#3155,.T.);
#3431=FACE_BOUND('',#3156,.T.);
#3432=FACE_BOUND('',#3157,.T.);
#3433=FACE_BOUND('',#3158,.T.);
#3434=FACE_BOUND('',#3159,.T.);
#3435=FACE_BOUND('',#3160,.T.);
#3436=FACE_BOUND('',#3161,.T.);
#3437=FACE_BOUND('',#3162,.T.);
#3438=FACE_BOUND('',#3163,.T.);
#3439=FACE_BOUND('',#3164,.T.);
#3440=FACE_BOUND('',#3165,.T.);
#3441=FACE_BOUND('',#3166,.T.);
#3442=FACE_BOUND('',#3167,.T.);
#3443=FACE_BOUND('',#3168,.T.);
#3444=FACE_BOUND('',#3169,.T.);
#3445=FACE_BOUND('',#3170,.T.);
#3446=FACE_BOUND('',#3171,.T.);
#3447=FACE_BOUND('',#3172,.T.);
#3448=FACE_BOUND('',#3173,.T.);
#3449=FACE_BOUND('',#3174,.T.);
#3450=FACE_BOUND('',#3175,.T.);
#3451=FACE_BOUND('',#3176,.T.);
#3452=FACE_BOUND('',#3177,.T.);
#3453=FACE_BOUND('',#3178,.T.);
#3454=FACE_BOUND('',#3179,.T.);
#3455=FACE_BOUND('',#3180,.T.);
#3456=FACE_BOUND('',#3181,.T.);
#3457=FACE_BOUND('',#3182,.T.);
#3458=FACE_BOUND('',#3183,.T.);
#3459=FACE_BOUND('',#3184,.T.);
#3460=FACE_BOUND('',#3185,.T.);
#3461=FACE_BOUND('',#3186,.T.);
#3462=FACE_BOUND('',#3187,.T.);
#3463=FACE_BOUND('',#3188,.T.);
#3464=FACE_BOUND('',#3189,.T.);
#3465=FACE_BOUND('',#3190,.T.);
#3466=FACE_BOUND('',#3191,.T.);
#3467=FACE_BOUND('',#3192,.T.);
#3468=FACE_BOUND('',#3193,.T.);
#3469=FACE_BOUND('',#3194,.T.);
#3470=FACE_BOUND('',#3195,.T.);
#3471=FACE_BOUND('',#3196,.T.);
#3472=FACE_BOUND('',#3197,.T.);
#3473=FACE_BOUND('',#3198,.T.);
#3474=FACE_BOUND('',#3199,.T.);
#3475=FACE_BOUND('',#3200,.T.);
#3476=FACE_BOUND('',#3201,.T.);
#3477=FACE_BOUND('',#3202,.T.);
#3478=FACE_BOUND('',#3203,.T.);
#3479=FACE_BOUND('',#3204,.T.);
#3480=FACE_BOUND('',#3205,.T.);
#3481=FACE_BOUND('',#3206,.T.);
#3482=FACE_BOUND('',#3207,.T.);
#3483=FACE_BOUND('',#3208,.T.);
#3484=FACE_BOUND('',#3209,.T.);
#3485=FACE_BOUND('',#3210,.T.);
#3486=FACE_BOUND('',#3211,.T.);
#3487=FACE_BOUND('',#3212,.T.);
#3488=FACE_BOUND('',#3213,.T.);
#3489=FACE_BOUND('',#3214,.T.);
#3490=FACE_BOUND('',#3215,.T.);
#3491=FACE_BOUND('',#3216,.T.);
#3492=FACE_BOUND('',#3217,.T.);
#3493=FACE_BOUND('',#3218,.T.);
#3494=FACE_BOUND('',#3219,.T.);
#3495=FACE_BOUND('',#3220,.T.);
#3496=FACE_BOUND('',#3221,.T.);
#3497=FACE_BOUND('',#3222,.T.);
#3498=FACE_BOUND('',#3223,.T.);
#3499=FACE_BOUND('',#3224,.T.);
#3500=FACE_BOUND('',#3225,.T.);
#3501=FACE_BOUND('',#3226,.T.);
#3502=FACE_BOUND('',#3227,.T.);
#3503=FACE_BOUND('',#3228,.T.);
#3504=FACE_BOUND('',#3229,.T.);
#3505=FACE_BOUND('',#3230,.T.);
#3506=FACE_BOUND('',#3231,.T.);
#3507=FACE_BOUND('',#3232,.T.);
#3508=FACE_BOUND('',#3233,.T.);
#3509=FACE_BOUND('',#3234,.T.);
#3510=FACE_BOUND('',#3235,.T.);
#3511=FACE_BOUND('',#3236,.T.);
#3512=FACE_BOUND('',#3237,.T.);
#3513=FACE_BOUND('',#3238,.T.);
#3514=FACE_BOUND('',#3239,.T.);
#3515=FACE_BOUND('',#3240,.T.);
#3516=FACE_BOUND('',#3241,.T.);
#3517=FACE_BOUND('',#3242,.T.);
#3518=FACE_BOUND('',#3243,.T.);
#3519=FACE_BOUND('',#3244,.T.);
#3520=FACE_BOUND('',#3245,.T.);
#3521=FACE_BOUND('',#3246,.T.);
#3522=FACE_BOUND('',#3247,.T.);
#3523=FACE_BOUND('',#3248,.T.);
#3524=FACE_BOUND('',#3249,.T.);
#3525=FACE_BOUND('',#3250,.T.);
#3526=FACE_BOUND('',#3251,.T.);
#3527=FACE_BOUND('',#3252,.T.);
#3528=FACE_BOUND('',#3253,.T.);
#3529=FACE_BOUND('',#3254,.T.);
#3530=FACE_BOUND('',#3255,.T.);
#3531=FACE_BOUND('',#3256,.T.);
#3532=FACE_BOUND('',#3257,.T.);
#3533=FACE_BOUND('',#3258,.T.);
#3534=FACE_BOUND('',#3259,.T.);
#3535=FACE_BOUND('',#3260,.T.);
#3536=FACE_BOUND('',#3261,.T.);
#3537=FACE_BOUND('',#3262,.T.);
#3538=FACE_BOUND('',#3263,.T.);
#3539=FACE_BOUND('',#3264,.T.);
#3540=FACE_BOUND('',#3265,.T.);
#3541=FACE_BOUND('',#3266,.T.);
#3542=FACE_BOUND('',#3267,.T.);
#3543=FACE_BOUND('',#3268,.T.);
#3544=FACE_BOUND('',#3269,.T.);
#3545=FACE_BOUND('',#3270,.T.);
#3546=FACE_BOUND('',#3271,.T.);
#3547=FACE_BOUND('',#3272,.T.);
#3548=FACE_BOUND('',#3273,.T.);
#3549=FACE_BOUND('',#3274,.T.);
#3550=FACE_BOUND('',#3275,.T.);
#3551=FACE_BOUND('',#3276,.T.);
#3552=FACE_BOUND('',#3277,.T.);
#3553=FACE_BOUND('',#3278,.T.);
#3554=FACE_BOUND('',#3279,.T.);
#3555=FACE_BOUND('',#3280,.T.);
#3556=FACE_BOUND('',#3281,.T.);
#3557=FACE_BOUND('',#3282,.T.);
#3558=FACE_BOUND('',#3283,.T.);
#3559=FACE_BOUND('',#3284,.T.);
#3560=FACE_BOUND('',#3285,.T.);
#3561=FACE_BOUND('',#3286,.T.);
#3562=FACE_BOUND('',#3287,.T.);
#3563=FACE_BOUND('',#3288,.T.);
#3564=FACE_BOUND('',#3289,.T.);
#3565=PLANE('',#3952);
#3566=PLANE('',#3957);
#3567=PLANE('',#3958);
#3568=PLANE('',#3959);
#3569=PLANE('',#3960);
#3570=PLANE('',#3961);
#3571=PLANE('',#3962);
#3572=PLANE('',#3963);
#3573=PLANE('',#3964);
#3574=PLANE('',#3965);
#3575=PLANE('',#3966);
#3576=PLANE('',#3967);
#3577=PLANE('',#3968);
#3578=PLANE('',#3969);
#3579=PLANE('',#3970);
#3580=PLANE('',#3971);
#3581=PLANE('',#3972);
#3582=PLANE('',#3973);
#3583=PLANE('',#3977);
#3584=PLANE('',#3978);
#3585=PLANE('',#3979);
#3586=PLANE('',#3980);
#3587=PLANE('',#3981);
#3588=PLANE('',#3982);
#3589=PLANE('',#3983);
#3590=PLANE('',#3987);
#3591=PLANE('',#3988);
#3592=PLANE('',#3989);
#3593=PLANE('',#3990);
#3594=PLANE('',#3991);
#3595=PLANE('',#3992);
#3596=PLANE('',#3996);
#3597=PLANE('',#3997);
#3598=PLANE('',#3998);
#3599=PLANE('',#3999);
#3600=PLANE('',#4000);
#3601=PLANE('',#4001);
#3602=PLANE('',#4002);
#3603=PLANE('',#4006);
#3604=PLANE('',#4007);
#3605=PLANE('',#4008);
#3606=PLANE('',#4009);
#3607=PLANE('',#4010);
#3608=PLANE('',#4011);
#3609=PLANE('',#4012);
#3610=PLANE('',#4013);
#3611=PLANE('',#4014);
#3612=PLANE('',#4015);
#3613=PLANE('',#4020);
#3614=PLANE('',#4023);
#3615=PLANE('',#4028);
#3616=PLANE('',#4031);
#3617=PLANE('',#4036);
#3618=PLANE('',#4039);
#3619=PLANE('',#4044);
#3620=PLANE('',#4047);
#3621=PLANE('',#4048);
#3622=PLANE('',#4049);
#3623=PLANE('',#4050);
#3624=PLANE('',#4051);
#3625=PLANE('',#4052);
#3626=PLANE('',#4053);
#3627=PLANE('',#4054);
#3628=PLANE('',#4055);
#3629=PLANE('',#4056);
#3630=PLANE('',#4057);
#3631=PLANE('',#4058);
#3632=PLANE('',#4059);
#3633=PLANE('',#4060);
#3634=PLANE('',#4061);
#3635=PLANE('',#4062);
#3636=PLANE('',#4063);
#3637=PLANE('',#4064);
#3638=PLANE('',#4065);
#3639=PLANE('',#4066);
#3640=PLANE('',#4067);
#3641=PLANE('',#4158);
#3642=PLANE('',#4159);
#3643=PLANE('',#4160);
#3644=PLANE('',#4164);
#3645=PLANE('',#4165);
#3646=PLANE('',#4166);
#3647=PLANE('',#4167);
#3648=PLANE('',#4168);
#3649=PLANE('',#4169);
#3650=PLANE('',#4170);
#3651=PLANE('',#4171);
#3652=PLANE('',#4172);
#3653=PLANE('',#4173);
#3654=PLANE('',#4174);
#3655=PLANE('',#4175);
#3656=PLANE('',#4176);
#3657=PLANE('',#4177);
#3658=PLANE('',#4178);
#3659=PLANE('',#4179);
#3660=PLANE('',#4180);
#3661=PLANE('',#4181);
#3662=PLANE('',#4182);
#3663=PLANE('',#4183);
#3664=PLANE('',#4184);
#3665=PLANE('',#4185);
#3666=PLANE('',#4186);
#3667=PLANE('',#4187);
#3668=PLANE('',#4188);
#3669=PLANE('',#4189);
#3670=PLANE('',#4190);
#3671=PLANE('',#4191);
#3672=PLANE('',#4192);
#3673=PLANE('',#4193);
#3674=PLANE('',#4194);
#3675=PLANE('',#4195);
#3676=PLANE('',#4196);
#3677=PLANE('',#4197);
#3678=PLANE('',#4198);
#3679=PLANE('',#4199);
#3680=PLANE('',#4200);
#3681=PLANE('',#4201);
#3682=PLANE('',#4202);
#3683=PLANE('',#4203);
#3684=PLANE('',#4204);
#3685=PLANE('',#4205);
#3686=PLANE('',#4206);
#3687=PLANE('',#4207);
#3688=PLANE('',#4208);
#3689=PLANE('',#4209);
#3690=PLANE('',#4210);
#3691=PLANE('',#4211);
#3692=PLANE('',#4212);
#3693=PLANE('',#4213);
#3694=PLANE('',#4214);
#3695=PLANE('',#4215);
#3696=PLANE('',#4216);
#3697=PLANE('',#4217);
#3698=PLANE('',#4218);
#3699=PLANE('',#4219);
#3700=PLANE('',#4220);
#3701=PLANE('',#4221);
#3702=PLANE('',#4222);
#3703=PLANE('',#4223);
#3704=PLANE('',#4224);
#3705=PLANE('',#4225);
#3706=PLANE('',#4226);
#3707=PLANE('',#4227);
#3708=PLANE('',#4228);
#3709=PLANE('',#4229);
#3710=PLANE('',#4230);
#3711=ADVANCED_FACE('',(#3290,#3291,#3292,#3293,#3294,#3295,#3296,#3297,
#3298,#3299),#3565,.F.);
#3712=ADVANCED_FACE('',(#3300,#3301,#3302,#3303),#3566,.T.);
#3713=ADVANCED_FACE('',(#3304,#3305,#3306),#3567,.F.);
#3714=ADVANCED_FACE('',(#3307,#3308),#3568,.F.);
#3715=ADVANCED_FACE('',(#3309,#3310),#3569,.T.);
#3716=ADVANCED_FACE('',(#3311,#3312),#3570,.F.);
#3717=ADVANCED_FACE('',(#3313),#3571,.F.);
#3718=ADVANCED_FACE('',(#3314),#3572,.T.);
#3719=ADVANCED_FACE('',(#3315,#3316,#3317,#3318),#3573,.F.);
#3720=ADVANCED_FACE('',(#3319),#3574,.F.);
#3721=ADVANCED_FACE('',(#3320),#3575,.T.);
#3722=ADVANCED_FACE('',(#3321),#3576,.T.);
#3723=ADVANCED_FACE('',(#3322),#3577,.F.);
#3724=ADVANCED_FACE('',(#3323),#3578,.F.);
#3725=ADVANCED_FACE('',(#3324),#3579,.F.);
#3726=ADVANCED_FACE('',(#3325),#3580,.T.);
#3727=ADVANCED_FACE('',(#3326),#3581,.T.);
#3728=ADVANCED_FACE('',(#3327),#3582,.T.);
#3729=ADVANCED_FACE('',(#3328,#3329),#79,.F.);
#3730=ADVANCED_FACE('',(#3330),#3583,.F.);
#3731=ADVANCED_FACE('',(#3331),#3584,.T.);
#3732=ADVANCED_FACE('',(#3332,#3333),#3585,.F.);
#3733=ADVANCED_FACE('',(#3334),#3586,.F.);
#3734=ADVANCED_FACE('',(#3335),#3587,.T.);
#3735=ADVANCED_FACE('',(#3336),#3588,.T.);
#3736=ADVANCED_FACE('',(#3337),#3589,.F.);
#3737=ADVANCED_FACE('',(#3338,#3339),#80,.F.);
#3738=ADVANCED_FACE('',(#3340,#3341),#3590,.F.);
#3739=ADVANCED_FACE('',(#3342),#3591,.F.);
#3740=ADVANCED_FACE('',(#3343),#3592,.F.);
#3741=ADVANCED_FACE('',(#3344),#3593,.T.);
#3742=ADVANCED_FACE('',(#3345),#3594,.T.);
#3743=ADVANCED_FACE('',(#3346),#3595,.F.);
#3744=ADVANCED_FACE('',(#3347,#3348),#81,.F.);
#3745=ADVANCED_FACE('',(#3349,#3350),#3596,.F.);
#3746=ADVANCED_FACE('',(#3351),#3597,.F.);
#3747=ADVANCED_FACE('',(#3352),#3598,.F.);
#3748=ADVANCED_FACE('',(#3353),#3599,.F.);
#3749=ADVANCED_FACE('',(#3354),#3600,.T.);
#3750=ADVANCED_FACE('',(#3355),#3601,.T.);
#3751=ADVANCED_FACE('',(#3356),#3602,.F.);
#3752=ADVANCED_FACE('',(#3357,#3358),#82,.F.);
#3753=ADVANCED_FACE('',(#3359,#3360),#3603,.F.);
#3754=ADVANCED_FACE('',(#3361),#3604,.F.);
#3755=ADVANCED_FACE('',(#3362,#3363),#3605,.F.);
#3756=ADVANCED_FACE('',(#3364),#3606,.F.);
#3757=ADVANCED_FACE('',(#3365),#3607,.T.);
#3758=ADVANCED_FACE('',(#3366),#3608,.T.);
#3759=ADVANCED_FACE('',(#3367),#3609,.F.);
#3760=ADVANCED_FACE('',(#3368),#3610,.T.);
#3761=ADVANCED_FACE('',(#3369),#3611,.T.);
#3762=ADVANCED_FACE('',(#3370,#3371),#3612,.F.);
#3763=ADVANCED_FACE('',(#3372,#3373),#83,.F.);
#3764=ADVANCED_FACE('',(#3374),#3613,.T.);
#3765=ADVANCED_FACE('',(#3375,#3376),#84,.F.);
#3766=ADVANCED_FACE('',(#3377,#3378),#3614,.F.);
#3767=ADVANCED_FACE('',(#3379,#3380),#85,.F.);
#3768=ADVANCED_FACE('',(#3381),#3615,.T.);
#3769=ADVANCED_FACE('',(#3382,#3383),#86,.F.);
#3770=ADVANCED_FACE('',(#3384,#3385),#3616,.F.);
#3771=ADVANCED_FACE('',(#3386,#3387),#87,.F.);
#3772=ADVANCED_FACE('',(#3388),#3617,.T.);
#3773=ADVANCED_FACE('',(#3389,#3390),#88,.F.);
#3774=ADVANCED_FACE('',(#3391,#3392),#3618,.F.);
#3775=ADVANCED_FACE('',(#3393,#3394),#89,.F.);
#3776=ADVANCED_FACE('',(#3395),#3619,.T.);
#3777=ADVANCED_FACE('',(#3396,#3397),#90,.F.);
#3778=ADVANCED_FACE('',(#3398),#3620,.T.);
#3779=ADVANCED_FACE('',(#3399),#3621,.F.);
#3780=ADVANCED_FACE('',(#3400),#3622,.F.);
#3781=ADVANCED_FACE('',(#3401),#3623,.T.);
#3782=ADVANCED_FACE('',(#3402),#3624,.T.);
#3783=ADVANCED_FACE('',(#3403),#3625,.T.);
#3784=ADVANCED_FACE('',(#3404),#3626,.F.);
#3785=ADVANCED_FACE('',(#3405),#3627,.F.);
#3786=ADVANCED_FACE('',(#3406),#3628,.T.);
#3787=ADVANCED_FACE('',(#3407),#3629,.T.);
#3788=ADVANCED_FACE('',(#3408),#3630,.F.);
#3789=ADVANCED_FACE('',(#3409),#3631,.F.);
#3790=ADVANCED_FACE('',(#3410),#3632,.T.);
#3791=ADVANCED_FACE('',(#3411),#3633,.T.);
#3792=ADVANCED_FACE('',(#3412),#3634,.F.);
#3793=ADVANCED_FACE('',(#3413),#3635,.F.);
#3794=ADVANCED_FACE('',(#3414),#3636,.T.);
#3795=ADVANCED_FACE('',(#3415),#3637,.T.);
#3796=ADVANCED_FACE('',(#3416),#3638,.F.);
#3797=ADVANCED_FACE('',(#3417),#3639,.F.);
#3798=ADVANCED_FACE('',(#3418),#3640,.T.);
#3799=ADVANCED_FACE('',(#3419),#91,.T.);
#3800=ADVANCED_FACE('',(#3420),#92,.T.);
#3801=ADVANCED_FACE('',(#3421),#93,.T.);
#3802=ADVANCED_FACE('',(#3422),#94,.T.);
#3803=ADVANCED_FACE('',(#3423),#43,.T.);
#3804=ADVANCED_FACE('',(#3424),#95,.T.);
#3805=ADVANCED_FACE('',(#3425),#96,.T.);
#3806=ADVANCED_FACE('',(#3426),#97,.T.);
#3807=ADVANCED_FACE('',(#3427),#44,.T.);
#3808=ADVANCED_FACE('',(#3428),#45,.T.);
#3809=ADVANCED_FACE('',(#3429),#98,.T.);
#3810=ADVANCED_FACE('',(#3430),#99,.T.);
#3811=ADVANCED_FACE('',(#3431),#39,.T.);
#3812=ADVANCED_FACE('',(#3432),#100,.T.);
#3813=ADVANCED_FACE('',(#3433),#101,.T.);
#3814=ADVANCED_FACE('',(#3434),#102,.T.);
#3815=ADVANCED_FACE('',(#3435),#103,.T.);
#3816=ADVANCED_FACE('',(#3436),#46,.T.);
#3817=ADVANCED_FACE('',(#3437),#104,.T.);
#3818=ADVANCED_FACE('',(#3438),#105,.T.);
#3819=ADVANCED_FACE('',(#3439),#40,.T.);
#3820=ADVANCED_FACE('',(#3440),#106,.T.);
#3821=ADVANCED_FACE('',(#3441),#107,.T.);
#3822=ADVANCED_FACE('',(#3442),#108,.T.);
#3823=ADVANCED_FACE('',(#3443),#109,.T.);
#3824=ADVANCED_FACE('',(#3444),#110,.T.);
#3825=ADVANCED_FACE('',(#3445),#111,.T.);
#3826=ADVANCED_FACE('',(#3446),#112,.T.);
#3827=ADVANCED_FACE('',(#3447),#113,.T.);
#3828=ADVANCED_FACE('',(#3448),#114,.T.);
#3829=ADVANCED_FACE('',(#3449),#115,.T.);
#3830=ADVANCED_FACE('',(#3450),#41,.T.);
#3831=ADVANCED_FACE('',(#3451),#116,.T.);
#3832=ADVANCED_FACE('',(#3452),#42,.T.);
#3833=ADVANCED_FACE('',(#3453),#117,.T.);
#3834=ADVANCED_FACE('',(#3454),#118,.T.);
#3835=ADVANCED_FACE('',(#3455),#119,.T.);
#3836=ADVANCED_FACE('',(#3456),#120,.T.);
#3837=ADVANCED_FACE('',(#3457),#121,.T.);
#3838=ADVANCED_FACE('',(#3458),#122,.T.);
#3839=ADVANCED_FACE('',(#3459),#123,.T.);
#3840=ADVANCED_FACE('',(#3460),#124,.T.);
#3841=ADVANCED_FACE('',(#3461,#3462),#35,.T.);
#3842=ADVANCED_FACE('',(#3463,#3464),#36,.T.);
#3843=ADVANCED_FACE('',(#3465,#3466),#37,.T.);
#3844=ADVANCED_FACE('',(#3467,#3468),#38,.T.);
#3845=ADVANCED_FACE('',(#3469),#3641,.T.);
#3846=ADVANCED_FACE('',(#3470),#3642,.T.);
#3847=ADVANCED_FACE('',(#3471),#3643,.T.);
#3848=ADVANCED_FACE('',(#3472),#12,.T.);
#3849=ADVANCED_FACE('',(#3473),#13,.T.);
#3850=ADVANCED_FACE('',(#3474),#14,.T.);
#3851=ADVANCED_FACE('',(#3475),#15,.T.);
#3852=ADVANCED_FACE('',(#3476),#125,.T.);
#3853=ADVANCED_FACE('',(#3477),#3644,.T.);
#3854=ADVANCED_FACE('',(#3478),#3645,.T.);
#3855=ADVANCED_FACE('',(#3479),#3646,.T.);
#3856=ADVANCED_FACE('',(#3480),#3647,.T.);
#3857=ADVANCED_FACE('',(#3481),#16,.T.);
#3858=ADVANCED_FACE('',(#3482),#17,.T.);
#3859=ADVANCED_FACE('',(#3483),#18,.T.);
#3860=ADVANCED_FACE('',(#3484),#19,.T.);
#3861=ADVANCED_FACE('',(#3485),#20,.T.);
#3862=ADVANCED_FACE('',(#3486),#21,.T.);
#3863=ADVANCED_FACE('',(#3487),#3648,.T.);
#3864=ADVANCED_FACE('',(#3488),#22,.T.);
#3865=ADVANCED_FACE('',(#3489,#3490),#3649,.T.);
#3866=ADVANCED_FACE('',(#3491),#3650,.T.);
#3867=ADVANCED_FACE('',(#3492),#3651,.T.);
#3868=ADVANCED_FACE('',(#3493),#3652,.T.);
#3869=ADVANCED_FACE('',(#3494),#3653,.T.);
#3870=ADVANCED_FACE('',(#3495),#3654,.T.);
#3871=ADVANCED_FACE('',(#3496),#3655,.T.);
#3872=ADVANCED_FACE('',(#3497),#3656,.T.);
#3873=ADVANCED_FACE('',(#3498),#3657,.T.);
#3874=ADVANCED_FACE('',(#3499),#3658,.T.);
#3875=ADVANCED_FACE('',(#3500),#3659,.T.);
#3876=ADVANCED_FACE('',(#3501),#3660,.T.);
#3877=ADVANCED_FACE('',(#3502),#3661,.T.);
#3878=ADVANCED_FACE('',(#3503),#3662,.T.);
#3879=ADVANCED_FACE('',(#3504),#3663,.T.);
#3880=ADVANCED_FACE('',(#3505),#3664,.T.);
#3881=ADVANCED_FACE('',(#3506),#3665,.T.);
#3882=ADVANCED_FACE('',(#3507),#3666,.T.);
#3883=ADVANCED_FACE('',(#3508),#3667,.T.);
#3884=ADVANCED_FACE('',(#3509),#3668,.T.);
#3885=ADVANCED_FACE('',(#3510),#3669,.T.);
#3886=ADVANCED_FACE('',(#3511),#3670,.T.);
#3887=ADVANCED_FACE('',(#3512),#3671,.T.);
#3888=ADVANCED_FACE('',(#3513),#3672,.T.);
#3889=ADVANCED_FACE('',(#3514),#3673,.T.);
#3890=ADVANCED_FACE('',(#3515),#3674,.T.);
#3891=ADVANCED_FACE('',(#3516),#3675,.T.);
#3892=ADVANCED_FACE('',(#3517),#23,.T.);
#3893=ADVANCED_FACE('',(#3518),#24,.T.);
#3894=ADVANCED_FACE('',(#3519),#25,.T.);
#3895=ADVANCED_FACE('',(#3520),#26,.T.);
#3896=ADVANCED_FACE('',(#3521),#3676,.T.);
#3897=ADVANCED_FACE('',(#3522),#3677,.T.);
#3898=ADVANCED_FACE('',(#3523),#3678,.T.);
#3899=ADVANCED_FACE('',(#3524),#27,.T.);
#3900=ADVANCED_FACE('',(#3525),#28,.T.);
#3901=ADVANCED_FACE('',(#3526),#29,.T.);
#3902=ADVANCED_FACE('',(#3527),#30,.T.);
#3903=ADVANCED_FACE('',(#3528),#31,.T.);
#3904=ADVANCED_FACE('',(#3529),#32,.T.);
#3905=ADVANCED_FACE('',(#3530),#3679,.T.);
#3906=ADVANCED_FACE('',(#3531),#3680,.T.);
#3907=ADVANCED_FACE('',(#3532),#3681,.T.);
#3908=ADVANCED_FACE('',(#3533),#33,.T.);
#3909=ADVANCED_FACE('',(#3534),#34,.T.);
#3910=ADVANCED_FACE('',(#3535),#3682,.T.);
#3911=ADVANCED_FACE('',(#3536),#3683,.T.);
#3912=ADVANCED_FACE('',(#3537),#3684,.T.);
#3913=ADVANCED_FACE('',(#3538),#3685,.T.);
#3914=ADVANCED_FACE('',(#3539),#3686,.T.);
#3915=ADVANCED_FACE('',(#3540),#3687,.T.);
#3916=ADVANCED_FACE('',(#3541),#3688,.T.);
#3917=ADVANCED_FACE('',(#3542),#3689,.T.);
#3918=ADVANCED_FACE('',(#3543),#3690,.T.);
#3919=ADVANCED_FACE('',(#3544),#3691,.T.);
#3920=ADVANCED_FACE('',(#3545),#3692,.T.);
#3921=ADVANCED_FACE('',(#3546),#3693,.T.);
#3922=ADVANCED_FACE('',(#3547,#3548),#3694,.T.);
#3923=ADVANCED_FACE('',(#3549),#3695,.T.);
#3924=ADVANCED_FACE('',(#3550),#3696,.T.);
#3925=ADVANCED_FACE('',(#3551),#3697,.T.);
#3926=ADVANCED_FACE('',(#3552),#3698,.T.);
#3927=ADVANCED_FACE('',(#3553),#3699,.T.);
#3928=ADVANCED_FACE('',(#3554),#3700,.T.);
#3929=ADVANCED_FACE('',(#3555),#3701,.T.);
#3930=ADVANCED_FACE('',(#3556),#3702,.T.);
#3931=ADVANCED_FACE('',(#3557),#3703,.T.);
#3932=ADVANCED_FACE('',(#3558),#3704,.T.);
#3933=ADVANCED_FACE('',(#3559),#3705,.T.);
#3934=ADVANCED_FACE('',(#3560),#3706,.T.);
#3935=ADVANCED_FACE('',(#3561),#3707,.T.);
#3936=ADVANCED_FACE('',(#3562),#3708,.T.);
#3937=ADVANCED_FACE('',(#3563),#3709,.F.);
#3938=ADVANCED_FACE('',(#3564),#3710,.F.);
#3939=CLOSED_SHELL('',(#3711,#3712,#3713,#3714,#3715,#3716,#3717,#3718,
#3719,#3720,#3721,#3722,#3723,#3724,#3725,#3726,#3727,#3728,#3729,#3730,
#3731,#3732,#3733,#3734,#3735,#3736,#3737,#3738,#3739,#3740,#3741,#3742,
#3743,#3744,#3745,#3746,#3747,#3748,#3749,#3750,#3751,#3752,#3753,#3754,
#3755,#3756,#3757,#3758,#3759,#3760,#3761,#3762,#3763,#3764,#3765,#3766,
#3767,#3768,#3769,#3770,#3771,#3772,#3773,#3774,#3775,#3776,#3777,#3778,
#3779,#3780,#3781,#3782,#3783,#3784,#3785,#3786,#3787,#3788,#3789,#3790,
#3791,#3792,#3793,#3794,#3795,#3796,#3797,#3798,#3799,#3800,#3801,#3802,
#3803,#3804,#3805,#3806,#3807,#3808,#3809,#3810,#3811,#3812,#3813,#3814,
#3815,#3816,#3817,#3818,#3819,#3820,#3821,#3822,#3823,#3824,#3825,#3826,
#3827,#3828,#3829,#3830,#3831,#3832,#3833,#3834,#3835,#3836,#3837,#3838,
#3839,#3840,#3841,#3842,#3843,#3844,#3845,#3846,#3847,#3848,#3849,#3850,
#3851,#3852,#3853,#3854,#3855,#3856,#3857,#3858,#3859,#3860,#3861,#3862,
#3863,#3864,#3865,#3866,#3867,#3868,#3869,#3870,#3871,#3872,#3873,#3874,
#3875,#3876,#3877,#3878,#3879,#3880,#3881,#3882,#3883,#3884,#3885,#3886,
#3887,#3888,#3889,#3890,#3891,#3892,#3893,#3894,#3895,#3896,#3897,#3898,
#3899,#3900,#3901,#3902,#3903,#3904,#3905,#3906,#3907,#3908,#3909,#3910,
#3911,#3912,#3913,#3914,#3915,#3916,#3917,#3918,#3919,#3920,#3921,#3922,
#3923,#3924,#3925,#3926,#3927,#3928,#3929,#3930,#3931,#3932,#3933,#3934,
#3935,#3936,#3937,#3938));
#3940=STYLED_ITEM('',(#3941),#3948);
#3941=PRESENTATION_STYLE_ASSIGNMENT((#3942));
#3942=SURFACE_STYLE_USAGE(.BOTH.,#3943);
#3943=SURFACE_SIDE_STYLE('',(#3944));
#3944=SURFACE_STYLE_FILL_AREA(#3945);
#3945=FILL_AREA_STYLE('',(#3946));
#3946=FILL_AREA_STYLE_COLOUR('',#3947);
#3947=COLOUR_RGB('',0.890196078431373,0.698039215686275,0.63921568627451);
#3948=MANIFOLD_SOLID_BREP('Part 1',#3939);
#3949=SHAPE_DEFINITION_REPRESENTATION(#6671,#3950);
#3950=SHAPE_REPRESENTATION('Part 1',(#3951),#6666);
#3951=AXIS2_PLACEMENT_3D('',#5204,#4231,#4232);
#3952=AXIS2_PLACEMENT_3D('',#5205,#4233,#4234);
#3953=AXIS2_PLACEMENT_3D('',#5288,#4264,#4265);
#3954=AXIS2_PLACEMENT_3D('',#5290,#4266,#4267);
#3955=AXIS2_PLACEMENT_3D('',#5295,#4269,#4270);
#3956=AXIS2_PLACEMENT_3D('',#5307,#4276,#4277);
#3957=AXIS2_PLACEMENT_3D('',#5418,#4309,#4310);
#3958=AXIS2_PLACEMENT_3D('',#5455,#4329,#4330);
#3959=AXIS2_PLACEMENT_3D('',#5480,#4343,#4344);
#3960=AXIS2_PLACEMENT_3D('',#5502,#4356,#4357);
#3961=AXIS2_PLACEMENT_3D('',#5519,#4366,#4367);
#3962=AXIS2_PLACEMENT_3D('',#5536,#4376,#4377);
#3963=AXIS2_PLACEMENT_3D('',#5546,#4383,#4384);
#3964=AXIS2_PLACEMENT_3D('',#5557,#4391,#4392);
#3965=AXIS2_PLACEMENT_3D('',#5597,#4414,#4415);
#3966=AXIS2_PLACEMENT_3D('',#5603,#4419,#4420);
#3967=AXIS2_PLACEMENT_3D('',#5607,#4423,#4424);
#3968=AXIS2_PLACEMENT_3D('',#5610,#4427,#4428);
#3969=AXIS2_PLACEMENT_3D('',#5611,#4429,#4430);
#3970=AXIS2_PLACEMENT_3D('',#5612,#4431,#4432);
#3971=AXIS2_PLACEMENT_3D('',#5616,#4435,#4436);
#3972=AXIS2_PLACEMENT_3D('',#5618,#4438,#4439);
#3973=AXIS2_PLACEMENT_3D('',#5619,#4440,#4441);
#3974=AXIS2_PLACEMENT_3D('',#5625,#4445,#4446);
#3975=AXIS2_PLACEMENT_3D('',#5626,#4447,#4448);
#3976=AXIS2_PLACEMENT_3D('',#5628,#4449,#4450);
#3977=AXIS2_PLACEMENT_3D('',#5630,#4451,#4452);
#3978=AXIS2_PLACEMENT_3D('',#5632,#4454,#4455);
#3979=AXIS2_PLACEMENT_3D('',#5634,#4457,#4458);
#3980=AXIS2_PLACEMENT_3D('',#5635,#4459,#4460);
#3981=AXIS2_PLACEMENT_3D('',#5641,#4464,#4465);
#3982=AXIS2_PLACEMENT_3D('',#5645,#4468,#4469);
#3983=AXIS2_PLACEMENT_3D('',#5649,#4472,#4473);
#3984=AXIS2_PLACEMENT_3D('',#5651,#4475,#4476);
#3985=AXIS2_PLACEMENT_3D('',#5652,#4477,#4478);
#3986=AXIS2_PLACEMENT_3D('',#5654,#4479,#4480);
#3987=AXIS2_PLACEMENT_3D('',#5656,#4481,#4482);
#3988=AXIS2_PLACEMENT_3D('',#5657,#4483,#4484);
#3989=AXIS2_PLACEMENT_3D('',#5658,#4485,#4486);
#3990=AXIS2_PLACEMENT_3D('',#5664,#4490,#4491);
#3991=AXIS2_PLACEMENT_3D('',#5668,#4494,#4495);
#3992=AXIS2_PLACEMENT_3D('',#5672,#4498,#4499);
#3993=AXIS2_PLACEMENT_3D('',#5674,#4501,#4502);
#3994=AXIS2_PLACEMENT_3D('',#5675,#4503,#4504);
#3995=AXIS2_PLACEMENT_3D('',#5677,#4505,#4506);
#3996=AXIS2_PLACEMENT_3D('',#5679,#4507,#4508);
#3997=AXIS2_PLACEMENT_3D('',#5680,#4509,#4510);
#3998=AXIS2_PLACEMENT_3D('',#5681,#4511,#4512);
#3999=AXIS2_PLACEMENT_3D('',#5682,#4513,#4514);
#4000=AXIS2_PLACEMENT_3D('',#5688,#4518,#4519);
#4001=AXIS2_PLACEMENT_3D('',#5692,#4522,#4523);
#4002=AXIS2_PLACEMENT_3D('',#5696,#4526,#4527);
#4003=AXIS2_PLACEMENT_3D('',#5698,#4529,#4530);
#4004=AXIS2_PLACEMENT_3D('',#5699,#4531,#4532);
#4005=AXIS2_PLACEMENT_3D('',#5701,#4533,#4534);
#4006=AXIS2_PLACEMENT_3D('',#5703,#4535,#4536);
#4007=AXIS2_PLACEMENT_3D('',#5704,#4537,#4538);
#4008=AXIS2_PLACEMENT_3D('',#5705,#4539,#4540);
#4009=AXIS2_PLACEMENT_3D('',#5714,#4545,#4546);
#4010=AXIS2_PLACEMENT_3D('',#5720,#4550,#4551);
#4011=AXIS2_PLACEMENT_3D('',#5724,#4554,#4555);
#4012=AXIS2_PLACEMENT_3D('',#5728,#4558,#4559);
#4013=AXIS2_PLACEMENT_3D('',#5730,#4561,#4562);
#4014=AXIS2_PLACEMENT_3D('',#5739,#4567,#4568);
#4015=AXIS2_PLACEMENT_3D('',#5748,#4573,#4574);
#4016=AXIS2_PLACEMENT_3D('',#5749,#4575,#4576);
#4017=AXIS2_PLACEMENT_3D('',#5751,#4577,#4578);
#4018=AXIS2_PLACEMENT_3D('',#5753,#4579,#4580);
#4019=AXIS2_PLACEMENT_3D('',#5754,#4581,#4582);
#4020=AXIS2_PLACEMENT_3D('',#5756,#4583,#4584);
#4021=AXIS2_PLACEMENT_3D('',#5757,#4585,#4586);
#4022=AXIS2_PLACEMENT_3D('',#5759,#4587,#4588);
#4023=AXIS2_PLACEMENT_3D('',#5760,#4589,#4590);
#4024=AXIS2_PLACEMENT_3D('',#5761,#4591,#4592);
#4025=AXIS2_PLACEMENT_3D('',#5763,#4593,#4594);
#4026=AXIS2_PLACEMENT_3D('',#5765,#4595,#4596);
#4027=AXIS2_PLACEMENT_3D('',#5766,#4597,#4598);
#4028=AXIS2_PLACEMENT_3D('',#5768,#4599,#4600);
#4029=AXIS2_PLACEMENT_3D('',#5769,#4601,#4602);
#4030=AXIS2_PLACEMENT_3D('',#5771,#4603,#4604);
#4031=AXIS2_PLACEMENT_3D('',#5772,#4605,#4606);
#4032=AXIS2_PLACEMENT_3D('',#5773,#4607,#4608);
#4033=AXIS2_PLACEMENT_3D('',#5775,#4609,#4610);
#4034=AXIS2_PLACEMENT_3D('',#5777,#4611,#4612);
#4035=AXIS2_PLACEMENT_3D('',#5778,#4613,#4614);
#4036=AXIS2_PLACEMENT_3D('',#5780,#4615,#4616);
#4037=AXIS2_PLACEMENT_3D('',#5781,#4617,#4618);
#4038=AXIS2_PLACEMENT_3D('',#5783,#4619,#4620);
#4039=AXIS2_PLACEMENT_3D('',#5784,#4621,#4622);
#4040=AXIS2_PLACEMENT_3D('',#5785,#4623,#4624);
#4041=AXIS2_PLACEMENT_3D('',#5787,#4625,#4626);
#4042=AXIS2_PLACEMENT_3D('',#5789,#4627,#4628);
#4043=AXIS2_PLACEMENT_3D('',#5790,#4629,#4630);
#4044=AXIS2_PLACEMENT_3D('',#5792,#4631,#4632);
#4045=AXIS2_PLACEMENT_3D('',#5793,#4633,#4634);
#4046=AXIS2_PLACEMENT_3D('',#5795,#4635,#4636);
#4047=AXIS2_PLACEMENT_3D('',#5796,#4637,#4638);
#4048=AXIS2_PLACEMENT_3D('',#5805,#4643,#4644);
#4049=AXIS2_PLACEMENT_3D('',#5811,#4648,#4649);
#4050=AXIS2_PLACEMENT_3D('',#5817,#4653,#4654);
#4051=AXIS2_PLACEMENT_3D('',#5820,#4657,#4658);
#4052=AXIS2_PLACEMENT_3D('',#5821,#4659,#4660);
#4053=AXIS2_PLACEMENT_3D('',#5827,#4664,#4665);
#4054=AXIS2_PLACEMENT_3D('',#5831,#4668,#4669);
#4055=AXIS2_PLACEMENT_3D('',#5835,#4672,#4673);
#4056=AXIS2_PLACEMENT_3D('',#5837,#4675,#4676);
#4057=AXIS2_PLACEMENT_3D('',#5843,#4680,#4681);
#4058=AXIS2_PLACEMENT_3D('',#5847,#4684,#4685);
#4059=AXIS2_PLACEMENT_3D('',#5851,#4688,#4689);
#4060=AXIS2_PLACEMENT_3D('',#5853,#4691,#4692);
#4061=AXIS2_PLACEMENT_3D('',#5859,#4696,#4697);
#4062=AXIS2_PLACEMENT_3D('',#5863,#4700,#4701);
#4063=AXIS2_PLACEMENT_3D('',#5867,#4704,#4705);
#4064=AXIS2_PLACEMENT_3D('',#5869,#4707,#4708);
#4065=AXIS2_PLACEMENT_3D('',#5875,#4712,#4713);
#4066=AXIS2_PLACEMENT_3D('',#5879,#4716,#4717);
#4067=AXIS2_PLACEMENT_3D('',#5883,#4720,#4721);
#4068=AXIS2_PLACEMENT_3D('',#5885,#4723,#4724);
#4069=AXIS2_PLACEMENT_3D('',#5886,#4725,#4726);
#4070=AXIS2_PLACEMENT_3D('',#5887,#4727,#4728);
#4071=AXIS2_PLACEMENT_3D('',#5888,#4729,#4730);
#4072=AXIS2_PLACEMENT_3D('',#5889,#4731,#4732);
#4073=AXIS2_PLACEMENT_3D('',#5890,#4733,#4734);
#4074=AXIS2_PLACEMENT_3D('',#5891,#4735,#4736);
#4075=AXIS2_PLACEMENT_3D('',#5892,#4737,#4738);
#4076=AXIS2_PLACEMENT_3D('',#5893,#4739,#4740);
#4077=AXIS2_PLACEMENT_3D('',#5894,#4741,#4742);
#4078=AXIS2_PLACEMENT_3D('',#5895,#4743,#4744);
#4079=AXIS2_PLACEMENT_3D('',#5896,#4745,#4746);
#4080=AXIS2_PLACEMENT_3D('',#5918,#4747,#4748);
#4081=AXIS2_PLACEMENT_3D('',#5919,#4749,#4750);
#4082=AXIS2_PLACEMENT_3D('',#5920,#4751,#4752);
#4083=AXIS2_PLACEMENT_3D('',#5921,#4753,#4754);
#4084=AXIS2_PLACEMENT_3D('',#5922,#4755,#4756);
#4085=AXIS2_PLACEMENT_3D('',#5923,#4757,#4758);
#4086=AXIS2_PLACEMENT_3D('',#5924,#4759,#4760);
#4087=AXIS2_PLACEMENT_3D('',#5925,#4761,#4762);
#4088=AXIS2_PLACEMENT_3D('',#5926,#4763,#4764);
#4089=AXIS2_PLACEMENT_3D('',#5969,#4765,#4766);
#4090=AXIS2_PLACEMENT_3D('',#5970,#4767,#4768);
#4091=AXIS2_PLACEMENT_3D('',#5971,#4769,#4770);
#4092=AXIS2_PLACEMENT_3D('',#5972,#4771,#4772);
#4093=AXIS2_PLACEMENT_3D('',#5973,#4773,#4774);
#4094=AXIS2_PLACEMENT_3D('',#5974,#4775,#4776);
#4095=AXIS2_PLACEMENT_3D('',#5975,#4777,#4778);
#4096=AXIS2_PLACEMENT_3D('',#5976,#4779,#4780);
#4097=AXIS2_PLACEMENT_3D('',#5977,#4781,#4782);
#4098=AXIS2_PLACEMENT_3D('',#5978,#4783,#4784);
#4099=AXIS2_PLACEMENT_3D('',#5979,#4785,#4786);
#4100=AXIS2_PLACEMENT_3D('',#5980,#4787,#4788);
#4101=AXIS2_PLACEMENT_3D('',#5981,#4789,#4790);
#4102=AXIS2_PLACEMENT_3D('',#5982,#4791,#4792);
#4103=AXIS2_PLACEMENT_3D('',#5983,#4793,#4794);
#4104=AXIS2_PLACEMENT_3D('',#6005,#4795,#4796);
#4105=AXIS2_PLACEMENT_3D('',#6006,#4797,#4798);
#4106=AXIS2_PLACEMENT_3D('',#6007,#4799,#4800);
#4107=AXIS2_PLACEMENT_3D('',#6008,#4801,#4802);
#4108=AXIS2_PLACEMENT_3D('',#6009,#4803,#4804);
#4109=AXIS2_PLACEMENT_3D('',#6010,#4805,#4806);
#4110=AXIS2_PLACEMENT_3D('',#6011,#4807,#4808);
#4111=AXIS2_PLACEMENT_3D('',#6012,#4809,#4810);
#4112=AXIS2_PLACEMENT_3D('',#6013,#4811,#4812);
#4113=AXIS2_PLACEMENT_3D('',#6014,#4813,#4814);
#4114=AXIS2_PLACEMENT_3D('',#6015,#4815,#4816);
#4115=AXIS2_PLACEMENT_3D('',#6016,#4817,#4818);
#4116=AXIS2_PLACEMENT_3D('',#6018,#4819,#4820);
#4117=AXIS2_PLACEMENT_3D('',#6019,#4821,#4822);
#4118=AXIS2_PLACEMENT_3D('',#6020,#4823,#4824);
#4119=AXIS2_PLACEMENT_3D('',#6021,#4825,#4826);
#4120=AXIS2_PLACEMENT_3D('',#6023,#4827,#4828);
#4121=AXIS2_PLACEMENT_3D('',#6024,#4829,#4830);
#4122=AXIS2_PLACEMENT_3D('',#6025,#4831,#4832);
#4123=AXIS2_PLACEMENT_3D('',#6027,#4834,#4835);
#4124=AXIS2_PLACEMENT_3D('',#6028,#4836,#4837);
#4125=AXIS2_PLACEMENT_3D('',#6029,#4838,#4839);
#4126=AXIS2_PLACEMENT_3D('',#6030,#4840,#4841);
#4127=AXIS2_PLACEMENT_3D('',#6031,#4842,#4843);
#4128=AXIS2_PLACEMENT_3D('',#6032,#4844,#4845);
#4129=AXIS2_PLACEMENT_3D('',#6033,#4846,#4847);
#4130=AXIS2_PLACEMENT_3D('',#6034,#4848,#4849);
#4131=AXIS2_PLACEMENT_3D('',#6035,#4850,#4851);
#4132=AXIS2_PLACEMENT_3D('',#6036,#4852,#4853);
#4133=AXIS2_PLACEMENT_3D('',#6037,#4854,#4855);
#4134=AXIS2_PLACEMENT_3D('',#6038,#4856,#4857);
#4135=AXIS2_PLACEMENT_3D('',#6039,#4858,#4859);
#4136=AXIS2_PLACEMENT_3D('',#6050,#4860,#4861);
#4137=AXIS2_PLACEMENT_3D('',#6051,#4862,#4863);
#4138=AXIS2_PLACEMENT_3D('',#6052,#4864,#4865);
#4139=AXIS2_PLACEMENT_3D('',#6053,#4866,#4867);
#4140=AXIS2_PLACEMENT_3D('',#6054,#4868,#4869);
#4141=AXIS2_PLACEMENT_3D('',#6055,#4870,#4871);
#4142=AXIS2_PLACEMENT_3D('',#6056,#4872,#4873);
#4143=AXIS2_PLACEMENT_3D('',#6057,#4874,#4875);
#4144=AXIS2_PLACEMENT_3D('',#6058,#4876,#4877);
#4145=AXIS2_PLACEMENT_3D('',#6059,#4878,#4879);
#4146=AXIS2_PLACEMENT_3D('',#6060,#4880,#4881);
#4147=AXIS2_PLACEMENT_3D('',#6061,#4882,#4883);
#4148=AXIS2_PLACEMENT_3D('',#6062,#4884,#4885);
#4149=AXIS2_PLACEMENT_3D('',#6063,#4886,#4887);
#4150=AXIS2_PLACEMENT_3D('',#6064,#4888,#4889);
#4151=AXIS2_PLACEMENT_3D('',#6065,#4890,#4891);
#4152=AXIS2_PLACEMENT_3D('',#6066,#4892,#4893);
#4153=AXIS2_PLACEMENT_3D('',#6067,#4894,#4895);
#4154=AXIS2_PLACEMENT_3D('',#6068,#4896,#4897);
#4155=AXIS2_PLACEMENT_3D('',#6069,#4898,#4899);
#4156=AXIS2_PLACEMENT_3D('',#6070,#4900,#4901);
#4157=AXIS2_PLACEMENT_3D('',#6071,#4902,#4903);
#4158=AXIS2_PLACEMENT_3D('',#6072,#4904,#4905);
#4159=AXIS2_PLACEMENT_3D('',#6081,#4910,#4911);
#4160=AXIS2_PLACEMENT_3D('',#6087,#4915,#4916);
#4161=AXIS2_PLACEMENT_3D('',#6161,#4924,#4925);
#4162=AXIS2_PLACEMENT_3D('',#6162,#4926,#4927);
#4163=AXIS2_PLACEMENT_3D('',#6166,#4929,#4930);
#4164=AXIS2_PLACEMENT_3D('',#6167,#4931,#4932);
#4165=AXIS2_PLACEMENT_3D('',#6173,#4936,#4937);
#4166=AXIS2_PLACEMENT_3D('',#6177,#4940,#4941);
#4167=AXIS2_PLACEMENT_3D('',#6181,#4944,#4945);
#4168=AXIS2_PLACEMENT_3D('',#6263,#4954,#4955);
#4169=AXIS2_PLACEMENT_3D('',#6279,#4957,#4958);
#4170=AXIS2_PLACEMENT_3D('',#6280,#4959,#4960);
#4171=AXIS2_PLACEMENT_3D('',#6286,#4964,#4965);
#4172=AXIS2_PLACEMENT_3D('',#6290,#4968,#4969);
#4173=AXIS2_PLACEMENT_3D('',#6294,#4972,#4973);
#4174=AXIS2_PLACEMENT_3D('',#6298,#4976,#4977);
#4175=AXIS2_PLACEMENT_3D('',#6302,#4980,#4981);
#4176=AXIS2_PLACEMENT_3D('',#6306,#4984,#4985);
#4177=AXIS2_PLACEMENT_3D('',#6310,#4988,#4989);
#4178=AXIS2_PLACEMENT_3D('',#6314,#4992,#4993);
#4179=AXIS2_PLACEMENT_3D('',#6318,#4996,#4997);
#4180=AXIS2_PLACEMENT_3D('',#6322,#5000,#5001);
#4181=AXIS2_PLACEMENT_3D('',#6326,#5004,#5005);
#4182=AXIS2_PLACEMENT_3D('',#6328,#5007,#5008);
#4183=AXIS2_PLACEMENT_3D('',#6329,#5009,#5010);
#4184=AXIS2_PLACEMENT_3D('',#6335,#5014,#5015);
#4185=AXIS2_PLACEMENT_3D('',#6339,#5018,#5019);
#4186=AXIS2_PLACEMENT_3D('',#6343,#5022,#5023);
#4187=AXIS2_PLACEMENT_3D('',#6347,#5026,#5027);
#4188=AXIS2_PLACEMENT_3D('',#6351,#5030,#5031);
#4189=AXIS2_PLACEMENT_3D('',#6355,#5034,#5035);
#4190=AXIS2_PLACEMENT_3D('',#6359,#5038,#5039);
#4191=AXIS2_PLACEMENT_3D('',#6363,#5042,#5043);
#4192=AXIS2_PLACEMENT_3D('',#6367,#5046,#5047);
#4193=AXIS2_PLACEMENT_3D('',#6371,#5050,#5051);
#4194=AXIS2_PLACEMENT_3D('',#6375,#5054,#5055);
#4195=AXIS2_PLACEMENT_3D('',#6377,#5057,#5058);
#4196=AXIS2_PLACEMENT_3D('',#6432,#5064,#5065);
#4197=AXIS2_PLACEMENT_3D('',#6436,#5068,#5069);
#4198=AXIS2_PLACEMENT_3D('',#6440,#5072,#5073);
#4199=AXIS2_PLACEMENT_3D('',#6522,#5082,#5083);
#4200=AXIS2_PLACEMENT_3D('',#6526,#5086,#5087);
#4201=AXIS2_PLACEMENT_3D('',#6530,#5090,#5091);
#4202=AXIS2_PLACEMENT_3D('',#6558,#5095,#5096);
#4203=AXIS2_PLACEMENT_3D('',#6559,#5097,#5098);
#4204=AXIS2_PLACEMENT_3D('',#6568,#5103,#5104);
#4205=AXIS2_PLACEMENT_3D('',#6574,#5108,#5109);
#4206=AXIS2_PLACEMENT_3D('',#6580,#5113,#5114);
#4207=AXIS2_PLACEMENT_3D('',#6584,#5117,#5118);
#4208=AXIS2_PLACEMENT_3D('',#6588,#5121,#5122);
#4209=AXIS2_PLACEMENT_3D('',#6592,#5125,#5126);
#4210=AXIS2_PLACEMENT_3D('',#6596,#5129,#5130);
#4211=AXIS2_PLACEMENT_3D('',#6600,#5133,#5134);
#4212=AXIS2_PLACEMENT_3D('',#6604,#5137,#5138);
#4213=AXIS2_PLACEMENT_3D('',#6606,#5140,#5141);
#4214=AXIS2_PLACEMENT_3D('',#6609,#5144,#5145);
#4215=AXIS2_PLACEMENT_3D('',#6610,#5146,#5147);
#4216=AXIS2_PLACEMENT_3D('',#6616,#5151,#5152);
#4217=AXIS2_PLACEMENT_3D('',#6620,#5155,#5156);
#4218=AXIS2_PLACEMENT_3D('',#6624,#5159,#5160);
#4219=AXIS2_PLACEMENT_3D('',#6628,#5163,#5164);
#4220=AXIS2_PLACEMENT_3D('',#6632,#5167,#5168);
#4221=AXIS2_PLACEMENT_3D('',#6636,#5171,#5172);
#4222=AXIS2_PLACEMENT_3D('',#6640,#5175,#5176);
#4223=AXIS2_PLACEMENT_3D('',#6644,#5179,#5180);
#4224=AXIS2_PLACEMENT_3D('',#6648,#5183,#5184);
#4225=AXIS2_PLACEMENT_3D('',#6652,#5187,#5188);
#4226=AXIS2_PLACEMENT_3D('',#6656,#5191,#5192);
#4227=AXIS2_PLACEMENT_3D('',#6660,#5195,#5196);
#4228=AXIS2_PLACEMENT_3D('',#6662,#5198,#5199);
#4229=AXIS2_PLACEMENT_3D('',#6663,#5200,#5201);
#4230=AXIS2_PLACEMENT_3D('',#6664,#5202,#5203);
#4231=DIRECTION('',(0.,0.,1.));
#4232=DIRECTION('',(1.,0.,0.));
#4233=DIRECTION('',(0.,0.,1.));
#4234=DIRECTION('',(1.,0.,0.));
#4235=DIRECTION('',(0.207569871467312,-0.978220194260497,0.));
#4236=DIRECTION('',(1.,0.,0.));
#4237=DIRECTION('',(0.208833338673568,0.97795124452012,0.));
#4238=DIRECTION('',(-1.,0.,0.));
#4239=DIRECTION('',(-0.177824415652241,-0.984062232380625,0.));
#4240=DIRECTION('',(-1.,0.,0.));
#4241=DIRECTION('',(-0.188010530713606,0.982167012447877,0.));
#4242=DIRECTION('',(-1.,0.,0.));
#4243=DIRECTION('',(0.,-1.,0.));
#4244=DIRECTION('',(1.,0.,0.));
#4245=DIRECTION('',(0.,1.,0.));
#4246=DIRECTION('',(-1.,0.,0.));
#4247=DIRECTION('',(0.,1.,0.));
#4248=DIRECTION('',(1.,0.,0.));
#4249=DIRECTION('',(0.,1.,0.));
#4250=DIRECTION('',(-1.,0.,0.));
#4251=DIRECTION('',(0.,1.,0.));
#4252=DIRECTION('',(1.,0.,0.));
#4253=DIRECTION('',(0.,1.,0.));
#4254=DIRECTION('',(-1.,0.,0.));
#4255=DIRECTION('',(0.,-1.,0.));
#4256=DIRECTION('',(1.,0.,0.));
#4257=DIRECTION('',(-1.,0.,0.));
#4258=DIRECTION('',(0.,1.,0.));
#4259=DIRECTION('',(-1.,0.,0.));
#4260=DIRECTION('',(0.,1.,0.));
#4261=DIRECTION('',(1.,-1.81836842345577E-16,0.));
#4262=DIRECTION('',(0.,1.,0.));
#4263=DIRECTION('',(1.,-1.81836842345577E-16,0.));
#4264=DIRECTION('',(0.,0.,1.));
#4265=DIRECTION('',(1.,0.,0.));
#4266=DIRECTION('',(0.,0.,1.));
#4267=DIRECTION('',(1.,0.,0.));
#4268=DIRECTION('',(1.,0.,0.));
#4269=DIRECTION('',(0.,0.,1.));
#4270=DIRECTION('',(1.,0.,0.));
#4271=DIRECTION('',(1.,0.,0.));
#4272=DIRECTION('',(0.,-1.,0.));
#4273=DIRECTION('',(1.,0.,0.));
#4274=DIRECTION('',(0.,-1.,0.));
#4275=DIRECTION('',(1.,0.,0.));
#4276=DIRECTION('',(0.,0.,1.));
#4277=DIRECTION('',(1.,0.,0.));
#4278=DIRECTION('',(0.,-1.,0.));
#4279=DIRECTION('',(1.,0.,0.));
#4280=DIRECTION('',(0.,1.,0.));
#4281=DIRECTION('',(0.437923705165171,-0.899012140326485,0.));
#4282=DIRECTION('',(1.,0.,0.));
#4283=DIRECTION('',(-0.408952698492629,0.912555582085604,0.));
#4284=DIRECTION('',(0.379738439756512,0.925093896516073,0.));
#4285=DIRECTION('',(-1.,0.,0.));
#4286=DIRECTION('',(-0.377683854904606,-0.925934612024195,0.));
#4287=DIRECTION('',(-0.484037704700933,0.875047141831715,0.));
#4288=DIRECTION('',(0.,1.,0.));
#4289=DIRECTION('',(-1.,0.,0.));
#4290=DIRECTION('',(0.,-1.,0.));
#4291=DIRECTION('',(1.,0.,0.));
#4292=DIRECTION('',(0.,1.,0.));
#4293=DIRECTION('',(0.,-1.,0.));
#4294=DIRECTION('',(1.,0.,0.));
#4295=DIRECTION('',(0.,1.,0.));
#4296=DIRECTION('',(-0.160878325384297,-0.986974247091354,0.));
#4297=DIRECTION('',(1.,0.,0.));
#4298=DIRECTION('',(0.147886028523065,0.989004409781713,0.));
#4299=DIRECTION('',(0.184832883430619,-0.982769965557924,0.));
#4300=DIRECTION('',(1.,0.,0.));
#4301=DIRECTION('',(0.185705823528499,0.982605387277926,0.));
#4302=DIRECTION('',(0.143789244986599,-0.989608333143059,0.));
#4303=DIRECTION('',(1.,0.,0.));
#4304=DIRECTION('',(-0.158465899510204,0.987364450794347,0.));
#4305=DIRECTION('',(-1.,0.,0.));
#4306=DIRECTION('',(-0.185030167743007,-0.982732841124685,0.));
#4307=DIRECTION('',(-0.186512484046772,0.982452590863652,0.));
#4308=DIRECTION('',(-1.,0.,0.));
#4309=DIRECTION('',(-1.,-1.85206301420339E-16,0.));
#4310=DIRECTION('',(1.85206301420339E-16,-1.,0.));
#4311=DIRECTION('',(0.,0.,1.));
#4312=DIRECTION('',(1.85206301420339E-16,-1.,0.));
#4313=DIRECTION('',(0.,0.,1.));
#4314=DIRECTION('',(1.85206301420339E-16,-1.,0.));
#4315=DIRECTION('',(0.,0.,1.));
#4316=DIRECTION('',(1.85206301420339E-16,-1.,0.));
#4317=DIRECTION('',(0.,0.,1.));
#4318=DIRECTION('',(1.85206301420339E-16,-1.,0.));
#4319=DIRECTION('',(0.,0.,1.));
#4320=DIRECTION('',(1.85206301420339E-16,-1.,0.));
#4321=DIRECTION('',(0.,0.,1.));
#4322=DIRECTION('',(1.85206301420339E-16,-1.,0.));
#4323=DIRECTION('',(0.,0.,1.));
#4324=DIRECTION('',(1.85206301420339E-16,-1.,0.));
#4325=DIRECTION('',(0.,0.,1.));
#4326=DIRECTION('',(1.85206301420339E-16,-1.,0.));
#4327=DIRECTION('',(0.,0.,1.));
#4328=DIRECTION('',(1.85206301420339E-16,-1.,0.));
#4329=DIRECTION('',(-1.,0.,0.));
#4330=DIRECTION('',(0.,0.,1.));
#4331=DIRECTION('',(0.,1.,0.));
#4332=DIRECTION('',(0.,0.,-1.));
#4333=DIRECTION('',(0.,1.,0.));
#4334=DIRECTION('',(0.,0.,-1.));
#4335=DIRECTION('',(0.,0.,-1.));
#4336=DIRECTION('',(0.,1.,0.));
#4337=DIRECTION('',(0.,0.,-1.));
#4338=DIRECTION('',(0.,1.,0.));
#4339=DIRECTION('',(0.,0.,1.));
#4340=DIRECTION('',(0.,-1.,0.));
#4341=DIRECTION('',(0.,0.,1.));
#4342=DIRECTION('',(0.,-1.,0.));
#4343=DIRECTION('',(0.,-1.,0.));
#4344=DIRECTION('',(0.,0.,-1.));
#4345=DIRECTION('',(1.,0.,0.));
#4346=DIRECTION('',(0.,0.,1.));
#4347=DIRECTION('',(1.,0.,0.));
#4348=DIRECTION('',(0.,0.,-1.));
#4349=DIRECTION('',(-1.,0.,0.));
#4350=DIRECTION('',(0.,0.,-1.));
#4351=DIRECTION('',(1.,0.,0.));
#4352=DIRECTION('',(1.,0.,0.));
#4353=DIRECTION('',(0.,0.,-1.));
#4354=DIRECTION('',(1.,0.,0.));
#4355=DIRECTION('',(0.,0.,-1.));
#4356=DIRECTION('',(0.,-1.,0.));
#4357=DIRECTION('',(0.,0.,-1.));
#4358=DIRECTION('',(0.,0.,-1.));
#4359=DIRECTION('',(1.,0.,0.));
#4360=DIRECTION('',(0.,0.,-1.));
#4361=DIRECTION('',(1.,0.,0.));
#4362=DIRECTION('',(0.,0.,1.));
#4363=DIRECTION('',(1.,0.,0.));
#4364=DIRECTION('',(0.,0.,1.));
#4365=DIRECTION('',(1.,0.,0.));
#4366=DIRECTION('',(0.,-1.,0.));
#4367=DIRECTION('',(0.,0.,-1.));
#4368=DIRECTION('',(-1.,0.,0.));
#4369=DIRECTION('',(0.,0.,1.));
#4370=DIRECTION('',(-1.,0.,0.));
#4371=DIRECTION('',(0.,0.,1.));
#4372=DIRECTION('',(0.,0.,1.));
#4373=DIRECTION('',(1.,0.,0.));
#4374=DIRECTION('',(0.,0.,1.));
#4375=DIRECTION('',(1.,0.,0.));
#4376=DIRECTION('',(-1.,0.,0.));
#4377=DIRECTION('',(0.,0.,1.));
#4378=DIRECTION('',(0.,-1.,0.));
#4379=DIRECTION('',(0.,0.,1.));
#4380=DIRECTION('',(0.,-1.,0.));
#4381=DIRECTION('',(0.,0.,1.));
#4382=DIRECTION('',(0.,-1.,0.));
#4383=DIRECTION('',(2.1350442781253E-16,-1.,0.));
#4384=DIRECTION('',(1.,2.1350442781253E-16,0.));
#4385=DIRECTION('',(1.,2.1350442781253E-16,0.));
#4386=DIRECTION('',(1.,2.1350442781253E-16,0.));
#4387=DIRECTION('',(0.,0.,1.));
#4388=DIRECTION('',(1.,2.1350442781253E-16,0.));
#4389=DIRECTION('',(0.,0.,1.));
#4390=DIRECTION('',(1.,2.1350442781253E-16,0.));
#4391=DIRECTION('',(0.,0.,1.));
#4392=DIRECTION('',(1.,0.,0.));
#4393=DIRECTION('',(0.,-1.,0.));
#4394=DIRECTION('',(-1.,0.,0.));
#4395=DIRECTION('',(0.,-1.,0.));
#4396=DIRECTION('',(-1.,0.,0.));
#4397=DIRECTION('',(0.,-1.,0.));
#4398=DIRECTION('',(-1.,9.85918429085994E-17,0.));
#4399=DIRECTION('',(0.,-1.,0.));
#4400=DIRECTION('',(0.,-1.,0.));
#4401=DIRECTION('',(-1.,0.,0.));
#4402=DIRECTION('',(0.,-1.,0.));
#4403=DIRECTION('',(-1.,0.,0.));
#4404=DIRECTION('',(0.,-1.,0.));
#4405=DIRECTION('',(-1.,-1.21132031783376E-16,0.));
#4406=DIRECTION('',(0.,-1.,0.));
#4407=DIRECTION('',(-1.,0.,0.));
#4408=DIRECTION('',(0.,-1.,0.));
#4409=DIRECTION('',(-1.,0.,0.));
#4410=DIRECTION('',(0.,-1.,0.));
#4411=DIRECTION('',(-1.,0.,0.));
#4412=DIRECTION('',(0.,-1.,0.));
#4413=DIRECTION('',(-1.,0.,0.));
#4414=DIRECTION('',(-1.,0.,0.));
#4415=DIRECTION('',(0.,0.,1.));
#4416=DIRECTION('',(0.,0.,1.));
#4417=DIRECTION('',(0.,-1.,0.));
#4418=DIRECTION('',(0.,0.,1.));
#4419=DIRECTION('',(9.85918429085994E-17,1.,0.));
#4420=DIRECTION('',(-1.,9.85918429085994E-17,0.));
#4421=DIRECTION('',(-1.,9.85918429085994E-17,0.));
#4422=DIRECTION('',(0.,0.,1.));
#4423=DIRECTION('',(0.,0.,-1.));
#4424=DIRECTION('',(1.,0.,0.));
#4425=DIRECTION('',(0.,-1.,0.));
#4426=DIRECTION('',(-1.,0.,0.));
#4427=DIRECTION('',(-1.,0.,0.));
#4428=DIRECTION('',(0.,0.,1.));
#4429=DIRECTION('',(0.,1.,0.));
#4430=DIRECTION('',(0.,0.,1.));
#4431=DIRECTION('',(0.,1.,0.));
#4432=DIRECTION('',(0.,0.,1.));
#4433=DIRECTION('',(0.,0.,1.));
#4434=DIRECTION('',(-1.,0.,0.));
#4435=DIRECTION('',(-1.,0.,0.));
#4436=DIRECTION('',(0.,0.,1.));
#4437=DIRECTION('',(0.,-1.,0.));
#4438=DIRECTION('',(0.,0.,-1.));
#4439=DIRECTION('',(1.,0.,0.));
#4440=DIRECTION('',(0.,1.,0.));
#4441=DIRECTION('',(0.,0.,1.));
#4442=DIRECTION('',(0.,0.,1.));
#4443=DIRECTION('',(-1.,0.,0.));
#4444=DIRECTION('',(0.,0.,1.));
#4445=DIRECTION('',(0.,0.,1.));
#4446=DIRECTION('',(1.,0.,0.));
#4447=DIRECTION('',(0.,0.,1.));
#4448=DIRECTION('',(1.,0.,0.));
#4449=DIRECTION('',(0.,0.,1.));
#4450=DIRECTION('',(1.,0.,0.));
#4451=DIRECTION('',(-1.,0.,0.));
#4452=DIRECTION('',(0.,0.,1.));
#4453=DIRECTION('',(0.,-1.,0.));
#4454=DIRECTION('',(-1.,0.,0.));
#4455=DIRECTION('',(0.,0.,1.));
#4456=DIRECTION('',(0.,-1.,0.));
#4457=DIRECTION('',(0.,0.,1.));
#4458=DIRECTION('',(1.,0.,0.));
#4459=DIRECTION('',(-1.,0.,0.));
#4460=DIRECTION('',(0.,0.,1.));
#4461=DIRECTION('',(0.,0.,1.));
#4462=DIRECTION('',(0.,0.,1.));
#4463=DIRECTION('',(0.,-1.,0.));
#4464=DIRECTION('',(0.,1.,0.));
#4465=DIRECTION('',(0.,0.,1.));
#4466=DIRECTION('',(-1.,0.,0.));
#4467=DIRECTION('',(0.,0.,1.));
#4468=DIRECTION('',(-1.,0.,0.));
#4469=DIRECTION('',(0.,0.,1.));
#4470=DIRECTION('',(0.,-1.,0.));
#4471=DIRECTION('',(0.,0.,1.));
#4472=DIRECTION('',(-1.21132031783376E-16,1.,0.));
#4473=DIRECTION('',(-1.,-1.21132031783376E-16,0.));
#4474=DIRECTION('',(-1.,-1.21132031783376E-16,0.));
#4475=DIRECTION('',(0.,0.,1.));
#4476=DIRECTION('',(1.,0.,0.));
#4477=DIRECTION('',(0.,0.,1.));
#4478=DIRECTION('',(1.,0.,0.));
#4479=DIRECTION('',(0.,0.,1.));
#4480=DIRECTION('',(1.,0.,0.));
#4481=DIRECTION('',(0.,0.,1.));
#4482=DIRECTION('',(1.,0.,0.));
#4483=DIRECTION('',(0.,0.,1.));
#4484=DIRECTION('',(1.,0.,0.));
#4485=DIRECTION('',(-1.,0.,0.));
#4486=DIRECTION('',(0.,0.,1.));
#4487=DIRECTION('',(0.,0.,1.));
#4488=DIRECTION('',(0.,0.,1.));
#4489=DIRECTION('',(0.,-1.,0.));
#4490=DIRECTION('',(0.,1.,0.));
#4491=DIRECTION('',(0.,0.,1.));
#4492=DIRECTION('',(-1.,0.,0.));
#4493=DIRECTION('',(0.,0.,1.));
#4494=DIRECTION('',(-1.,0.,0.));
#4495=DIRECTION('',(0.,0.,1.));
#4496=DIRECTION('',(0.,-1.,0.));
#4497=DIRECTION('',(0.,0.,1.));
#4498=DIRECTION('',(0.,1.,0.));
#4499=DIRECTION('',(0.,0.,1.));
#4500=DIRECTION('',(-1.,0.,0.));
#4501=DIRECTION('',(0.,0.,1.));
#4502=DIRECTION('',(1.,0.,0.));
#4503=DIRECTION('',(0.,0.,1.));
#4504=DIRECTION('',(1.,0.,0.));
#4505=DIRECTION('',(0.,0.,1.));
#4506=DIRECTION('',(1.,0.,0.));
#4507=DIRECTION('',(0.,0.,1.));
#4508=DIRECTION('',(1.,0.,0.));
#4509=DIRECTION('',(0.,0.,1.));
#4510=DIRECTION('',(1.,0.,0.));
#4511=DIRECTION('',(0.,0.,1.));
#4512=DIRECTION('',(1.,0.,0.));
#4513=DIRECTION('',(-1.,0.,0.));
#4514=DIRECTION('',(0.,0.,1.));
#4515=DIRECTION('',(0.,0.,1.));
#4516=DIRECTION('',(0.,0.,1.));
#4517=DIRECTION('',(0.,-1.,0.));
#4518=DIRECTION('',(0.,1.,0.));
#4519=DIRECTION('',(0.,0.,1.));
#4520=DIRECTION('',(-1.,0.,0.));
#4521=DIRECTION('',(0.,0.,1.));
#4522=DIRECTION('',(-1.,0.,0.));
#4523=DIRECTION('',(0.,0.,1.));
#4524=DIRECTION('',(0.,-1.,0.));
#4525=DIRECTION('',(0.,0.,1.));
#4526=DIRECTION('',(0.,1.,0.));
#4527=DIRECTION('',(0.,0.,1.));
#4528=DIRECTION('',(-1.,0.,0.));
#4529=DIRECTION('',(0.,0.,1.));
#4530=DIRECTION('',(1.,0.,0.));
#4531=DIRECTION('',(0.,0.,1.));
#4532=DIRECTION('',(1.,0.,0.));
#4533=DIRECTION('',(0.,0.,1.));
#4534=DIRECTION('',(1.,0.,0.));
#4535=DIRECTION('',(0.,0.,1.));
#4536=DIRECTION('',(1.,0.,0.));
#4537=DIRECTION('',(0.,0.,1.));
#4538=DIRECTION('',(1.,0.,0.));
#4539=DIRECTION('',(0.,0.,-1.));
#4540=DIRECTION('',(1.,0.,0.));
#4541=DIRECTION('',(0.,1.,0.));
#4542=DIRECTION('',(1.,-1.81836842345577E-16,0.));
#4543=DIRECTION('',(0.,1.,0.));
#4544=DIRECTION('',(1.,-1.81836842345577E-16,0.));
#4545=DIRECTION('',(-1.,0.,0.));
#4546=DIRECTION('',(0.,0.,1.));
#4547=DIRECTION('',(0.,0.,-1.));
#4548=DIRECTION('',(0.,1.,0.));
#4549=DIRECTION('',(0.,0.,-1.));
#4550=DIRECTION('',(1.81836842345577E-16,1.,0.));
#4551=DIRECTION('',(-1.,1.81836842345577E-16,0.));
#4552=DIRECTION('',(0.,0.,-1.));
#4553=DIRECTION('',(1.,-1.81836842345577E-16,0.));
#4554=DIRECTION('',(-1.,0.,0.));
#4555=DIRECTION('',(0.,0.,1.));
#4556=DIRECTION('',(0.,0.,-1.));
#4557=DIRECTION('',(0.,1.,0.));
#4558=DIRECTION('',(1.81836842345577E-16,1.,0.));
#4559=DIRECTION('',(-1.,1.81836842345577E-16,0.));
#4560=DIRECTION('',(1.,-1.81836842345577E-16,0.));
#4561=DIRECTION('',(0.,0.,1.));
#4562=DIRECTION('',(1.,0.,0.));
#4563=DIRECTION('',(0.,-1.,0.));
#4564=DIRECTION('',(1.,0.,0.));
#4565=DIRECTION('',(0.,-1.,0.));
#4566=DIRECTION('',(1.,0.,0.));
#4567=DIRECTION('',(-1.,0.,0.));
#4568=DIRECTION('',(0.,0.,1.));
#4569=DIRECTION('',(0.,-1.,0.));
#4570=DIRECTION('',(0.,0.,1.));
#4571=DIRECTION('',(0.,-1.,0.));
#4572=DIRECTION('',(0.,0.,1.));
#4573=DIRECTION('',(0.,0.,-1.));
#4574=DIRECTION('',(1.,0.,0.));
#4575=DIRECTION('',(0.,0.,-1.));
#4576=DIRECTION('',(-1.,0.,0.));
#4577=DIRECTION('',(0.,0.,-1.));
#4578=DIRECTION('',(-1.,0.,0.));
#4579=DIRECTION('',(0.,0.,-1.));
#4580=DIRECTION('',(-1.,0.,0.));
#4581=DIRECTION('',(0.,0.,1.));
#4582=DIRECTION('',(1.,0.,0.));
#4583=DIRECTION('',(0.,0.,-1.));
#4584=DIRECTION('',(1.,0.,0.));
#4585=DIRECTION('',(0.,0.,-1.));
#4586=DIRECTION('',(-1.,0.,0.));
#4587=DIRECTION('',(0.,0.,-1.));
#4588=DIRECTION('',(-1.,0.,0.));
#4589=DIRECTION('',(0.,0.,-1.));
#4590=DIRECTION('',(1.,0.,0.));
#4591=DIRECTION('',(0.,0.,-1.));
#4592=DIRECTION('',(-1.,0.,0.));
#4593=DIRECTION('',(0.,0.,-1.));
#4594=DIRECTION('',(-1.,0.,0.));
#4595=DIRECTION('',(0.,0.,-1.));
#4596=DIRECTION('',(-1.,0.,0.));
#4597=DIRECTION('',(0.,0.,1.));
#4598=DIRECTION('',(1.,0.,0.));
#4599=DIRECTION('',(0.,0.,-1.));
#4600=DIRECTION('',(1.,0.,0.));
#4601=DIRECTION('',(0.,0.,-1.));
#4602=DIRECTION('',(-1.,0.,0.));
#4603=DIRECTION('',(0.,0.,-1.));
#4604=DIRECTION('',(-1.,0.,0.));
#4605=DIRECTION('',(0.,0.,-1.));
#4606=DIRECTION('',(1.,0.,0.));
#4607=DIRECTION('',(0.,0.,-1.));
#4608=DIRECTION('',(-1.,0.,0.));
#4609=DIRECTION('',(0.,0.,-1.));
#4610=DIRECTION('',(-1.,0.,0.));
#4611=DIRECTION('',(0.,0.,-1.));
#4612=DIRECTION('',(-1.,0.,0.));
#4613=DIRECTION('',(0.,0.,1.));
#4614=DIRECTION('',(1.,0.,0.));
#4615=DIRECTION('',(0.,0.,-1.));
#4616=DIRECTION('',(1.,0.,0.));
#4617=DIRECTION('',(0.,0.,-1.));
#4618=DIRECTION('',(-1.,0.,0.));
#4619=DIRECTION('',(0.,0.,-1.));
#4620=DIRECTION('',(-1.,0.,0.));
#4621=DIRECTION('',(0.,0.,-1.));
#4622=DIRECTION('',(1.,0.,0.));
#4623=DIRECTION('',(0.,0.,-1.));
#4624=DIRECTION('',(-1.,0.,0.));
#4625=DIRECTION('',(0.,0.,-1.));
#4626=DIRECTION('',(-1.,0.,0.));
#4627=DIRECTION('',(0.,0.,-1.));
#4628=DIRECTION('',(-1.,0.,0.));
#4629=DIRECTION('',(0.,0.,1.));
#4630=DIRECTION('',(1.,0.,0.));
#4631=DIRECTION('',(0.,0.,-1.));
#4632=DIRECTION('',(1.,0.,0.));
#4633=DIRECTION('',(0.,0.,-1.));
#4634=DIRECTION('',(-1.,0.,0.));
#4635=DIRECTION('',(0.,0.,-1.));
#4636=DIRECTION('',(-1.,0.,0.));
#4637=DIRECTION('',(-1.,0.,0.));
#4638=DIRECTION('',(0.,0.,1.));
#4639=DIRECTION('',(0.,1.,0.));
#4640=DIRECTION('',(0.,0.,1.));
#4641=DIRECTION('',(0.,1.,0.));
#4642=DIRECTION('',(0.,0.,1.));
#4643=DIRECTION('',(0.,0.,-1.));
#4644=DIRECTION('',(-1.,0.,0.));
#4645=DIRECTION('',(-1.,0.,0.));
#4646=DIRECTION('',(0.,1.,0.));
#4647=DIRECTION('',(-1.,0.,0.));
#4648=DIRECTION('',(-1.,0.,0.));
#4649=DIRECTION('',(0.,0.,1.));
#4650=DIRECTION('',(0.,0.,1.));
#4651=DIRECTION('',(0.,1.,0.));
#4652=DIRECTION('',(0.,0.,1.));
#4653=DIRECTION('',(0.,0.,-1.));
#4654=DIRECTION('',(-1.,0.,0.));
#4655=DIRECTION('',(-1.,0.,0.));
#4656=DIRECTION('',(-1.,0.,0.));
#4657=DIRECTION('',(0.,1.,0.));
#4658=DIRECTION('',(-1.,0.,0.));
#4659=DIRECTION('',(0.,0.,-1.));
#4660=DIRECTION('',(-1.,0.,0.));
#4661=DIRECTION('',(0.,-1.,0.));
#4662=DIRECTION('',(1.,0.,0.));
#4663=DIRECTION('',(0.,-1.,0.));
#4664=DIRECTION('',(-1.,0.,0.));
#4665=DIRECTION('',(0.,0.,1.));
#4666=DIRECTION('',(0.,0.,-1.));
#4667=DIRECTION('',(0.,-1.,0.));
#4668=DIRECTION('',(0.,0.,-1.));
#4669=DIRECTION('',(-1.,0.,0.));
#4670=DIRECTION('',(1.,0.,0.));
#4671=DIRECTION('',(0.,-1.,0.));
#4672=DIRECTION('',(-1.,0.,0.));
#4673=DIRECTION('',(0.,0.,1.));
#4674=DIRECTION('',(0.,0.,-1.));
#4675=DIRECTION('',(0.,0.,-1.));
#4676=DIRECTION('',(-1.,0.,0.));
#4677=DIRECTION('',(1.,0.,0.));
#4678=DIRECTION('',(0.,1.,0.));
#4679=DIRECTION('',(1.,0.,0.));
#4680=DIRECTION('',(0.,-1.,0.));
#4681=DIRECTION('',(0.,0.,-1.));
#4682=DIRECTION('',(0.,0.,-1.));
#4683=DIRECTION('',(1.,0.,0.));
#4684=DIRECTION('',(0.,0.,-1.));
#4685=DIRECTION('',(-1.,0.,0.));
#4686=DIRECTION('',(0.,1.,0.));
#4687=DIRECTION('',(1.,0.,0.));
#4688=DIRECTION('',(0.,-1.,0.));
#4689=DIRECTION('',(0.,0.,-1.));
#4690=DIRECTION('',(0.,0.,-1.));
#4691=DIRECTION('',(0.,0.,-1.));
#4692=DIRECTION('',(-1.,0.,0.));
#4693=DIRECTION('',(1.,0.,0.));
#4694=DIRECTION('',(0.,1.,0.));
#4695=DIRECTION('',(1.,0.,0.));
#4696=DIRECTION('',(0.,-1.,0.));
#4697=DIRECTION('',(0.,0.,-1.));
#4698=DIRECTION('',(0.,0.,-1.));
#4699=DIRECTION('',(1.,0.,0.));
#4700=DIRECTION('',(0.,0.,-1.));
#4701=DIRECTION('',(-1.,0.,0.));
#4702=DIRECTION('',(0.,1.,0.));
#4703=DIRECTION('',(1.,0.,0.));
#4704=DIRECTION('',(0.,-1.,0.));
#4705=DIRECTION('',(0.,0.,-1.));
#4706=DIRECTION('',(0.,0.,-1.));
#4707=DIRECTION('',(0.,0.,-1.));
#4708=DIRECTION('',(-1.,0.,0.));
#4709=DIRECTION('',(1.,0.,0.));
#4710=DIRECTION('',(0.,1.,0.));
#4711=DIRECTION('',(1.,0.,0.));
#4712=DIRECTION('',(0.,-1.,0.));
#4713=DIRECTION('',(0.,0.,-1.));
#4714=DIRECTION('',(0.,0.,-1.));
#4715=DIRECTION('',(1.,0.,0.));
#4716=DIRECTION('',(0.,0.,-1.));
#4717=DIRECTION('',(-1.,0.,0.));
#4718=DIRECTION('',(0.,1.,0.));
#4719=DIRECTION('',(1.,0.,0.));
#4720=DIRECTION('',(0.,-1.,0.));
#4721=DIRECTION('',(0.,0.,-1.));
#4722=DIRECTION('',(0.,0.,-1.));
#4723=DIRECTION('',(0.,-1.,0.));
#4724=DIRECTION('',(0.,0.,-1.));
#4725=DIRECTION('',(-0.295788555409282,0.955253437831495,0.));
#4726=DIRECTION('',(0.955253437831495,0.295788555409282,0.));
#4727=DIRECTION('',(0.295788555409282,0.955253437831495,0.));
#4728=DIRECTION('',(-0.955253437831495,0.295788555409282,0.));
#4729=DIRECTION('',(-1.,0.,0.));
#4730=DIRECTION('',(0.,0.,1.));
#4731=DIRECTION('',(0.955253437831495,-0.295788555409282,0.));
#4732=DIRECTION('',(0.295788555409282,0.955253437831495,0.));
#4733=DIRECTION('',(0.955253437831495,0.295788555409282,0.));
#4734=DIRECTION('',(-0.295788555409282,0.955253437831495,0.));
#4735=DIRECTION('',(1.,0.,0.));
#4736=DIRECTION('',(0.,0.,-1.));
#4737=DIRECTION('',(-0.955253437831495,-0.295788555409282,0.));
#4738=DIRECTION('',(-0.295788555409282,0.955253437831495,0.));
#4739=DIRECTION('',(-0.955253437831495,0.295788555409282,0.));
#4740=DIRECTION('',(0.295788555409282,0.955253437831495,0.));
#4741=DIRECTION('',(0.,1.,0.));
#4742=DIRECTION('',(0.,0.,1.));
#4743=DIRECTION('',(0.295788555409282,-0.955253437831495,0.));
#4744=DIRECTION('',(0.955253437831495,0.295788555409282,0.));
#4745=DIRECTION('',(-0.295788555409282,-0.955253437831495,0.));
#4746=DIRECTION('',(-0.955253437831495,0.295788555409282,0.));
#4747=DIRECTION('',(0.,0.,-1.));
#4748=DIRECTION('',(-1.,0.,0.));
#4749=DIRECTION('',(0.,0.,-1.));
#4750=DIRECTION('',(-1.,0.,0.));
#4751=DIRECTION('',(0.,0.,-1.));
#4752=DIRECTION('',(-1.,0.,0.));
#4753=DIRECTION('',(0.,1.,0.));
#4754=DIRECTION('',(0.,0.,1.));
#4755=DIRECTION('',(0.,1.,0.));
#4756=DIRECTION('',(0.,0.,1.));
#4757=DIRECTION('',(0.,1.,0.));
#4758=DIRECTION('',(0.,0.,1.));
#4759=DIRECTION('',(0.,0.,1.));
#4760=DIRECTION('',(1.,0.,0.));
#4761=DIRECTION('',(0.,0.,1.));
#4762=DIRECTION('',(1.,0.,0.));
#4763=DIRECTION('',(0.,0.,1.));
#4764=DIRECTION('',(1.,0.,0.));
#4765=DIRECTION('',(0.,0.,-1.));
#4766=DIRECTION('',(-1.,0.,0.));
#4767=DIRECTION('',(0.,0.,-1.));
#4768=DIRECTION('',(-1.,0.,0.));
#4769=DIRECTION('',(0.,0.,-1.));
#4770=DIRECTION('',(-1.,0.,0.));
#4771=DIRECTION('',(-1.,0.,0.));
#4772=DIRECTION('',(0.,0.,1.));
#4773=DIRECTION('',(-1.,0.,0.));
#4774=DIRECTION('',(0.,0.,1.));
#4775=DIRECTION('',(-1.,0.,0.));
#4776=DIRECTION('',(0.,0.,1.));
#4777=DIRECTION('',(0.,0.,1.));
#4778=DIRECTION('',(1.,0.,0.));
#4779=DIRECTION('',(0.,0.,1.));
#4780=DIRECTION('',(1.,0.,0.));
#4781=DIRECTION('',(-0.707106781186548,0.,0.707106781186548));
#4782=DIRECTION('',(0.707106781186548,0.,0.707106781186548));
#4783=DIRECTION('',(0.707106781186548,0.,0.707106781186548));
#4784=DIRECTION('',(-0.707106781186548,0.,0.707106781186548));
#4785=DIRECTION('',(1.,0.,0.));
#4786=DIRECTION('',(0.,0.,-1.));
#4787=DIRECTION('',(0.707106781186548,0.,-0.707106781186548));
#4788=DIRECTION('',(-0.707106781186548,0.,-0.707106781186548));
#4789=DIRECTION('',(-1.,0.,0.));
#4790=DIRECTION('',(0.,0.,1.));
#4791=DIRECTION('',(-0.707106781186548,0.,-0.707106781186548));
#4792=DIRECTION('',(0.707106781186548,0.,-0.707106781186548));
#4793=DIRECTION('',(0.,0.,-1.));
#4794=DIRECTION('',(-1.,0.,0.));
#4795=DIRECTION('',(0.,0.,-1.));
#4796=DIRECTION('',(-1.,0.,0.));
#4797=DIRECTION('',(0.,0.,1.));
#4798=DIRECTION('',(1.,0.,0.));
#4799=DIRECTION('',(0.,0.,1.));
#4800=DIRECTION('',(1.,0.,0.));
#4801=DIRECTION('',(0.,-1.,0.));
#4802=DIRECTION('',(0.,0.,-1.));
#4803=DIRECTION('',(0.,-1.,0.));
#4804=DIRECTION('',(0.,0.,-1.));
#4805=DIRECTION('',(0.,-1.,0.));
#4806=DIRECTION('',(0.,0.,-1.));
#4807=DIRECTION('',(0.,0.,1.));
#4808=DIRECTION('',(1.,0.,0.));
#4809=DIRECTION('',(0.,0.,-1.));
#4810=DIRECTION('',(-1.,0.,0.));
#4811=DIRECTION('',(0.,0.707106781186548,-0.707106781186548));
#4812=DIRECTION('',(0.,-0.707106781186548,-0.707106781186548));
#4813=DIRECTION('',(0.,-0.707106781186548,-0.707106781186548));
#4814=DIRECTION('',(0.,0.707106781186548,-0.707106781186548));
#4815=DIRECTION('',(0.,-1.,0.));
#4816=DIRECTION('',(0.,0.,-1.));
#4817=DIRECTION('',(0.,-0.707106781186548,0.707106781186548));
#4818=DIRECTION('',(0.,0.707106781186548,0.707106781186548));
#4819=DIRECTION('',(0.,-0.707106781186548,-0.707106781186548));
#4820=DIRECTION('',(0.,0.707106781186548,-0.707106781186548));
#4821=DIRECTION('',(0.,-0.707106781186548,0.707106781186548));
#4822=DIRECTION('',(0.,0.707106781186548,0.707106781186548));
#4823=DIRECTION('',(0.,1.,0.));
#4824=DIRECTION('',(0.,0.,1.));
#4825=DIRECTION('',(0.,0.707106781186548,0.707106781186548));
#4826=DIRECTION('',(0.,-0.707106781186548,0.707106781186548));
#4827=DIRECTION('',(0.,0.707106781186548,0.707106781186548));
#4828=DIRECTION('',(0.,-0.707106781186548,0.707106781186548));
#4829=DIRECTION('',(0.,0.707106781186548,-0.707106781186548));
#4830=DIRECTION('',(0.,-0.707106781186548,-0.707106781186548));
#4831=DIRECTION('',(0.,0.,1.));
#4832=DIRECTION('',(1.,0.,0.));
#4833=DIRECTION('',(0.,0.,1.));
#4834=DIRECTION('',(0.,0.,-1.));
#4835=DIRECTION('',(-1.,0.,0.));
#4836=DIRECTION('',(0.,0.,1.));
#4837=DIRECTION('',(1.,0.,0.));
#4838=DIRECTION('',(0.,0.,-1.));
#4839=DIRECTION('',(-1.,0.,0.));
#4840=DIRECTION('',(0.,0.707106781186548,-0.707106781186548));
#4841=DIRECTION('',(0.,-0.707106781186548,-0.707106781186548));
#4842=DIRECTION('',(0.,-0.707106781186548,-0.707106781186548));
#4843=DIRECTION('',(0.,0.707106781186548,-0.707106781186548));
#4844=DIRECTION('',(0.,-1.,0.));
#4845=DIRECTION('',(0.,0.,-1.));
#4846=DIRECTION('',(0.,-0.707106781186548,0.707106781186548));
#4847=DIRECTION('',(0.,0.707106781186548,0.707106781186548));
#4848=DIRECTION('',(0.,1.,0.));
#4849=DIRECTION('',(0.,0.,1.));
#4850=DIRECTION('',(0.,0.707106781186548,0.707106781186548));
#4851=DIRECTION('',(0.,-0.707106781186548,0.707106781186548));
#4852=DIRECTION('',(0.,0.,1.));
#4853=DIRECTION('',(1.,0.,0.));
#4854=DIRECTION('',(0.,0.,1.));
#4855=DIRECTION('',(1.,0.,0.));
#4856=DIRECTION('',(-1.,0.,0.));
#4857=DIRECTION('',(0.,0.,1.));
#4858=DIRECTION('',(1.,0.,0.));
#4859=DIRECTION('',(0.,0.,-1.));
#4860=DIRECTION('',(-1.,0.,0.));
#4861=DIRECTION('',(0.,0.,1.));
#4862=DIRECTION('',(0.,0.,1.));
#4863=DIRECTION('',(1.,0.,0.));
#4864=DIRECTION('',(0.,0.,-1.));
#4865=DIRECTION('',(-1.,0.,0.));
#4866=DIRECTION('',(0.707106781186548,0.,-0.707106781186548));
#4867=DIRECTION('',(0.707106781186548,0.,0.707106781186548));
#4868=DIRECTION('',(-0.707106781186548,0.,-0.707106781186548));
#4869=DIRECTION('',(-0.707106781186548,0.,0.707106781186548));
#4870=DIRECTION('',(-1.,0.,0.));
#4871=DIRECTION('',(0.,0.,1.));
#4872=DIRECTION('',(-0.707106781186548,0.,0.707106781186548));
#4873=DIRECTION('',(0.707106781186548,0.,0.707106781186548));
#4874=DIRECTION('',(1.,0.,0.));
#4875=DIRECTION('',(0.,0.,-1.));
#4876=DIRECTION('',(0.707106781186548,0.,0.707106781186548));
#4877=DIRECTION('',(-0.707106781186548,0.,0.707106781186548));
#4878=DIRECTION('',(0.,0.,1.));
#4879=DIRECTION('',(1.,0.,0.));
#4880=DIRECTION('',(0.,1.,0.));
#4881=DIRECTION('',(0.,0.,1.));
#4882=DIRECTION('',(0.707106781186548,0.707106781186548,0.));
#4883=DIRECTION('',(-0.707106781186548,0.707106781186548,0.));
#4884=DIRECTION('',(-0.707106781186548,0.707106781186548,0.));
#4885=DIRECTION('',(0.707106781186548,0.707106781186548,0.));
#4886=DIRECTION('',(-1.,1.81836842345577E-16,0.));
#4887=DIRECTION('',(-1.81836842345577E-16,-1.,0.));
#4888=DIRECTION('',(-0.707106781186548,-0.707106781186548,0.));
#4889=DIRECTION('',(0.707106781186548,-0.707106781186548,0.));
#4890=DIRECTION('',(1.,-1.81836842345577E-16,0.));
#4891=DIRECTION('',(1.81836842345577E-16,1.,0.));
#4892=DIRECTION('',(0.707106781186548,-0.707106781186548,0.));
#4893=DIRECTION('',(-0.707106781186548,-0.707106781186548,0.));
#4894=DIRECTION('',(0.,-1.,0.));
#4895=DIRECTION('',(0.,0.,-1.));
#4896=DIRECTION('',(0.,0.,1.));
#4897=DIRECTION('',(1.,0.,0.));
#4898=DIRECTION('',(0.,0.,1.));
#4899=DIRECTION('',(1.,0.,0.));
#4900=DIRECTION('',(0.,0.,1.));
#4901=DIRECTION('',(1.,0.,0.));
#4902=DIRECTION('',(0.,0.,1.));
#4903=DIRECTION('',(1.,0.,0.));
#4904=DIRECTION('',(0.,1.,0.));
#4905=DIRECTION('',(0.,0.,1.));
#4906=DIRECTION('',(1.,0.,0.));
#4907=DIRECTION('',(0.,0.,-1.));
#4908=DIRECTION('',(1.,0.,0.));
#4909=DIRECTION('',(0.,0.,-1.));
#4910=DIRECTION('',(-1.,0.,0.));
#4911=DIRECTION('',(0.,0.,1.));
#4912=DIRECTION('',(0.,1.,0.));
#4913=DIRECTION('',(0.,0.,-1.));
#4914=DIRECTION('',(0.,1.,0.));
#4915=DIRECTION('',(0.,-1.,0.));
#4916=DIRECTION('',(0.,0.,-1.));
#4917=DIRECTION('',(-1.,0.,0.));
#4918=DIRECTION('',(0.,0.,-1.));
#4919=DIRECTION('',(-1.,0.,0.));
#4920=DIRECTION('',(0.,0.,-1.));
#4921=DIRECTION('',(0.,0.,-1.));
#4922=DIRECTION('',(0.,0.,-1.));
#4923=DIRECTION('',(0.,0.,-1.));
#4924=DIRECTION('',(0.,0.,-1.));
#4925=DIRECTION('',(0.693694116768613,0.720269721951862,0.));
#4926=DIRECTION('',(0.,0.,-1.));
#4927=DIRECTION('',(-1.,0.,0.));
#4928=DIRECTION('',(0.,0.,-1.));
#4929=DIRECTION('',(0.,0.,-1.));
#4930=DIRECTION('',(-1.,0.,0.));
#4931=DIRECTION('',(1.,0.,0.));
#4932=DIRECTION('',(0.,0.,-1.));
#4933=DIRECTION('',(0.,0.,-1.));
#4934=DIRECTION('',(0.,-1.,0.));
#4935=DIRECTION('',(0.,0.,-1.));
#4936=DIRECTION('',(0.,-1.,0.));
#4937=DIRECTION('',(0.,0.,-1.));
#4938=DIRECTION('',(0.,0.,-1.));
#4939=DIRECTION('',(-1.,0.,0.));
#4940=DIRECTION('',(-1.,0.,0.));
#4941=DIRECTION('',(0.,0.,1.));
#4942=DIRECTION('',(0.,0.,-1.));
#4943=DIRECTION('',(0.,1.,0.));
#4944=DIRECTION('',(0.,-1.,0.));
#4945=DIRECTION('',(0.,0.,-1.));
#4946=DIRECTION('',(0.,0.,-1.));
#4947=DIRECTION('',(-1.,0.,0.));
#4948=DIRECTION('',(0.,0.,-1.));
#4949=DIRECTION('',(0.,0.,-1.));
#4950=DIRECTION('',(0.,0.,-1.));
#4951=DIRECTION('',(0.,0.,-1.));
#4952=DIRECTION('',(0.,0.,-1.));
#4953=DIRECTION('',(0.,0.,-1.));
#4954=DIRECTION('',(0.,1.,0.));
#4955=DIRECTION('',(0.,0.,1.));
#4956=DIRECTION('',(1.,0.,0.));
#4957=DIRECTION('',(0.,0.,-1.));
#4958=DIRECTION('',(1.,0.,0.));
#4959=DIRECTION('',(1.,0.,0.));
#4960=DIRECTION('',(0.,0.,-1.));
#4961=DIRECTION('',(0.,0.,-1.));
#4962=DIRECTION('',(0.,-1.,0.));
#4963=DIRECTION('',(0.,0.,-1.));
#4964=DIRECTION('',(0.,-1.,0.));
#4965=DIRECTION('',(0.,0.,-1.));
#4966=DIRECTION('',(0.,0.,-1.));
#4967=DIRECTION('',(-1.,0.,0.));
#4968=DIRECTION('',(-1.,0.,0.));
#4969=DIRECTION('',(0.,0.,1.));
#4970=DIRECTION('',(0.,0.,-1.));
#4971=DIRECTION('',(0.,1.,0.));
#4972=DIRECTION('',(-0.875047141831715,-0.484037704700933,0.));
#4973=DIRECTION('',(0.484037704700933,-0.875047141831715,0.));
#4974=DIRECTION('',(0.,0.,-1.));
#4975=DIRECTION('',(-0.484037704700933,0.875047141831715,0.));
#4976=DIRECTION('',(0.925934612024195,-0.377683854904606,0.));
#4977=DIRECTION('',(0.377683854904606,0.925934612024195,0.));
#4978=DIRECTION('',(0.,0.,-1.));
#4979=DIRECTION('',(-0.377683854904606,-0.925934612024195,0.));
#4980=DIRECTION('',(0.,-1.,0.));
#4981=DIRECTION('',(0.,0.,-1.));
#4982=DIRECTION('',(0.,0.,-1.));
#4983=DIRECTION('',(-1.,0.,0.));
#4984=DIRECTION('',(-0.925093896516073,0.379738439756512,0.));
#4985=DIRECTION('',(-0.379738439756512,-0.925093896516073,0.));
#4986=DIRECTION('',(0.,0.,-1.));
#4987=DIRECTION('',(0.379738439756512,0.925093896516073,0.));
#4988=DIRECTION('',(-0.912555582085604,-0.408952698492629,0.));
#4989=DIRECTION('',(0.408952698492629,-0.912555582085604,0.));
#4990=DIRECTION('',(0.,0.,-1.));
#4991=DIRECTION('',(-0.408952698492629,0.912555582085604,0.));
#4992=DIRECTION('',(0.,1.,0.));
#4993=DIRECTION('',(0.,0.,1.));
#4994=DIRECTION('',(0.,0.,-1.));
#4995=DIRECTION('',(1.,0.,0.));
#4996=DIRECTION('',(0.899012140326485,0.437923705165171,0.));
#4997=DIRECTION('',(-0.437923705165171,0.899012140326486,0.));
#4998=DIRECTION('',(0.,0.,-1.));
#4999=DIRECTION('',(0.437923705165171,-0.899012140326485,0.));
#5000=DIRECTION('',(-1.,0.,0.));
#5001=DIRECTION('',(0.,0.,1.));
#5002=DIRECTION('',(0.,0.,-1.));
#5003=DIRECTION('',(0.,1.,0.));
#5004=DIRECTION('',(0.,1.,0.));
#5005=DIRECTION('',(0.,0.,1.));
#5006=DIRECTION('',(1.,0.,0.));
#5007=DIRECTION('',(0.,0.,-1.));
#5008=DIRECTION('',(1.,0.,0.));
#5009=DIRECTION('',(1.,0.,0.));
#5010=DIRECTION('',(0.,0.,-1.));
#5011=DIRECTION('',(0.,0.,-1.));
#5012=DIRECTION('',(0.,-1.,0.));
#5013=DIRECTION('',(0.,0.,-1.));
#5014=DIRECTION('',(0.,-1.,0.));
#5015=DIRECTION('',(0.,0.,-1.));
#5016=DIRECTION('',(0.,0.,-1.));
#5017=DIRECTION('',(-1.,0.,0.));
#5018=DIRECTION('',(-1.,0.,0.));
#5019=DIRECTION('',(0.,0.,1.));
#5020=DIRECTION('',(0.,0.,-1.));
#5021=DIRECTION('',(0.,1.,0.));
#5022=DIRECTION('',(0.,1.,0.));
#5023=DIRECTION('',(0.,0.,1.));
#5024=DIRECTION('',(0.,0.,-1.));
#5025=DIRECTION('',(1.,0.,0.));
#5026=DIRECTION('',(-1.,0.,0.));
#5027=DIRECTION('',(0.,0.,1.));
#5028=DIRECTION('',(0.,0.,-1.));
#5029=DIRECTION('',(0.,1.,0.));
#5030=DIRECTION('',(0.,-1.,0.));
#5031=DIRECTION('',(0.,0.,-1.));
#5032=DIRECTION('',(0.,0.,-1.));
#5033=DIRECTION('',(-1.,0.,0.));
#5034=DIRECTION('',(-1.,0.,0.));
#5035=DIRECTION('',(0.,0.,1.));
#5036=DIRECTION('',(0.,0.,-1.));
#5037=DIRECTION('',(0.,1.,0.));
#5038=DIRECTION('',(0.,1.,0.));
#5039=DIRECTION('',(0.,0.,1.));
#5040=DIRECTION('',(0.,0.,-1.));
#5041=DIRECTION('',(1.,0.,0.));
#5042=DIRECTION('',(-1.,0.,0.));
#5043=DIRECTION('',(0.,0.,1.));
#5044=DIRECTION('',(0.,0.,-1.));
#5045=DIRECTION('',(0.,1.,0.));
#5046=DIRECTION('',(0.,-1.,0.));
#5047=DIRECTION('',(0.,0.,-1.));
#5048=DIRECTION('',(0.,0.,-1.));
#5049=DIRECTION('',(-1.,0.,0.));
#5050=DIRECTION('',(-1.,0.,0.));
#5051=DIRECTION('',(0.,0.,1.));
#5052=DIRECTION('',(0.,0.,-1.));
#5053=DIRECTION('',(0.,1.,0.));
#5054=DIRECTION('',(0.,1.,0.));
#5055=DIRECTION('',(0.,0.,1.));
#5056=DIRECTION('',(1.,0.,0.));
#5057=DIRECTION('',(0.,0.,-1.));
#5058=DIRECTION('',(1.,0.,0.));
#5059=DIRECTION('',(0.,0.,-1.));
#5060=DIRECTION('',(0.,0.,-1.));
#5061=DIRECTION('',(0.,0.,-1.));
#5062=DIRECTION('',(0.,0.,-1.));
#5063=DIRECTION('',(0.,0.,-1.));
#5064=DIRECTION('',(-1.,0.,0.));
#5065=DIRECTION('',(0.,0.,1.));
#5066=DIRECTION('',(0.,0.,-1.));
#5067=DIRECTION('',(0.,1.,0.));
#5068=DIRECTION('',(0.,1.,0.));
#5069=DIRECTION('',(0.,0.,1.));
#5070=DIRECTION('',(0.,0.,-1.));
#5071=DIRECTION('',(1.,0.,0.));
#5072=DIRECTION('',(1.,0.,0.));
#5073=DIRECTION('',(0.,0.,-1.));
#5074=DIRECTION('',(0.,0.,-1.));
#5075=DIRECTION('',(0.,-1.,0.));
#5076=DIRECTION('',(0.,0.,-1.));
#5077=DIRECTION('',(0.,0.,-1.));
#5078=DIRECTION('',(0.,0.,-1.));
#5079=DIRECTION('',(0.,0.,-1.));
#5080=DIRECTION('',(0.,0.,-1.));
#5081=DIRECTION('',(0.,0.,-1.));
#5082=DIRECTION('',(-1.,0.,0.));
#5083=DIRECTION('',(0.,0.,1.));
#5084=DIRECTION('',(0.,0.,-1.));
#5085=DIRECTION('',(0.,1.,0.));
#5086=DIRECTION('',(0.,1.,0.));
#5087=DIRECTION('',(0.,0.,1.));
#5088=DIRECTION('',(0.,0.,-1.));
#5089=DIRECTION('',(1.,0.,0.));
#5090=DIRECTION('',(1.,0.,0.));
#5091=DIRECTION('',(0.,0.,-1.));
#5092=DIRECTION('',(0.,0.,-1.));
#5093=DIRECTION('',(0.,-1.,0.));
#5094=DIRECTION('',(0.,0.,-1.));
#5095=DIRECTION('',(0.,0.,-1.));
#5096=DIRECTION('',(1.,0.,0.));
#5097=DIRECTION('',(0.,1.,0.));
#5098=DIRECTION('',(0.,0.,1.));
#5099=DIRECTION('',(1.,0.,0.));
#5100=DIRECTION('',(0.,0.,-1.));
#5101=DIRECTION('',(1.,0.,0.));
#5102=DIRECTION('',(0.,0.,-1.));
#5103=DIRECTION('',(-0.983626467756193,-0.180219232962179,0.));
#5104=DIRECTION('',(0.180219232962179,-0.983626467756193,0.));
#5105=DIRECTION('',(-0.180219232962179,0.983626467756193,0.));
#5106=DIRECTION('',(0.,0.,-1.));
#5107=DIRECTION('',(-0.180219232962179,0.983626467756193,0.));
#5108=DIRECTION('',(0.978220194260497,0.207569871467312,0.));
#5109=DIRECTION('',(-0.207569871467312,0.978220194260497,0.));
#5110=DIRECTION('',(0.,0.,-1.));
#5111=DIRECTION('',(0.207569871467312,-0.978220194260497,0.));
#5112=DIRECTION('',(0.,0.,-1.));
#5113=DIRECTION('',(0.,-1.,0.));
#5114=DIRECTION('',(0.,0.,-1.));
#5115=DIRECTION('',(0.,0.,-1.));
#5116=DIRECTION('',(-1.,0.,0.));
#5117=DIRECTION('',(-0.982167012447877,-0.188010530713606,0.));
#5118=DIRECTION('',(0.188010530713606,-0.982167012447877,0.));
#5119=DIRECTION('',(0.,0.,-1.));
#5120=DIRECTION('',(-0.188010530713606,0.982167012447877,0.));
#5121=DIRECTION('',(0.,-1.,0.));
#5122=DIRECTION('',(0.,0.,-1.));
#5123=DIRECTION('',(0.,0.,-1.));
#5124=DIRECTION('',(-1.,0.,0.));
#5125=DIRECTION('',(0.984062232380625,-0.177824415652241,0.));
#5126=DIRECTION('',(0.177824415652241,0.984062232380625,0.));
#5127=DIRECTION('',(0.,0.,-1.));
#5128=DIRECTION('',(-0.177824415652241,-0.984062232380625,0.));
#5129=DIRECTION('',(0.,-1.,0.));
#5130=DIRECTION('',(0.,0.,-1.));
#5131=DIRECTION('',(0.,0.,-1.));
#5132=DIRECTION('',(-1.,0.,0.));
#5133=DIRECTION('',(-0.97795124452012,0.208833338673568,0.));
#5134=DIRECTION('',(-0.208833338673568,-0.97795124452012,0.));
#5135=DIRECTION('',(0.,0.,-1.));
#5136=DIRECTION('',(0.208833338673568,0.97795124452012,0.));
#5137=DIRECTION('',(0.,1.,0.));
#5138=DIRECTION('',(0.,0.,1.));
#5139=DIRECTION('',(1.,0.,0.));
#5140=DIRECTION('',(0.983024296911539,-0.183475425279722,0.));
#5141=DIRECTION('',(0.183475425279722,0.983024296911539,0.));
#5142=DIRECTION('',(-0.183475425279722,-0.983024296911539,0.));
#5143=DIRECTION('',(-0.183475425279722,-0.983024296911539,0.));
#5144=DIRECTION('',(0.,0.,-1.));
#5145=DIRECTION('',(1.,0.,0.));
#5146=DIRECTION('',(0.986974247091354,-0.160878325384297,0.));
#5147=DIRECTION('',(0.160878325384297,0.986974247091354,0.));
#5148=DIRECTION('',(0.,0.,-1.));
#5149=DIRECTION('',(-0.160878325384297,-0.986974247091354,0.));
#5150=DIRECTION('',(0.,0.,-1.));
#5151=DIRECTION('',(0.,-1.,0.));
#5152=DIRECTION('',(0.,0.,-1.));
#5153=DIRECTION('',(0.,0.,-1.));
#5154=DIRECTION('',(-1.,0.,0.));
#5155=DIRECTION('',(-0.982452590863652,-0.186512484046772,0.));
#5156=DIRECTION('',(0.186512484046772,-0.982452590863652,0.));
#5157=DIRECTION('',(0.,0.,-1.));
#5158=DIRECTION('',(-0.186512484046772,0.982452590863652,0.));
#5159=DIRECTION('',(0.982732841124685,-0.185030167743007,0.));
#5160=DIRECTION('',(0.185030167743007,0.982732841124685,0.));
#5161=DIRECTION('',(0.,0.,-1.));
#5162=DIRECTION('',(-0.185030167743007,-0.982732841124685,0.));
#5163=DIRECTION('',(0.,-1.,0.));
#5164=DIRECTION('',(0.,0.,-1.));
#5165=DIRECTION('',(0.,0.,-1.));
#5166=DIRECTION('',(-1.,0.,0.));
#5167=DIRECTION('',(-0.987364450794347,-0.158465899510204,0.));
#5168=DIRECTION('',(0.158465899510204,-0.987364450794347,0.));
#5169=DIRECTION('',(0.,0.,-1.));
#5170=DIRECTION('',(-0.158465899510204,0.987364450794347,0.));
#5171=DIRECTION('',(0.,1.,0.));
#5172=DIRECTION('',(0.,0.,1.));
#5173=DIRECTION('',(0.,0.,-1.));
#5174=DIRECTION('',(1.,0.,0.));
#5175=DIRECTION('',(0.989608333143059,0.143789244986598,0.));
#5176=DIRECTION('',(-0.143789244986598,0.989608333143059,0.));
#5177=DIRECTION('',(0.,0.,-1.));
#5178=DIRECTION('',(0.143789244986599,-0.989608333143059,0.));
#5179=DIRECTION('',(-0.982605387277926,0.185705823528499,0.));
#5180=DIRECTION('',(-0.185705823528499,-0.982605387277926,0.));
#5181=DIRECTION('',(0.,0.,-1.));
#5182=DIRECTION('',(0.185705823528499,0.982605387277926,0.));
#5183=DIRECTION('',(0.,1.,0.));
#5184=DIRECTION('',(0.,0.,1.));
#5185=DIRECTION('',(0.,0.,-1.));
#5186=DIRECTION('',(1.,0.,0.));
#5187=DIRECTION('',(0.982769965557924,0.184832883430619,0.));
#5188=DIRECTION('',(-0.184832883430619,0.982769965557924,0.));
#5189=DIRECTION('',(0.,0.,-1.));
#5190=DIRECTION('',(0.184832883430619,-0.982769965557924,0.));
#5191=DIRECTION('',(-0.989004409781714,0.147886028523065,0.));
#5192=DIRECTION('',(-0.147886028523065,-0.989004409781714,0.));
#5193=DIRECTION('',(0.,0.,-1.));
#5194=DIRECTION('',(0.147886028523065,0.989004409781713,0.));
#5195=DIRECTION('',(0.,1.,0.));
#5196=DIRECTION('',(0.,0.,1.));
#5197=DIRECTION('',(1.,0.,0.));
#5198=DIRECTION('',(0.,0.,-1.));
#5199=DIRECTION('',(1.,0.,0.));
#5200=DIRECTION('',(0.,0.,1.));
#5201=DIRECTION('',(1.,0.,0.));
#5202=DIRECTION('',(0.,0.,1.));
#5203=DIRECTION('',(1.,0.,0.));
#5204=CARTESIAN_POINT('',(0.,0.,0.));
#5205=CARTESIAN_POINT('',(-3.50921171154636E-5,-0.00863626452086404,0.0035));
#5206=CARTESIAN_POINT('',(-0.0216799801589029,-0.0316308756591752,0.0035));
#5207=CARTESIAN_POINT('',(-0.0233243708935334,-0.0238813105970621,0.0035));
#5208=CARTESIAN_POINT('',(-0.0200355894242724,-0.0393804407212884,0.0035));
#5209=CARTESIAN_POINT('',(-0.0189921487581159,-0.0393804407212884,0.0035));
#5210=CARTESIAN_POINT('',(-0.0179487080919595,-0.0393804407212884,0.0035));
#5211=CARTESIAN_POINT('',(-0.0162938530526541,-0.0316308756591752,0.0035));
#5212=CARTESIAN_POINT('',(-0.0146389980133487,-0.0238813105970621,0.0035));
#5213=CARTESIAN_POINT('',(-0.0156630049708232,-0.0238813105970621,0.0035));
#5214=CARTESIAN_POINT('',(-0.0166870119282976,-0.0238813105970621,0.0035));
#5215=CARTESIAN_POINT('',(-0.0170398084859092,-0.0258336508692689,0.0035));
#5216=CARTESIAN_POINT('',(-0.0173926050435208,-0.0277859911414756,0.0035));
#5217=CARTESIAN_POINT('',(-0.0189712201487661,-0.0277859911414756,0.0035));
#5218=CARTESIAN_POINT('',(-0.0205498352540113,-0.0277859911414756,0.0035));
#5219=CARTESIAN_POINT('',(-0.0209235604209729,-0.0258336508692689,0.0035));
#5220=CARTESIAN_POINT('',(-0.0212972855879343,-0.0238813105970621,0.0035));
#5221=CARTESIAN_POINT('',(-0.0223108282407339,-0.0238813105970621,0.0035));
#5222=CARTESIAN_POINT('',(-0.00359766168063895,-0.0316308756591752,0.0035));
#5223=CARTESIAN_POINT('',(-0.00359766168063895,-0.0238813105970621,0.0035));
#5224=CARTESIAN_POINT('',(-0.00359766168063895,-0.0393804407212884,0.0035));
#5225=CARTESIAN_POINT('',(-0.000592911338268706,-0.0393804407212884,0.0035));
#5226=CARTESIAN_POINT('',(0.00241183900410154,-0.0393804407212884,0.0035));
#5227=CARTESIAN_POINT('',(0.00241183900410154,-0.0385761841619872,0.0035));
#5228=CARTESIAN_POINT('',(0.00241183900410154,-0.0377719276026861,0.0035));
#5229=CARTESIAN_POINT('',(0.000487901844583874,-0.0377719276026861,0.0035));
#5230=CARTESIAN_POINT('',(-0.00143603531493379,-0.0377719276026861,0.0035));
#5231=CARTESIAN_POINT('',(-0.00143603531493379,-0.0352081729573305,0.0035));
#5232=CARTESIAN_POINT('',(-0.00143603531493379,-0.0326444183119747,0.0035));
#5233=CARTESIAN_POINT('',(0.000124640982297322,-0.0326444183119747,0.0035));
#5234=CARTESIAN_POINT('',(0.00168531727952843,-0.0326444183119747,0.0035));
#5235=CARTESIAN_POINT('',(0.00168531727952843,-0.0318790291700376,0.0035));
#5236=CARTESIAN_POINT('',(0.00168531727952843,-0.0311136400281006,0.0035));
#5237=CARTESIAN_POINT('',(0.000124640982297322,-0.0311136400281006,0.0035));
#5238=CARTESIAN_POINT('',(-0.00143603531493379,-0.0311136400281006,0.0035));
#5239=CARTESIAN_POINT('',(-0.00143603531493379,-0.0282718338585255,0.0035));
#5240=CARTESIAN_POINT('',(-0.00143603531493379,-0.0254300276889504,0.0035));
#5241=CARTESIAN_POINT('',(0.000507335553265872,-0.0254300276889504,0.0035));
#5242=CARTESIAN_POINT('',(0.00245070642146554,-0.0254300276889504,0.0035));
#5243=CARTESIAN_POINT('',(0.00245070642146554,-0.0246556691430063,0.0035));
#5244=CARTESIAN_POINT('',(0.00245070642146554,-0.0238813105970621,0.0035));
#5245=CARTESIAN_POINT('',(-0.000573477629586709,-0.0238813105970621,0.0035));
#5246=CARTESIAN_POINT('',(0.0189633791984913,-0.0316308756591752,0.0035));
#5247=CARTESIAN_POINT('',(0.0189633791984913,-0.0238813105970621,0.0035));
#5248=CARTESIAN_POINT('',(0.0189633791984913,-0.0393804407212884,0.0035));
#5249=CARTESIAN_POINT('',(0.020887316358009,-0.0393804407212884,0.0035));
#5250=CARTESIAN_POINT('',(0.0228112535175266,-0.0393804407212884,0.0035));
#5251=CARTESIAN_POINT('',(0.0228112535175266,-0.0393804407212884,0.0035));
#5252=CARTESIAN_POINT('',(0.0242074907412947,-0.0393804407212884,0.0035));
#5253=CARTESIAN_POINT('',(0.0250401504132848,-0.0388736693948885,0.0035));
#5254=CARTESIAN_POINT('',(0.0250401504132848,-0.0388736693948885,0.0035));
#5255=CARTESIAN_POINT('',(0.0250401504132848,-0.0388736693948885,0.0035));
#5256=CARTESIAN_POINT('',(0.025872810085275,-0.0383668980684888,0.0035));
#5257=CARTESIAN_POINT('',(0.0262555046562435,-0.0374101616410674,0.0035));
#5258=CARTESIAN_POINT('',(0.0262555046562435,-0.0374101616410674,0.0035));
#5259=CARTESIAN_POINT('',(0.0262555046562435,-0.0374101616410674,0.0035));
#5260=CARTESIAN_POINT('',(0.026638199227212,-0.036453425213646,0.0035));
#5261=CARTESIAN_POINT('',(0.026638199227212,-0.0350930656059063,0.0035));
#5262=CARTESIAN_POINT('',(0.026638199227212,-0.0350930656059063,0.0035));
#5263=CARTESIAN_POINT('',(0.026638199227212,-0.0350930656059063,0.0035));
#5264=CARTESIAN_POINT('',(0.026638199227212,-0.0338702368596084,0.0035));
#5265=CARTESIAN_POINT('',(0.0262076678348724,-0.0329703066575651,0.0035));
#5266=CARTESIAN_POINT('',(0.0262076678348724,-0.0329703066575651,0.0035));
#5267=CARTESIAN_POINT('',(0.0262076678348724,-0.0329703066575651,0.0035));
#5268=CARTESIAN_POINT('',(0.0257771364425328,-0.0320703764555219,0.0035));
#5269=CARTESIAN_POINT('',(0.0249340124658677,-0.0315830388378041,0.0035));
#5270=CARTESIAN_POINT('',(0.0249340124658677,-0.0315830388378041,0.0035));
#5271=CARTESIAN_POINT('',(0.0249340124658677,-0.0315830388378041,0.0035));
#5272=CARTESIAN_POINT('',(0.0240908884892026,-0.0310957012200864,0.0035));
#5273=CARTESIAN_POINT('',(0.0228291923255407,-0.0310957012200864,0.0035));
#5274=CARTESIAN_POINT('',(0.0228291923255407,-0.0310957012200864,0.0035));
#5275=CARTESIAN_POINT('',(0.0219770989448686,-0.0310957012200864,0.0035));
#5276=CARTESIAN_POINT('',(0.0211250055641964,-0.0310957012200864,0.0035));
#5277=CARTESIAN_POINT('',(0.0211250055641964,-0.0274885059085743,0.0035));
#5278=CARTESIAN_POINT('',(0.0211250055641964,-0.0238813105970621,0.0035));
#5279=CARTESIAN_POINT('',(0.0200441923813438,-0.0238813105970621,0.0035));
#5280=CARTESIAN_POINT('',(0.0384549078828846,0.00651798053077222,0.0035));
#5281=CARTESIAN_POINT('',(0.0384549078828846,-0.0133924026265741,0.0035));
#5282=CARTESIAN_POINT('',(0.0384549078828846,0.00751798053077223,0.0035));
#5283=CARTESIAN_POINT('',(-3.50921171154607E-5,0.00751798053077224,0.0035));
#5284=CARTESIAN_POINT('',(-0.0398650921171154,0.00751798053077224,0.0035));
#5285=CARTESIAN_POINT('',(-0.0398650921171154,-0.00863626452086404,0.0035));
#5286=CARTESIAN_POINT('',(-0.0398650921171154,-0.013392402626574,0.0035));
#5287=CARTESIAN_POINT('',(0.0374549078828846,-0.0133924026265741,0.0035));
#5288=CARTESIAN_POINT('',(0.0525375302868411,-0.0436020194692278,0.0035));
#5289=CARTESIAN_POINT('',(0.0551375302868411,-0.0436020194692278,0.0035));
#5290=CARTESIAN_POINT('',(-0.0531753580674673,-0.0436020194692278,0.0035));
#5291=CARTESIAN_POINT('',(-0.0505753580674673,-0.0436020194692278,0.0035));
#5292=CARTESIAN_POINT('',(-3.50921171154636E-5,0.0333294904274997,0.0035));
#5293=CARTESIAN_POINT('',(-0.0514584695534333,0.0333294904274997,0.0035));
#5294=CARTESIAN_POINT('',(0.0508206417728071,0.0333294904274997,0.0035));
#5295=CARTESIAN_POINT('',(0.0525375302868411,0.0313769808038671,0.0035));
#5296=CARTESIAN_POINT('',(0.0542544188008751,0.0333294904274997,0.0035));
#5297=CARTESIAN_POINT('',(-3.50921171154636E-5,0.0333294904274997,0.0035));
#5298=CARTESIAN_POINT('',(0.0557149078828845,0.0333294904274997,0.0035));
#5299=CARTESIAN_POINT('',(0.0557149078828845,-0.00863626452086404,0.0035));
#5300=CARTESIAN_POINT('',(0.0557149078828845,-0.0506020194692278,0.0035));
#5301=CARTESIAN_POINT('',(-0.0557850921171155,-0.0506020194692278,0.0035));
#5302=CARTESIAN_POINT('',(-0.0557850921171155,-0.0506020194692278,0.0035));
#5303=CARTESIAN_POINT('',(-0.0557850921171155,0.0343294904274997,0.0035));
#5304=CARTESIAN_POINT('',(-0.0557850921171155,0.0333294904274997,0.0035));
#5305=CARTESIAN_POINT('',(-3.50921171154636E-5,0.0333294904274997,0.0035));
#5306=CARTESIAN_POINT('',(-0.0548922465815013,0.0333294904274997,0.0035));
#5307=CARTESIAN_POINT('',(-0.0531753580674673,0.0313769808038671,0.0035));
#5308=CARTESIAN_POINT('',(-0.0130693523121105,-0.0316308756591752,0.0035));
#5309=CARTESIAN_POINT('',(-0.0130693523121105,-0.0238813105970621,0.0035));
#5310=CARTESIAN_POINT('',(-0.0130693523121105,-0.0393804407212884,0.0035));
#5311=CARTESIAN_POINT('',(-0.0119885391292579,-0.0393804407212884,0.0035));
#5312=CARTESIAN_POINT('',(-0.0109077259464054,-0.0393804407212884,0.0035));
#5313=CARTESIAN_POINT('',(-0.0109077259464054,-0.0357254085884051,0.0035));
#5314=CARTESIAN_POINT('',(-0.0109077259464054,-0.0320703764555219,0.0035));
#5315=CARTESIAN_POINT('',(-0.0091272992510009,-0.0357254085884051,0.0035));
#5316=CARTESIAN_POINT('',(-0.00734687255559645,-0.0393804407212884,0.0035));
#5317=CARTESIAN_POINT('',(-0.00634229930680401,-0.0393804407212884,0.0035));
#5318=CARTESIAN_POINT('',(-0.00533772605801157,-0.0393804407212883,0.0035));
#5319=CARTESIAN_POINT('',(-0.00686850434188576,-0.0359645926952604,0.0035));
#5320=CARTESIAN_POINT('',(-0.00839928262575996,-0.0325487446692326,0.0035));
#5321=CARTESIAN_POINT('',(-0.00662035083102334,-0.0282150276331474,0.0035));
#5322=CARTESIAN_POINT('',(-0.00484141903628673,-0.0238813105970621,0.0035));
#5323=CARTESIAN_POINT('',(-0.00589382910645024,-0.0238813105970621,0.0035));
#5324=CARTESIAN_POINT('',(-0.00694623917661375,-0.0238813105970621,0.0035));
#5325=CARTESIAN_POINT('',(-0.00842918063911687,-0.0275169090212633,0.0035));
#5326=CARTESIAN_POINT('',(-0.00991212210162,-0.0311525074454646,0.0035));
#5327=CARTESIAN_POINT('',(-0.0104099240240127,-0.0302525772434213,0.0035));
#5328=CARTESIAN_POINT('',(-0.0109077259464054,-0.0293526470413781,0.0035));
#5329=CARTESIAN_POINT('',(-0.0109077259464054,-0.0266169788192201,0.0035));
#5330=CARTESIAN_POINT('',(-0.0109077259464054,-0.0238813105970621,0.0035));
#5331=CARTESIAN_POINT('',(-0.0119885391292579,-0.0238813105970621,0.0035));
#5332=CARTESIAN_POINT('',(0.0125741737441179,-0.023707902119592,0.0035));
#5333=CARTESIAN_POINT('',(0.0108909155921234,-0.023707902119592,0.0035));
#5334=CARTESIAN_POINT('',(0.00999098539008021,-0.0243776176187869,0.0035));
#5335=CARTESIAN_POINT('',(0.0125741737441179,-0.023707902119592,0.0035));
#5336=CARTESIAN_POINT('',(0.00999098539008021,-0.0243776176187869,0.0035));
#5337=CARTESIAN_POINT('',(0.00999098539008021,-0.0243776176187869,0.0035));
#5338=CARTESIAN_POINT('',(0.00909105518803698,-0.0250473331179819,0.0035));
#5339=CARTESIAN_POINT('',(0.00876516684244658,-0.0262626873609406,0.0035));
#5340=CARTESIAN_POINT('',(0.00876516684244658,-0.0262626873609406,0.0035));
#5341=CARTESIAN_POINT('',(0.00876516684244658,-0.0262626873609406,0.0035));
#5342=CARTESIAN_POINT('',(0.00843927849685618,-0.0274780416038993,0.0035));
#5343=CARTESIAN_POINT('',(0.00843927849685618,-0.0291044935305156,0.0035));
#5344=CARTESIAN_POINT('',(0.00843927849685618,-0.0291044935305156,0.0035));
#5345=CARTESIAN_POINT('',(0.00843927849685618,-0.034242467125902,0.0035));
#5346=CARTESIAN_POINT('',(0.00843927849685618,-0.0393804407212884,0.0035));
#5347=CARTESIAN_POINT('',(0.00947374975900553,-0.0393804407212884,0.0035));
#5348=CARTESIAN_POINT('',(0.0105082210211549,-0.0393804407212883,0.0035));
#5349=CARTESIAN_POINT('',(0.0105082210211549,-0.0341946303045309,0.0035));
#5350=CARTESIAN_POINT('',(0.0105082210211549,-0.0290088198877735,0.0035));
#5351=CARTESIAN_POINT('',(0.0105082210211549,-0.0290088198877735,0.0035));
#5352=CARTESIAN_POINT('',(0.0105082210211549,-0.0280132160429882,0.0035));
#5353=CARTESIAN_POINT('',(0.0106412671805932,-0.0271910206756729,0.0035));
#5354=CARTESIAN_POINT('',(0.0106412671805932,-0.0271910206756729,0.0035));
#5355=CARTESIAN_POINT('',(0.0106412671805932,-0.0271910206756729,0.0035));
#5356=CARTESIAN_POINT('',(0.0107743133400315,-0.0263688253083577,0.0035));
#5357=CARTESIAN_POINT('',(0.0112242784410531,-0.025890457094647,0.0035));
#5358=CARTESIAN_POINT('',(0.0112242784410531,-0.025890457094647,0.0035));
#5359=CARTESIAN_POINT('',(0.0112242784410531,-0.025890457094647,0.0035));
#5360=CARTESIAN_POINT('',(0.0116742435420747,-0.0254120888809363,0.0035));
#5361=CARTESIAN_POINT('',(0.0125741737441179,-0.0254120888809363,0.0035));
#5362=CARTESIAN_POINT('',(0.0125741737441179,-0.0254120888809363,0.0035));
#5363=CARTESIAN_POINT('',(0.0125741737441179,-0.0254120888809363,0.0035));
#5364=CARTESIAN_POINT('',(0.0134920427541753,-0.0254120888809363,0.0035));
#5365=CARTESIAN_POINT('',(0.013931543550522,-0.025890457094647,0.0035));
#5366=CARTESIAN_POINT('',(0.013931543550522,-0.025890457094647,0.0035));
#5367=CARTESIAN_POINT('',(0.013931543550522,-0.025890457094647,0.0035));
#5368=CARTESIAN_POINT('',(0.0143710443468687,-0.0263688253083577,0.0035));
#5369=CARTESIAN_POINT('',(0.0145055854069748,-0.0271910206756729,0.0035));
#5370=CARTESIAN_POINT('',(0.0145055854069748,-0.0271910206756729,0.0035));
#5371=CARTESIAN_POINT('',(0.0145055854069748,-0.0271910206756729,0.0035));
#5372=CARTESIAN_POINT('',(0.0146401264670809,-0.0280132160429882,0.0035));
#5373=CARTESIAN_POINT('',(0.0146401264670809,-0.0290088198877735,0.0035));
#5374=CARTESIAN_POINT('',(0.0146401264670809,-0.0290088198877735,0.0035));
#5375=CARTESIAN_POINT('',(0.0146401264670809,-0.0341946303045309,0.0035));
#5376=CARTESIAN_POINT('',(0.0146401264670809,-0.0393804407212884,0.0035));
#5377=CARTESIAN_POINT('',(0.0156641334245553,-0.0393804407212884,0.0035));
#5378=CARTESIAN_POINT('',(0.0166881403820298,-0.0393804407212884,0.0035));
#5379=CARTESIAN_POINT('',(0.0166881403820298,-0.034242467125902,0.0035));
#5380=CARTESIAN_POINT('',(0.0166881403820298,-0.0291044935305156,0.0035));
#5381=CARTESIAN_POINT('',(0.0166881403820298,-0.0291044935305156,0.0035));
#5382=CARTESIAN_POINT('',(0.0166881403820298,-0.0274780416038993,0.0035));
#5383=CARTESIAN_POINT('',(0.0163622520364394,-0.0262626873609406,0.0035));
#5384=CARTESIAN_POINT('',(0.0163622520364394,-0.0262626873609406,0.0035));
#5385=CARTESIAN_POINT('',(0.0163622520364394,-0.0262626873609406,0.0035));
#5386=CARTESIAN_POINT('',(0.016036363690849,-0.0250473331179819,0.0035));
#5387=CARTESIAN_POINT('',(0.0151468977934807,-0.0243776176187869,0.0035));
#5388=CARTESIAN_POINT('',(0.0151468977934807,-0.0243776176187869,0.0035));
#5389=CARTESIAN_POINT('',(0.0151468977934807,-0.0243776176187869,0.0035));
#5390=CARTESIAN_POINT('',(0.0142574318961124,-0.023707902119592,0.0035));
#5391=CARTESIAN_POINT('',(0.0125741737441179,-0.023707902119592,0.0035));
#5392=CARTESIAN_POINT('',(-0.0356886943172867,-0.0316308756591752,0.0035));
#5393=CARTESIAN_POINT('',(-0.034425503252957,-0.0238813105970621,0.0035));
#5394=CARTESIAN_POINT('',(-0.0369518853816165,-0.0393804407212884,0.0035));
#5395=CARTESIAN_POINT('',(-0.0360519551795732,-0.0393804407212884,0.0035));
#5396=CARTESIAN_POINT('',(-0.0351520249775301,-0.0393804407212884,0.0035));
#5397=CARTESIAN_POINT('',(-0.0343193653055399,-0.0338119357335623,0.0035));
#5398=CARTESIAN_POINT('',(-0.0334867056335497,-0.0282434307458364,0.0035));
#5399=CARTESIAN_POINT('',(-0.0324447598680611,-0.0337835326208733,0.0035));
#5400=CARTESIAN_POINT('',(-0.0314028141025726,-0.0393236344959102,0.0035));
#5401=CARTESIAN_POINT('',(-0.0306374249606355,-0.0393236344959102,0.0035));
#5402=CARTESIAN_POINT('',(-0.0298720358186983,-0.0393236344959101,0.0035));
#5403=CARTESIAN_POINT('',(-0.0288196257485349,-0.0337551295081843,0.0035));
#5404=CARTESIAN_POINT('',(-0.0277672156783714,-0.0281866245204583,0.0035));
#5405=CARTESIAN_POINT('',(-0.0269539897150631,-0.0337835326208733,0.0035));
#5406=CARTESIAN_POINT('',(-0.026140763751755,-0.0393804407212884,0.0035));
#5407=CARTESIAN_POINT('',(-0.0252602672583938,-0.0393804407212884,0.0035));
#5408=CARTESIAN_POINT('',(-0.0243797707650325,-0.0393804407212884,0.0035));
#5409=CARTESIAN_POINT('',(-0.0256235281206804,-0.0316308756591752,0.0035));
#5410=CARTESIAN_POINT('',(-0.0268672854763281,-0.0238813105970621,0.0035));
#5411=CARTESIAN_POINT('',(-0.0276521083269472,-0.0238813105970621,0.0035));
#5412=CARTESIAN_POINT('',(-0.0284369311775663,-0.0238813105970621,0.0035));
#5413=CARTESIAN_POINT('',(-0.0295177443604189,-0.0296217291615904,0.0035));
#5414=CARTESIAN_POINT('',(-0.0305985575432715,-0.0353621477261186,0.0035));
#5415=CARTESIAN_POINT('',(-0.0316883401301311,-0.0296217291615904,0.0035));
#5416=CARTESIAN_POINT('',(-0.0327781227169908,-0.0238813105970621,0.0035));
#5417=CARTESIAN_POINT('',(-0.0336018129849738,-0.0238813105970621,0.0035));
#5418=CARTESIAN_POINT('',(0.0487149078828845,-0.00613626452086404,0.0035));
#5419=CARTESIAN_POINT('',(0.0487149078828845,0.0313294904274997,0.0035));
#5420=CARTESIAN_POINT('',(0.0487149078828845,0.0313294904274997,0.0065));
#5421=CARTESIAN_POINT('',(0.0487149078828845,0.0313294904274997,0.0102));
#5422=CARTESIAN_POINT('',(0.0487149078828845,-0.00613626452086404,0.0065));
#5423=CARTESIAN_POINT('',(0.0487149078828846,-0.0436020194692278,0.0065));
#5424=CARTESIAN_POINT('',(0.0487149078828846,-0.0436020194692278,0.0035));
#5425=CARTESIAN_POINT('',(0.0487149078828846,-0.0436020194692278,0.0352));
#5426=CARTESIAN_POINT('',(0.0487149078828845,-0.00613626452086404,0.0352));
#5427=CARTESIAN_POINT('',(0.0487149078828845,0.0143979805307722,0.0352));
#5428=CARTESIAN_POINT('',(0.0487149078828845,0.0143979805307722,0.0102));
#5429=CARTESIAN_POINT('',(0.0487149078828845,0.0143979805307722,0.0102));
#5430=CARTESIAN_POINT('',(0.0487149078828845,-0.00613626452086404,0.0102));
#5431=CARTESIAN_POINT('',(0.0487149078828845,-0.0104685919359326,0.0035));
#5432=CARTESIAN_POINT('',(0.0487149078828845,-0.0104685919359326,0.0149356266483664));
#5433=CARTESIAN_POINT('',(0.0487149078828845,-0.0104685919359326,0.0287058204412461));
#5434=CARTESIAN_POINT('',(0.0487149078828845,-0.00613626452086404,0.0287058204412461));
#5435=CARTESIAN_POINT('',(0.0487149078828845,-0.0129116894677281,0.0287058204412461));
#5436=CARTESIAN_POINT('',(0.0487149078828845,-0.0129116894677281,0.0035));
#5437=CARTESIAN_POINT('',(0.0487149078828845,-0.0129116894677281,0.0149356266483664));
#5438=CARTESIAN_POINT('',(0.0487149078828845,-0.00613626452086404,0.0149356266483664));
#5439=CARTESIAN_POINT('',(0.0487149078828845,-0.0144663881510496,0.0035));
#5440=CARTESIAN_POINT('',(0.0487149078828845,-0.0144663881510496,0.0149356266483664));
#5441=CARTESIAN_POINT('',(0.0487149078828845,-0.0144663881510496,0.0287058204412461));
#5442=CARTESIAN_POINT('',(0.0487149078828845,-0.00613626452086404,0.0287058204412461));
#5443=CARTESIAN_POINT('',(0.0487149078828845,-0.0169094856828451,0.0287058204412461));
#5444=CARTESIAN_POINT('',(0.0487149078828845,-0.0169094856828451,0.0035));
#5445=CARTESIAN_POINT('',(0.0487149078828845,-0.0169094856828451,0.0149356266483664));
#5446=CARTESIAN_POINT('',(0.0487149078828845,-0.00613626452086404,0.0149356266483664));
#5447=CARTESIAN_POINT('',(0.0487149078828845,-0.0192415360361337,0.0035));
#5448=CARTESIAN_POINT('',(0.0487149078828845,-0.0192415360361337,0.0149356266483664));
#5449=CARTESIAN_POINT('',(0.0487149078828845,-0.0192415360361337,0.0287058204412461));
#5450=CARTESIAN_POINT('',(0.0487149078828845,-0.00613626452086404,0.0287058204412461));
#5451=CARTESIAN_POINT('',(0.0487149078828845,-0.0216846335679293,0.0287058204412461));
#5452=CARTESIAN_POINT('',(0.0487149078828845,-0.0216846335679293,0.0035));
#5453=CARTESIAN_POINT('',(0.0487149078828845,-0.0216846335679293,0.0149356266483664));
#5454=CARTESIAN_POINT('',(0.0487149078828845,-0.00613626452086404,0.0149356266483664));
#5455=CARTESIAN_POINT('',(0.0567149078828846,-0.00863626452086404,0.0352));
#5456=CARTESIAN_POINT('',(0.0567149078828846,-0.0144663881510496,0.0297058204412461));
#5457=CARTESIAN_POINT('',(0.0567149078828846,-0.0179094856828451,0.0297058204412461));
#5458=CARTESIAN_POINT('',(0.0567149078828846,-0.00946859193593264,0.0297058204412461));
#5459=CARTESIAN_POINT('',(0.0567149078828846,-0.00946859193593264,0.0149356266483664));
#5460=CARTESIAN_POINT('',(0.0567149078828846,-0.00946859193593264,0.0139356266483664));
#5461=CARTESIAN_POINT('',(0.0567149078828846,-0.00863626452086404,0.0139356266483664));
#5462=CARTESIAN_POINT('',(0.0567149078828846,-0.0179094856828451,0.0139356266483664));
#5463=CARTESIAN_POINT('',(0.0567149078828846,-0.0179094856828451,0.0352));
#5464=CARTESIAN_POINT('',(0.0567149078828846,-0.0182415360361338,0.0149356266483664));
#5465=CARTESIAN_POINT('',(0.0567149078828846,-0.0182415360361338,0.0297058204412461));
#5466=CARTESIAN_POINT('',(0.0567149078828846,-0.0182415360361338,0.0139356266483664));
#5467=CARTESIAN_POINT('',(0.0567149078828846,-0.00863626452086404,0.0139356266483664));
#5468=CARTESIAN_POINT('',(0.0567149078828846,-0.0226846335679292,0.0139356266483664));
#5469=CARTESIAN_POINT('',(0.0567149078828846,-0.0226846335679292,0.0352));
#5470=CARTESIAN_POINT('',(0.0567149078828846,-0.0226846335679292,0.0297058204412461));
#5471=CARTESIAN_POINT('',(0.0567149078828846,-0.0192415360361337,0.0297058204412461));
#5472=CARTESIAN_POINT('',(0.0567149078828846,-0.0506020194692278,0.0035));
#5473=CARTESIAN_POINT('',(0.0567149078828846,-0.0506020194692278,0.0367514718625762));
#5474=CARTESIAN_POINT('',(0.0567149078828846,-0.0506020194692278,0.0045));
#5475=CARTESIAN_POINT('',(0.0567149078828846,-0.00863626452086404,0.0045));
#5476=CARTESIAN_POINT('',(0.0567149078828846,0.0333294904274997,0.0045));
#5477=CARTESIAN_POINT('',(0.0567149078828846,0.0333294904274997,0.0352));
#5478=CARTESIAN_POINT('',(0.0567149078828846,0.0333294904274997,0.0367514718625762));
#5479=CARTESIAN_POINT('',(0.0567149078828846,-0.0516020194692278,0.0367514718625762));
#5480=CARTESIAN_POINT('',(-3.50921171154636E-5,-0.0436020194692278,0.0035));
#5481=CARTESIAN_POINT('',(-3.50921171154636E-5,-0.0436020194692278,0.0065));
#5482=CARTESIAN_POINT('',(-0.0487850921171155,-0.0436020194692278,0.0065));
#5483=CARTESIAN_POINT('',(-0.0487850921171155,-0.0436020194692278,0.0035));
#5484=CARTESIAN_POINT('',(-0.0487850921171155,-0.0436020194692278,0.0352));
#5485=CARTESIAN_POINT('',(-3.50921171154636E-5,-0.0436020194692278,0.0352));
#5486=CARTESIAN_POINT('',(0.0346149078828846,-0.0436020194692278,0.0352));
#5487=CARTESIAN_POINT('',(0.0346149078828846,-0.0436020194692278,0.0035));
#5488=CARTESIAN_POINT('',(0.0346149078828846,-0.0436020194692278,0.0132));
#5489=CARTESIAN_POINT('',(-3.50921171154636E-5,-0.0436020194692278,0.0132));
#5490=CARTESIAN_POINT('',(0.0469832941889763,-0.0436020194692278,0.0132));
#5491=CARTESIAN_POINT('',(0.0469832941889763,-0.0436020194692278,0.0035));
#5492=CARTESIAN_POINT('',(0.0469832941889763,-0.0436020194692278,0.0352));
#5493=CARTESIAN_POINT('',(-3.50921171154636E-5,-0.0436020194692278,0.0352));
#5494=CARTESIAN_POINT('',(-3.50921171154636E-5,-0.0436020194692278,0.0202225763350725));
#5495=CARTESIAN_POINT('',(-0.00537271331995726,-0.0436020194692278,0.0202225763350725));
#5496=CARTESIAN_POINT('',(0.00802140031009913,-0.0436020194692278,0.0202225763350725));
#5497=CARTESIAN_POINT('',(-0.00537271331995726,-0.0436020194692278,0.0035));
#5498=CARTESIAN_POINT('',(-0.00537271331995726,-0.0436020194692278,0.0129701532423496));
#5499=CARTESIAN_POINT('',(-3.50921171154636E-5,-0.0436020194692278,0.0129701532423496));
#5500=CARTESIAN_POINT('',(0.00802140031009913,-0.0436020194692278,0.0129701532423496));
#5501=CARTESIAN_POINT('',(0.00802140031009913,-0.0436020194692278,0.0035));
#5502=CARTESIAN_POINT('',(-3.50921171154567E-5,-0.0516020194692278,0.0352));
#5503=CARTESIAN_POINT('',(0.00902140031009913,-0.0516020194692278,0.0352));
#5504=CARTESIAN_POINT('',(0.00902140031009913,-0.0516020194692278,0.0212225763350725));
#5505=CARTESIAN_POINT('',(0.00902140031009913,-0.0516020194692278,0.0119701532423496));
#5506=CARTESIAN_POINT('',(-0.00537271331995726,-0.0516020194692278,0.0119701532423496));
#5507=CARTESIAN_POINT('',(-0.00637271331995726,-0.0516020194692278,0.0119701532423496));
#5508=CARTESIAN_POINT('',(-0.00637271331995726,-0.0516020194692278,0.0202225763350725));
#5509=CARTESIAN_POINT('',(-0.00637271331995726,-0.0516020194692278,0.0212225763350725));
#5510=CARTESIAN_POINT('',(-3.50921171154567E-5,-0.0516020194692278,0.0212225763350725));
#5511=CARTESIAN_POINT('',(-0.0557850921171155,-0.0516020194692278,0.0352));
#5512=CARTESIAN_POINT('',(-0.0557850921171155,-0.0516020194692278,0.0367514718625762));
#5513=CARTESIAN_POINT('',(-0.0557850921171155,-0.0516020194692278,0.0045));
#5514=CARTESIAN_POINT('',(0.0567149078828846,-0.0516020194692278,0.0045));
#5515=CARTESIAN_POINT('',(0.0557149078828845,-0.0516020194692278,0.0045));
#5516=CARTESIAN_POINT('',(0.0557149078828845,-0.0516020194692278,0.0367514718625762));
#5517=CARTESIAN_POINT('',(0.0557149078828845,-0.0516020194692278,0.0367514718625762));
#5518=CARTESIAN_POINT('',(-3.50921171154567E-5,-0.0516020194692278,0.0367514718625762));
#5519=CARTESIAN_POINT('',(-3.50921171154705E-5,0.0343294904274997,0.0352));
#5520=CARTESIAN_POINT('',(-0.028208269422244,0.0343294904274997,0.0362));
#5521=CARTESIAN_POINT('',(0.043171730577756,0.0343294904274997,0.0362));
#5522=CARTESIAN_POINT('',(-0.029208269422244,0.0343294904274997,0.0362));
#5523=CARTESIAN_POINT('',(-0.029208269422244,0.0343294904274997,0.0352));
#5524=CARTESIAN_POINT('',(-0.029208269422244,0.0343294904274997,0.0092));
#5525=CARTESIAN_POINT('',(-3.50921171154705E-5,0.0343294904274997,0.0092));
#5526=CARTESIAN_POINT('',(0.043171730577756,0.0343294904274997,0.0092));
#5527=CARTESIAN_POINT('',(0.043171730577756,0.0343294904274997,0.0352));
#5528=CARTESIAN_POINT('',(0.0557149078828845,0.0343294904274997,0.0352));
#5529=CARTESIAN_POINT('',(0.0557149078828845,0.0343294904274997,0.0367514718625762));
#5530=CARTESIAN_POINT('',(0.0557149078828845,0.0343294904274997,0.0045));
#5531=CARTESIAN_POINT('',(-3.50921171154705E-5,0.0343294904274997,0.0045));
#5532=CARTESIAN_POINT('',(-0.0557850921171155,0.0343294904274997,0.0045));
#5533=CARTESIAN_POINT('',(-0.0557850921171155,0.0343294904274997,0.0367514718625762));
#5534=CARTESIAN_POINT('',(-0.0557850921171155,0.0343294904274997,0.0367514718625762));
#5535=CARTESIAN_POINT('',(0.0567149078828846,0.0343294904274997,0.0367514718625762));
#5536=CARTESIAN_POINT('',(-0.0487850921171155,-0.00613626452086404,0.0035));
#5537=CARTESIAN_POINT('',(-0.0487850921171155,-0.00613626452086404,0.0065));
#5538=CARTESIAN_POINT('',(-0.0487850921171155,0.0313294904274997,0.0065));
#5539=CARTESIAN_POINT('',(-0.0487850921171155,0.0313294904274997,0.0035));
#5540=CARTESIAN_POINT('',(-0.0487850921171155,0.0313294904274997,0.0102));
#5541=CARTESIAN_POINT('',(-0.0487850921171155,-0.00613626452086404,0.0102));
#5542=CARTESIAN_POINT('',(-0.0487850921171155,0.0143979805307722,0.0102));
#5543=CARTESIAN_POINT('',(-0.0487850921171155,0.0143979805307722,0.0102));
#5544=CARTESIAN_POINT('',(-0.0487850921171155,0.0143979805307722,0.0352));
#5545=CARTESIAN_POINT('',(-0.0487850921171155,-0.00613626452086404,0.0352));
#5546=CARTESIAN_POINT('',(-3.50921171154705E-5,0.0313294904274997,0.0035));
#5547=CARTESIAN_POINT('',(-3.50921171154705E-5,0.0313294904274997,0.0065));
#5548=CARTESIAN_POINT('',(-3.50921171154705E-5,0.0313294904274997,0.0102));
#5549=CARTESIAN_POINT('',(0.045941730577756,0.0313294904274997,0.0102));
#5550=CARTESIAN_POINT('',(0.045941730577756,0.0313294904274997,0.0102));
#5551=CARTESIAN_POINT('',(0.045941730577756,0.0313294904274997,0.0352));
#5552=CARTESIAN_POINT('',(-3.50921171154705E-5,0.0313294904274997,0.0352));
#5553=CARTESIAN_POINT('',(-0.028208269422244,0.0313294904274997,0.0352));
#5554=CARTESIAN_POINT('',(-0.028208269422244,0.0313294904274997,0.0102));
#5555=CARTESIAN_POINT('',(-0.028208269422244,0.0313294904274997,0.0102));
#5556=CARTESIAN_POINT('',(-3.50921171154705E-5,0.0313294904274997,0.0102));
#5557=CARTESIAN_POINT('',(-3.50921171154636E-5,-0.00863626452086404,0.0352));
#5558=CARTESIAN_POINT('',(0.0469832941889763,-0.00863626452086404,0.0352));
#5559=CARTESIAN_POINT('',(0.0469832941889763,-0.0315020194692278,0.0352));
#5560=CARTESIAN_POINT('',(-3.50921171154636E-5,-0.0315020194692278,0.0352));
#5561=CARTESIAN_POINT('',(0.0346149078828846,-0.0315020194692278,0.0352));
#5562=CARTESIAN_POINT('',(0.0346149078828846,-0.00863626452086404,0.0352));
#5563=CARTESIAN_POINT('',(0.00698173057775602,0.0143979805307722,0.0352));
#5564=CARTESIAN_POINT('',(0.042171730577756,0.0143979805307722,0.0352));
#5565=CARTESIAN_POINT('',(0.042171730577756,0.0205837354791359,0.0352));
#5566=CARTESIAN_POINT('',(0.042171730577756,0.0267694904274997,0.0352));
#5567=CARTESIAN_POINT('',(0.00698173057775602,0.0267694904274997,0.0352));
#5568=CARTESIAN_POINT('',(-0.028208269422244,0.0267694904274997,0.0352));
#5569=CARTESIAN_POINT('',(-0.028208269422244,0.0290494904274997,0.0352));
#5570=CARTESIAN_POINT('',(0.045941730577756,0.022863735479136,0.0352));
#5571=CARTESIAN_POINT('',(0.045941730577756,0.0143979805307722,0.0352));
#5572=CARTESIAN_POINT('',(0.0473283192303203,0.0143979805307722,0.0352));
#5573=CARTESIAN_POINT('',(-0.0371850921171154,-0.00863626452086404,0.0352));
#5574=CARTESIAN_POINT('',(-0.0371850921171154,0.0119979805307722,0.0352));
#5575=CARTESIAN_POINT('',(-0.0371850921171154,0.00046469805769826,0.0352));
#5576=CARTESIAN_POINT('',(-3.50921171154636E-5,0.0119979805307722,0.0352));
#5577=CARTESIAN_POINT('',(-0.0479257904099444,0.0119979805307722,0.0352));
#5578=CARTESIAN_POINT('',(-0.0479257904099444,-0.00863626452086404,0.0352));
#5579=CARTESIAN_POINT('',(-0.0479257904099444,0.000464698057698259,0.0352));
#5580=CARTESIAN_POINT('',(-3.50921171154647E-5,0.000464698057698264,0.0352));
#5581=CARTESIAN_POINT('',(0.0473149078828845,-0.00863626452086404,0.0352));
#5582=CARTESIAN_POINT('',(0.0473149078828845,0.0139979805307722,0.0352));
#5583=CARTESIAN_POINT('',(0.0473149078828845,0.,0.0352));
#5584=CARTESIAN_POINT('',(-3.50921171154636E-5,0.0139979805307722,0.0352));
#5585=CARTESIAN_POINT('',(0.0363691039383411,0.0139979805307722,0.0352));
#5586=CARTESIAN_POINT('',(0.0363691039383411,-0.00863626452086404,0.0352));
#5587=CARTESIAN_POINT('',(0.0363691039383411,0.,0.0352));
#5588=CARTESIAN_POINT('',(-3.50921171154636E-5,0.,0.0352));
#5589=CARTESIAN_POINT('',(-0.0366850921171154,-0.00863626452086404,0.0352));
#5590=CARTESIAN_POINT('',(-0.0366850921171154,-0.0303573108030224,0.0352));
#5591=CARTESIAN_POINT('',(-0.0366850921171154,-0.0427020194692278,0.0352));
#5592=CARTESIAN_POINT('',(-3.50921171154636E-5,-0.0303573108030224,0.0352));
#5593=CARTESIAN_POINT('',(-0.0483285076916218,-0.0303573108030224,0.0352));
#5594=CARTESIAN_POINT('',(-0.0483285076916218,-0.00863626452086404,0.0352));
#5595=CARTESIAN_POINT('',(-0.0483285076916218,-0.0427020194692278,0.0352));
#5596=CARTESIAN_POINT('',(-3.50921171154636E-5,-0.0427020194692278,0.0352));
#5597=CARTESIAN_POINT('',(0.042171730577756,0.0205837354791359,0.0102));
#5598=CARTESIAN_POINT('',(0.042171730577756,0.0143979805307722,0.0102));
#5599=CARTESIAN_POINT('',(0.042171730577756,0.0143979805307722,0.0102));
#5600=CARTESIAN_POINT('',(0.042171730577756,0.0205837354791359,0.0102));
#5601=CARTESIAN_POINT('',(0.042171730577756,0.0267694904274997,0.0102));
#5602=CARTESIAN_POINT('',(0.042171730577756,0.0267694904274997,0.0102));
#5603=CARTESIAN_POINT('',(0.00698173057775602,0.0267694904274997,0.0102));
#5604=CARTESIAN_POINT('',(0.00698173057775602,0.0267694904274997,0.0102));
#5605=CARTESIAN_POINT('',(-0.028208269422244,0.0267694904274997,0.0102));
#5606=CARTESIAN_POINT('',(-0.028208269422244,0.0267694904274997,0.0102));
#5607=CARTESIAN_POINT('',(-3.50921171154636E-5,-0.00863626452086404,0.0102));
#5608=CARTESIAN_POINT('',(-0.028208269422244,0.0290494904274997,0.0102));
#5609=CARTESIAN_POINT('',(0.00698173057775602,0.0143979805307722,0.0102));
#5610=CARTESIAN_POINT('',(-0.028208269422244,0.0290494904274997,0.0102));
#5611=CARTESIAN_POINT('',(0.00698173057775602,0.0143979805307722,0.0102));
#5612=CARTESIAN_POINT('',(0.0473283192303203,0.0143979805307722,0.0102));
#5613=CARTESIAN_POINT('',(0.045941730577756,0.0143979805307722,0.0102));
#5614=CARTESIAN_POINT('',(0.045941730577756,0.0143979805307722,0.0102));
#5615=CARTESIAN_POINT('',(0.0473283192303203,0.0143979805307722,0.0102));
#5616=CARTESIAN_POINT('',(0.045941730577756,0.022863735479136,0.0102));
#5617=CARTESIAN_POINT('',(0.045941730577756,0.022863735479136,0.0102));
#5618=CARTESIAN_POINT('',(-3.50921171154636E-5,-0.00863626452086404,0.0102));
#5619=CARTESIAN_POINT('',(0.0407991010359304,-0.0315020194692278,0.0132));
#5620=CARTESIAN_POINT('',(0.0469832941889763,-0.0315020194692278,0.0132));
#5621=CARTESIAN_POINT('',(0.0469832941889763,-0.0315020194692278,0.0132));
#5622=CARTESIAN_POINT('',(0.0407991010359304,-0.0315020194692278,0.0132));
#5623=CARTESIAN_POINT('',(0.0346149078828846,-0.0315020194692278,0.0132));
#5624=CARTESIAN_POINT('',(0.0346149078828846,-0.0315020194692278,0.0132));
#5625=CARTESIAN_POINT('',(0.0406964682042599,-0.0375888049602509,0.0132));
#5626=CARTESIAN_POINT('',(0.0406964682042599,-0.0375888049602509,0.0132));
#5627=CARTESIAN_POINT('',(0.0429964682042599,-0.0375888049602509,0.0132));
#5628=CARTESIAN_POINT('',(0.0406964682042599,-0.0375888049602509,0.0352));
#5629=CARTESIAN_POINT('',(0.0429964682042599,-0.0375888049602509,0.0352));
#5630=CARTESIAN_POINT('',(0.0469832941889763,-0.0376020194692278,0.0132));
#5631=CARTESIAN_POINT('',(0.0469832941889763,-0.0376020194692278,0.0132));
#5632=CARTESIAN_POINT('',(0.0346149078828846,-0.0376020194692278,0.0132));
#5633=CARTESIAN_POINT('',(0.0346149078828846,-0.0376020194692278,0.0132));
#5634=CARTESIAN_POINT('',(-3.50921171154636E-5,-0.00863626452086404,0.0132));
#5635=CARTESIAN_POINT('',(-0.0371850921171154,0.00623133929423525,0.0132));
#5636=CARTESIAN_POINT('',(-0.0371850921171154,0.0119979805307722,0.0132));
#5637=CARTESIAN_POINT('',(-0.0371850921171154,0.0119979805307722,0.0132));
#5638=CARTESIAN_POINT('',(-0.0371850921171154,0.00046469805769826,0.0132));
#5639=CARTESIAN_POINT('',(-0.0371850921171154,0.00046469805769826,0.0132));
#5640=CARTESIAN_POINT('',(-0.0371850921171154,0.00623133929423525,0.0132));
#5641=CARTESIAN_POINT('',(-0.04255544126353,0.0119979805307722,0.0132));
#5642=CARTESIAN_POINT('',(-0.04255544126353,0.0119979805307722,0.0132));
#5643=CARTESIAN_POINT('',(-0.0479257904099444,0.0119979805307722,0.0132));
#5644=CARTESIAN_POINT('',(-0.0479257904099444,0.0119979805307722,0.0132));
#5645=CARTESIAN_POINT('',(-0.0479257904099444,0.00623133929423524,0.0132));
#5646=CARTESIAN_POINT('',(-0.0479257904099444,0.00623133929423524,0.0132));
#5647=CARTESIAN_POINT('',(-0.0479257904099444,0.000464698057698259,0.0132));
#5648=CARTESIAN_POINT('',(-0.0479257904099444,0.000464698057698259,0.0132));
#5649=CARTESIAN_POINT('',(-0.0425554412635299,0.00046469805769826,0.0132));
#5650=CARTESIAN_POINT('',(-0.0425554412635299,0.00046469805769826,0.0132));
#5651=CARTESIAN_POINT('',(-0.0432328209280968,0.00583605282008648,0.0132));
#5652=CARTESIAN_POINT('',(-0.0432328209280968,0.00583605282008648,0.0132));
#5653=CARTESIAN_POINT('',(-0.0409328209280967,0.00583605282008648,0.0132));
#5654=CARTESIAN_POINT('',(-0.0432328209280968,0.00583605282008648,0.0352));
#5655=CARTESIAN_POINT('',(-0.0409328209280967,0.00583605282008648,0.0352));
#5656=CARTESIAN_POINT('',(-3.50921171154636E-5,-0.00863626452086404,0.0132));
#5657=CARTESIAN_POINT('',(-3.50921171154636E-5,-0.00863626452086404,0.0352));
#5658=CARTESIAN_POINT('',(0.0473149078828845,0.0069989902653861,0.0132));
#5659=CARTESIAN_POINT('',(0.0473149078828845,0.0139979805307722,0.0132));
#5660=CARTESIAN_POINT('',(0.0473149078828845,0.0139979805307722,0.0132));
#5661=CARTESIAN_POINT('',(0.0473149078828845,0.,0.0132));
#5662=CARTESIAN_POINT('',(0.0473149078828845,0.,0.0132));
#5663=CARTESIAN_POINT('',(0.0473149078828845,0.0069989902653861,0.0132));
#5664=CARTESIAN_POINT('',(0.0418420059106129,0.0139979805307722,0.0132));
#5665=CARTESIAN_POINT('',(0.0418420059106129,0.0139979805307722,0.0132));
#5666=CARTESIAN_POINT('',(0.0363691039383411,0.0139979805307722,0.0132));
#5667=CARTESIAN_POINT('',(0.0363691039383411,0.0139979805307722,0.0132));
#5668=CARTESIAN_POINT('',(0.0363691039383411,0.0069989902653861,0.0132));
#5669=CARTESIAN_POINT('',(0.0363691039383411,0.0069989902653861,0.0132));
#5670=CARTESIAN_POINT('',(0.0363691039383411,0.,0.0132));
#5671=CARTESIAN_POINT('',(0.0363691039383411,0.,0.0132));
#5672=CARTESIAN_POINT('',(0.0418420059106129,0.,0.0132));
#5673=CARTESIAN_POINT('',(0.0418420059106129,0.,0.0132));
#5674=CARTESIAN_POINT('',(0.0412104688584804,0.00790054909884929,0.0132));
#5675=CARTESIAN_POINT('',(0.0412104688584804,0.00790054909884929,0.0132));
#5676=CARTESIAN_POINT('',(0.0435104688584804,0.00790054909884929,0.0132));
#5677=CARTESIAN_POINT('',(0.0412104688584804,0.00790054909884929,0.0352));
#5678=CARTESIAN_POINT('',(0.0435104688584804,0.00790054909884929,0.0352));
#5679=CARTESIAN_POINT('',(-3.50921171154636E-5,-0.00863626452086404,0.0132));
#5680=CARTESIAN_POINT('',(-3.50921171154636E-5,-0.00863626452086404,0.0352));
#5681=CARTESIAN_POINT('',(-3.50921171154636E-5,-0.00863626452086404,0.0352));
#5682=CARTESIAN_POINT('',(-0.0366850921171154,-0.0365296651361251,0.0132));
#5683=CARTESIAN_POINT('',(-0.0366850921171154,-0.0303573108030224,0.0132));
#5684=CARTESIAN_POINT('',(-0.0366850921171154,-0.0303573108030224,0.0132));
#5685=CARTESIAN_POINT('',(-0.0366850921171154,-0.0427020194692278,0.0132));
#5686=CARTESIAN_POINT('',(-0.0366850921171154,-0.0427020194692278,0.0132));
#5687=CARTESIAN_POINT('',(-0.0366850921171154,-0.0365296651361251,0.0132));
#5688=CARTESIAN_POINT('',(-0.0425067999043686,-0.0303573108030224,0.0132));
#5689=CARTESIAN_POINT('',(-0.0425067999043686,-0.0303573108030224,0.0132));
#5690=CARTESIAN_POINT('',(-0.0483285076916218,-0.0303573108030224,0.0132));
#5691=CARTESIAN_POINT('',(-0.0483285076916218,-0.0303573108030224,0.0132));
#5692=CARTESIAN_POINT('',(-0.0483285076916218,-0.0365296651361251,0.0132));
#5693=CARTESIAN_POINT('',(-0.0483285076916218,-0.0365296651361251,0.0132));
#5694=CARTESIAN_POINT('',(-0.0483285076916218,-0.0427020194692278,0.0132));
#5695=CARTESIAN_POINT('',(-0.0483285076916218,-0.0427020194692278,0.0132));
#5696=CARTESIAN_POINT('',(-0.0425067999043686,-0.0427020194692278,0.0132));
#5697=CARTESIAN_POINT('',(-0.0425067999043686,-0.0427020194692278,0.0132));
#5698=CARTESIAN_POINT('',(-0.0427968166768551,-0.0366060845553875,0.0132));
#5699=CARTESIAN_POINT('',(-0.0427968166768551,-0.0366060845553875,0.0132));
#5700=CARTESIAN_POINT('',(-0.0404968166768551,-0.0366060845553875,0.0132));
#5701=CARTESIAN_POINT('',(-0.0427968166768551,-0.0366060845553875,0.0352));
#5702=CARTESIAN_POINT('',(-0.0404968166768551,-0.0366060845553875,0.0352));
#5703=CARTESIAN_POINT('',(-3.50921171154636E-5,-0.00863626452086404,0.0132));
#5704=CARTESIAN_POINT('',(-3.50921171154636E-5,-0.00863626452086404,0.0352));
#5705=CARTESIAN_POINT('',(-3.50921171154636E-5,-0.00863626452086404,0.0065));
#5706=CARTESIAN_POINT('',(-0.0388650921171154,-0.0029372110479009,0.0065));
#5707=CARTESIAN_POINT('',(-0.0388650921171154,-0.012392402626574,0.0065));
#5708=CARTESIAN_POINT('',(-0.0388650921171154,0.00651798053077224,0.0065));
#5709=CARTESIAN_POINT('',(-0.000705092117115454,0.00651798053077224,0.0065));
#5710=CARTESIAN_POINT('',(0.0374549078828846,0.00651798053077222,0.0065));
#5711=CARTESIAN_POINT('',(0.0374549078828846,-0.00293721104790092,0.0065));
#5712=CARTESIAN_POINT('',(0.0374549078828846,-0.0123924026265741,0.0065));
#5713=CARTESIAN_POINT('',(-0.000705092117115454,-0.012392402626574,0.0065));
#5714=CARTESIAN_POINT('',(-0.0388650921171154,-0.0029372110479009,0.0065));
#5715=CARTESIAN_POINT('',(-0.0388650921171154,-0.012392402626574,0.0065));
#5716=CARTESIAN_POINT('',(-0.0388650921171154,-0.012392402626574,0.0045));
#5717=CARTESIAN_POINT('',(-0.0388650921171154,-0.0029372110479009,0.0045));
#5718=CARTESIAN_POINT('',(-0.0388650921171154,0.00651798053077224,0.0045));
#5719=CARTESIAN_POINT('',(-0.0388650921171154,0.00651798053077224,0.0065));
#5720=CARTESIAN_POINT('',(-0.000705092117115454,-0.012392402626574,0.0065));
#5721=CARTESIAN_POINT('',(0.0374549078828846,-0.0123924026265741,0.0065));
#5722=CARTESIAN_POINT('',(0.0374549078828846,-0.0123924026265741,0.0045));
#5723=CARTESIAN_POINT('',(-0.0388650921171154,-0.012392402626574,0.0045));
#5724=CARTESIAN_POINT('',(0.0374549078828846,-0.00293721104790092,0.0065));
#5725=CARTESIAN_POINT('',(0.0374549078828846,0.00651798053077222,0.0065));
#5726=CARTESIAN_POINT('',(0.0374549078828846,0.00651798053077222,0.0045));
#5727=CARTESIAN_POINT('',(0.0374549078828846,-0.0123924026265741,0.0045));
#5728=CARTESIAN_POINT('',(-0.000705092117115454,0.00651798053077224,0.0065));
#5729=CARTESIAN_POINT('',(-0.000705092117115454,0.00651798053077224,0.0045));
#5730=CARTESIAN_POINT('',(-3.50921171154636E-5,-0.00863626452086404,0.0382));
#5731=CARTESIAN_POINT('',(-0.0553365639796916,-0.00863626452086404,0.0382));
#5732=CARTESIAN_POINT('',(-0.0553365639796916,0.0328809622900759,0.0382));
#5733=CARTESIAN_POINT('',(-0.0553365639796916,-0.0501534913318039,0.0382));
#5734=CARTESIAN_POINT('',(-3.50921171154636E-5,-0.0501534913318039,0.0382));
#5735=CARTESIAN_POINT('',(0.0552663797454607,-0.0501534913318039,0.0382));
#5736=CARTESIAN_POINT('',(0.0552663797454607,0.0343294904274997,0.0382));
#5737=CARTESIAN_POINT('',(0.0552663797454607,0.0328809622900759,0.0382));
#5738=CARTESIAN_POINT('',(-0.0567850921171155,0.0328809622900759,0.0382));
#5739=CARTESIAN_POINT('',(-0.0567850921171155,-0.00863626452086404,0.0352));
#5740=CARTESIAN_POINT('',(-0.0567850921171155,-0.0516020194692278,0.0045));
#5741=CARTESIAN_POINT('',(-0.0567850921171155,0.0333294904274997,0.0045));
#5742=CARTESIAN_POINT('',(-0.0567850921171155,-0.0506020194692278,0.0045));
#5743=CARTESIAN_POINT('',(-0.0567850921171155,-0.0506020194692278,0.0352));
#5744=CARTESIAN_POINT('',(-0.0567850921171155,-0.0506020194692278,0.0367514718625762));
#5745=CARTESIAN_POINT('',(-0.0567850921171155,-0.00863626452086404,0.0367514718625762));
#5746=CARTESIAN_POINT('',(-0.0567850921171155,0.0333294904274997,0.0367514718625762));
#5747=CARTESIAN_POINT('',(-0.0567850921171155,0.0333294904274997,0.0035));
#5748=CARTESIAN_POINT('',(-3.50921171154636E-5,-0.00863626452086404,0.0065));
#5749=CARTESIAN_POINT('',(0.0525375302868411,-0.0436020194692278,0.0065));
#5750=CARTESIAN_POINT('',(0.0509375302868411,-0.0436020194692278,0.0065));
#5751=CARTESIAN_POINT('',(0.0525375302868411,-0.0436020194692278,0.0065));
#5752=CARTESIAN_POINT('',(0.0502375302868411,-0.0436020194692278,0.0065));
#5753=CARTESIAN_POINT('',(0.0525375302868411,-0.0436020194692278,0.0065));
#5754=CARTESIAN_POINT('',(0.0525375302868411,-0.0436020194692278,0.0045));
#5755=CARTESIAN_POINT('',(0.0541375302868411,-0.0436020194692278,0.0045));
#5756=CARTESIAN_POINT('',(-3.50921171154636E-5,-0.00863626452086404,0.0105));
#5757=CARTESIAN_POINT('',(0.0525375302868411,-0.0436020194692278,0.0105));
#5758=CARTESIAN_POINT('',(0.0502375302868411,-0.0436020194692278,0.0105));
#5759=CARTESIAN_POINT('',(0.0525375302868411,-0.0436020194692278,0.0105));
#5760=CARTESIAN_POINT('',(-3.50921171154636E-5,-0.00863626452086404,0.0065));
#5761=CARTESIAN_POINT('',(-0.0531753580674673,-0.0436020194692278,0.0065));
#5762=CARTESIAN_POINT('',(-0.0547753580674673,-0.0436020194692278,0.0065));
#5763=CARTESIAN_POINT('',(-0.0531753580674673,-0.0436020194692278,0.0065));
#5764=CARTESIAN_POINT('',(-0.0554753580674673,-0.0436020194692278,0.0065));
#5765=CARTESIAN_POINT('',(-0.0531753580674673,-0.0436020194692278,0.0065));
#5766=CARTESIAN_POINT('',(-0.0531753580674673,-0.0436020194692278,0.0045));
#5767=CARTESIAN_POINT('',(-0.0515753580674673,-0.0436020194692278,0.0045));
#5768=CARTESIAN_POINT('',(-3.50921171154636E-5,-0.00863626452086404,0.0105));
#5769=CARTESIAN_POINT('',(-0.0531753580674673,-0.0436020194692278,0.0105));
#5770=CARTESIAN_POINT('',(-0.0554753580674673,-0.0436020194692278,0.0105));
#5771=CARTESIAN_POINT('',(-0.0531753580674673,-0.0436020194692278,0.0105));
#5772=CARTESIAN_POINT('',(-3.50921171154636E-5,-0.00863626452086404,0.0065));
#5773=CARTESIAN_POINT('',(0.0525375302868411,0.0313769808038671,0.0065));
#5774=CARTESIAN_POINT('',(0.0509375302868411,0.0313769808038671,0.0065));
#5775=CARTESIAN_POINT('',(0.0525375302868411,0.0313769808038671,0.0065));
#5776=CARTESIAN_POINT('',(0.0502375302868411,0.0313769808038671,0.0065));
#5777=CARTESIAN_POINT('',(0.0525375302868411,0.0313769808038671,0.0065));
#5778=CARTESIAN_POINT('',(0.0525375302868411,0.0313769808038671,0.0045));
#5779=CARTESIAN_POINT('',(0.0541375302868411,0.0313769808038671,0.0045));
#5780=CARTESIAN_POINT('',(-3.50921171154636E-5,-0.00863626452086404,0.0105));
#5781=CARTESIAN_POINT('',(0.0525375302868411,0.0313769808038671,0.0105));
#5782=CARTESIAN_POINT('',(0.0502375302868411,0.0313769808038671,0.0105));
#5783=CARTESIAN_POINT('',(0.0525375302868411,0.0313769808038671,0.0105));
#5784=CARTESIAN_POINT('',(-3.50921171154636E-5,-0.00863626452086404,0.0065));
#5785=CARTESIAN_POINT('',(-0.0531753580674673,0.0313769808038671,0.0065));
#5786=CARTESIAN_POINT('',(-0.0547753580674673,0.0313769808038671,0.0065));
#5787=CARTESIAN_POINT('',(-0.0531753580674673,0.0313769808038671,0.0065));
#5788=CARTESIAN_POINT('',(-0.0554753580674673,0.0313769808038671,0.0065));
#5789=CARTESIAN_POINT('',(-0.0531753580674673,0.0313769808038671,0.0065));
#5790=CARTESIAN_POINT('',(-0.0531753580674673,0.0313769808038671,0.0045));
#5791=CARTESIAN_POINT('',(-0.0515753580674673,0.0313769808038671,0.0045));
#5792=CARTESIAN_POINT('',(-3.50921171154636E-5,-0.00863626452086404,0.0105));
#5793=CARTESIAN_POINT('',(-0.0531753580674673,0.0313769808038671,0.0105));
#5794=CARTESIAN_POINT('',(-0.0554753580674673,0.0313769808038671,0.0105));
#5795=CARTESIAN_POINT('',(-0.0531753580674673,0.0313769808038671,0.0105));
#5796=CARTESIAN_POINT('',(0.042171730577756,0.0323294904274997,0.0227));
#5797=CARTESIAN_POINT('',(0.042171730577756,0.0323294904274997,0.0352));
#5798=CARTESIAN_POINT('',(0.042171730577756,0.0323294904274997,0.0352));
#5799=CARTESIAN_POINT('',(0.042171730577756,0.0333294904274997,0.0352));
#5800=CARTESIAN_POINT('',(0.042171730577756,0.0333294904274997,0.0102));
#5801=CARTESIAN_POINT('',(0.042171730577756,0.0333294904274997,0.0102));
#5802=CARTESIAN_POINT('',(0.042171730577756,0.0323294904274997,0.0102));
#5803=CARTESIAN_POINT('',(0.042171730577756,0.0323294904274997,0.0102));
#5804=CARTESIAN_POINT('',(0.042171730577756,0.0323294904274997,0.0227));
#5805=CARTESIAN_POINT('',(0.00698173057775602,0.0323294904274997,0.0102));
#5806=CARTESIAN_POINT('',(0.00698173057775602,0.0333294904274997,0.0102));
#5807=CARTESIAN_POINT('',(-0.028208269422244,0.0333294904274997,0.0102));
#5808=CARTESIAN_POINT('',(-0.028208269422244,0.0323294904274997,0.0102));
#5809=CARTESIAN_POINT('',(-0.028208269422244,0.0323294904274997,0.0102));
#5810=CARTESIAN_POINT('',(0.00698173057775602,0.0323294904274997,0.0102));
#5811=CARTESIAN_POINT('',(-0.028208269422244,0.0323294904274997,0.0227));
#5812=CARTESIAN_POINT('',(-0.028208269422244,0.0333294904274997,0.0227));
#5813=CARTESIAN_POINT('',(-0.028208269422244,0.0333294904274997,0.0352));
#5814=CARTESIAN_POINT('',(-0.028208269422244,0.0323294904274997,0.0352));
#5815=CARTESIAN_POINT('',(-0.028208269422244,0.0323294904274997,0.0352));
#5816=CARTESIAN_POINT('',(-0.028208269422244,0.0323294904274997,0.0227));
#5817=CARTESIAN_POINT('',(0.00698173057775602,0.0323294904274997,0.0352));
#5818=CARTESIAN_POINT('',(0.042171730577756,0.0333294904274997,0.0352));
#5819=CARTESIAN_POINT('',(0.00698173057775602,0.0323294904274997,0.0352));
#5820=CARTESIAN_POINT('',(-3.50921171154636E-5,0.0323294904274997,0.02085));
#5821=CARTESIAN_POINT('',(0.00132434349507093,-0.0266020194692278,0.0202225763350725));
#5822=CARTESIAN_POINT('',(0.00802140031009913,-0.0266020194692278,0.0202225763350725));
#5823=CARTESIAN_POINT('',(0.00802140031009913,-0.0506020194692278,0.0202225763350725));
#5824=CARTESIAN_POINT('',(0.00132434349507093,-0.0506020194692278,0.0202225763350725));
#5825=CARTESIAN_POINT('',(-0.00537271331995726,-0.0506020194692278,0.0202225763350725));
#5826=CARTESIAN_POINT('',(-0.00537271331995726,-0.0266020194692278,0.0202225763350725));
#5827=CARTESIAN_POINT('',(-0.00537271331995726,-0.0266020194692278,0.0165963647887111));
#5828=CARTESIAN_POINT('',(-0.00537271331995726,-0.0506020194692278,0.0129701532423496));
#5829=CARTESIAN_POINT('',(-0.00537271331995726,-0.0506020194692278,0.0129701532423496));
#5830=CARTESIAN_POINT('',(-0.00537271331995726,-0.0266020194692278,0.0129701532423496));
#5831=CARTESIAN_POINT('',(0.00132434349507093,-0.0266020194692278,0.0129701532423496));
#5832=CARTESIAN_POINT('',(0.00802140031009913,-0.0506020194692278,0.0129701532423496));
#5833=CARTESIAN_POINT('',(0.00802140031009913,-0.0506020194692278,0.0129701532423496));
#5834=CARTESIAN_POINT('',(0.00802140031009913,-0.0266020194692278,0.0129701532423496));
#5835=CARTESIAN_POINT('',(0.00802140031009913,-0.0266020194692278,0.0165963647887111));
#5836=CARTESIAN_POINT('',(0.00802140031009913,-0.0506020194692278,0.0165963647887111));
#5837=CARTESIAN_POINT('',(0.0467149078828845,-0.0116901407018304,0.0287058204412461));
#5838=CARTESIAN_POINT('',(0.0467149078828845,-0.0104685919359326,0.0287058204412461));
#5839=CARTESIAN_POINT('',(0.0557149078828845,-0.0104685919359326,0.0287058204412461));
#5840=CARTESIAN_POINT('',(0.0557149078828845,-0.0129116894677281,0.0287058204412461));
#5841=CARTESIAN_POINT('',(0.0557149078828845,-0.0129116894677281,0.0287058204412461));
#5842=CARTESIAN_POINT('',(0.0467149078828845,-0.0129116894677281,0.0287058204412461));
#5843=CARTESIAN_POINT('',(0.0467149078828845,-0.0129116894677281,0.0218207235448062));
#5844=CARTESIAN_POINT('',(0.0557149078828845,-0.0129116894677281,0.0218207235448062));
#5845=CARTESIAN_POINT('',(0.0557149078828845,-0.0129116894677281,0.0149356266483664));
#5846=CARTESIAN_POINT('',(0.0467149078828845,-0.0129116894677281,0.0149356266483664));
#5847=CARTESIAN_POINT('',(0.0467149078828845,-0.0116901407018304,0.0149356266483664));
#5848=CARTESIAN_POINT('',(0.0557149078828845,-0.0116901407018304,0.0149356266483664));
#5849=CARTESIAN_POINT('',(0.0557149078828845,-0.0104685919359326,0.0149356266483664));
#5850=CARTESIAN_POINT('',(0.0467149078828845,-0.0104685919359326,0.0149356266483664));
#5851=CARTESIAN_POINT('',(0.0467149078828845,-0.0104685919359326,0.0218207235448062));
#5852=CARTESIAN_POINT('',(0.0557149078828845,-0.0104685919359326,0.0287058204412461));
#5853=CARTESIAN_POINT('',(0.0467149078828845,-0.0156879369169473,0.0287058204412461));
#5854=CARTESIAN_POINT('',(0.0467149078828845,-0.0144663881510496,0.0287058204412461));
#5855=CARTESIAN_POINT('',(0.0557149078828845,-0.0144663881510496,0.0287058204412461));
#5856=CARTESIAN_POINT('',(0.0557149078828845,-0.0169094856828451,0.0287058204412461));
#5857=CARTESIAN_POINT('',(0.0557149078828845,-0.0169094856828451,0.0287058204412461));
#5858=CARTESIAN_POINT('',(0.0467149078828845,-0.0169094856828451,0.0287058204412461));
#5859=CARTESIAN_POINT('',(0.0467149078828845,-0.0169094856828451,0.0218207235448062));
#5860=CARTESIAN_POINT('',(0.0557149078828845,-0.0169094856828451,0.0218207235448062));
#5861=CARTESIAN_POINT('',(0.0557149078828845,-0.0169094856828451,0.0149356266483664));
#5862=CARTESIAN_POINT('',(0.0467149078828845,-0.0169094856828451,0.0149356266483664));
#5863=CARTESIAN_POINT('',(0.0467149078828845,-0.0156879369169473,0.0149356266483664));
#5864=CARTESIAN_POINT('',(0.0557149078828845,-0.0156879369169473,0.0149356266483664));
#5865=CARTESIAN_POINT('',(0.0557149078828845,-0.0144663881510496,0.0149356266483664));
#5866=CARTESIAN_POINT('',(0.0467149078828845,-0.0144663881510496,0.0149356266483664));
#5867=CARTESIAN_POINT('',(0.0467149078828845,-0.0144663881510496,0.0218207235448062));
#5868=CARTESIAN_POINT('',(0.0557149078828845,-0.0144663881510496,0.0287058204412461));
#5869=CARTESIAN_POINT('',(0.0467149078828845,-0.0204630848020315,0.0287058204412461));
#5870=CARTESIAN_POINT('',(0.0467149078828845,-0.0192415360361337,0.0287058204412461));
#5871=CARTESIAN_POINT('',(0.0557149078828845,-0.0192415360361337,0.0287058204412461));
#5872=CARTESIAN_POINT('',(0.0557149078828845,-0.0216846335679293,0.0287058204412461));
#5873=CARTESIAN_POINT('',(0.0557149078828845,-0.0216846335679293,0.0287058204412461));
#5874=CARTESIAN_POINT('',(0.0467149078828845,-0.0216846335679293,0.0287058204412461));
#5875=CARTESIAN_POINT('',(0.0467149078828845,-0.0216846335679293,0.0218207235448062));
#5876=CARTESIAN_POINT('',(0.0557149078828845,-0.0216846335679293,0.0218207235448062));
#5877=CARTESIAN_POINT('',(0.0557149078828845,-0.0216846335679293,0.0149356266483664));
#5878=CARTESIAN_POINT('',(0.0467149078828845,-0.0216846335679293,0.0149356266483664));
#5879=CARTESIAN_POINT('',(0.0467149078828845,-0.0204630848020315,0.0149356266483664));
#5880=CARTESIAN_POINT('',(0.0557149078828845,-0.0204630848020315,0.0149356266483664));
#5881=CARTESIAN_POINT('',(0.0557149078828845,-0.0192415360361337,0.0149356266483664));
#5882=CARTESIAN_POINT('',(0.0467149078828845,-0.0192415360361337,0.0149356266483664));
#5883=CARTESIAN_POINT('',(0.0467149078828845,-0.0192415360361337,0.0218207235448062));
#5884=CARTESIAN_POINT('',(0.0557149078828845,-0.0192415360361337,0.0287058204412461));
#5885=CARTESIAN_POINT('',(-0.0553365639796916,-0.00863626452086404,0.0367514718625762));
#5886=CARTESIAN_POINT('',(-0.0553365639796916,-0.0501534913318039,0.0367514718625762));
#5887=CARTESIAN_POINT('',(-0.0553365639796916,0.0328809622900759,0.0367514718625762));
#5888=CARTESIAN_POINT('',(-3.50921171154705E-5,0.0328809622900759,0.0367514718625762));
#5889=CARTESIAN_POINT('',(0.0552663797454607,0.0328809622900759,0.0367514718625762));
#5890=CARTESIAN_POINT('',(-0.0553365639796916,0.0328809622900759,0.0367514718625762));
#5891=CARTESIAN_POINT('',(-3.50921171154636E-5,-0.0501534913318039,0.0367514718625762));
#5892=CARTESIAN_POINT('',(0.0552663797454607,-0.0501534913318039,0.0367514718625762));
#5893=CARTESIAN_POINT('',(-0.0553365639796916,-0.0501534913318039,0.0367514718625762));
#5894=CARTESIAN_POINT('',(0.0552663797454607,-0.00863626452086404,0.0367514718625762));
#5895=CARTESIAN_POINT('',(0.0552663797454607,0.0328809622900759,0.0367514718625762));
#5896=CARTESIAN_POINT('',(0.0552663797454607,-0.0501534913318039,0.0367514718625762));
#5897=CARTESIAN_POINT('',(-0.0553365639796916,0.0328809622900759,0.0382));
#5898=CARTESIAN_POINT('',(-0.0553365639796916,0.0328809622900759,0.0382));
#5899=CARTESIAN_POINT('',(-0.0553365639796916,0.0328809622900759,0.0382));
#5900=CARTESIAN_POINT('',(-0.0553952762242267,0.0330705743369565,0.0382));
#5901=CARTESIAN_POINT('',(-0.055460726117048,0.0330051244274331,0.0382000000027279));
#5902=CARTESIAN_POINT('',(-0.0555261760265722,0.032939674534611,0.0382));
#5903=CARTESIAN_POINT('',(-0.0555126731744588,0.0334497094936203,0.0381245769284362));
#5904=CARTESIAN_POINT('',(-0.0557190041113836,0.0332634024217674,0.0381769958201706));
#5905=CARTESIAN_POINT('',(-0.0559053111832361,0.033057071484843,0.0381245769284362));
#5906=CARTESIAN_POINT('',(-0.055661979154054,0.0339318953243901,0.0378024049165258));
#5907=CARTESIAN_POINT('',(-0.0561359852792806,0.033680383589665,0.0380424805671282));
#5908=CARTESIAN_POINT('',(-0.0563874970140058,0.0332063774644383,0.0378024049165258));
#5909=CARTESIAN_POINT('',(-0.0557617378126271,0.034254067361546,0.0373202189931892));
#5910=CARTESIAN_POINT('',(-0.0566041100230236,0.034148508333408,0.0376510289957693));
#5911=CARTESIAN_POINT('',(-0.0567096690511618,0.0333061361230113,0.0373202189931892));
#5912=CARTESIAN_POINT('',(-0.0557850921169525,0.0343294904274997,0.0369410840665398));
#5913=CARTESIAN_POINT('',(-0.0567850921081363,0.0343294904185202,0.0370719849859578));
#5914=CARTESIAN_POINT('',(-0.0567850921171155,0.0333294904273368,0.0369410840665398));
#5915=CARTESIAN_POINT('',(-0.0557850921171155,0.0343294904274997,0.0367514718625762));
#5916=CARTESIAN_POINT('',(-0.0567850921171155,0.0343294904274997,0.0367514718625762));
#5917=CARTESIAN_POINT('',(-0.0567850921171155,0.0333294904274997,0.0367514718625762));
#5918=CARTESIAN_POINT('',(-0.0557850921171155,0.0333294904274997,0.0367514718625762));
#5919=CARTESIAN_POINT('',(-0.0557850921171155,0.0333294904274997,0.0352));
#5920=CARTESIAN_POINT('',(-0.0557850921171155,0.0333294904274997,0.0045));
#5921=CARTESIAN_POINT('',(-0.0557850921171155,-0.00863626452086404,0.0045));
#5922=CARTESIAN_POINT('',(-0.0557850921171155,0.0333294904274997,0.0045));
#5923=CARTESIAN_POINT('',(-0.0557850921171155,-0.0506020194692278,0.0045));
#5924=CARTESIAN_POINT('',(-0.0557850921171155,-0.0506020194692278,0.0352));
#5925=CARTESIAN_POINT('',(-0.0557850921171155,-0.0506020194692278,0.0045));
#5926=CARTESIAN_POINT('',(-0.0557850921171155,-0.0506020194692278,0.0367514718625762));
#5927=CARTESIAN_POINT('',(-0.0553365639796916,-0.0501534913318039,0.0382));
#5928=CARTESIAN_POINT('',(-0.0553365639796916,-0.0501534913318039,0.0382));
#5929=CARTESIAN_POINT('',(-0.0553365639796916,-0.0501534913318039,0.0382));
#5930=CARTESIAN_POINT('',(-0.0555261760265722,-0.050212203576339,0.0382));
#5931=CARTESIAN_POINT('',(-0.055460726117048,-0.050277653469161,0.0382000000027279));
#5932=CARTESIAN_POINT('',(-0.0553952762242267,-0.0503431033786845,0.0382));
#5933=CARTESIAN_POINT('',(-0.055905311183236,-0.050329600526571,0.0381245769284362));
#5934=CARTESIAN_POINT('',(-0.0557190041113835,-0.0505359314634955,0.0381769958201706));
#5935=CARTESIAN_POINT('',(-0.0555126731744587,-0.0507222385353483,0.0381245769284362));
#5936=CARTESIAN_POINT('',(-0.0563874970140059,-0.0504789065061663,0.0378024049165258));
#5937=CARTESIAN_POINT('',(-0.0561359852792807,-0.050952912631393,0.0380424805671282));
#5938=CARTESIAN_POINT('',(-0.055661979154054,-0.0512044243661182,0.0378024049165258));
#5939=CARTESIAN_POINT('',(-0.0567096690511618,-0.0505786651647393,0.0373202189931892));
#5940=CARTESIAN_POINT('',(-0.0566041100230236,-0.0514210373751361,0.0376510289957693));
#5941=CARTESIAN_POINT('',(-0.0557617378126271,-0.0515265964032741,0.0373202189931892));
#5942=CARTESIAN_POINT('',(-0.0567850921171155,-0.0506020194690648,0.0369410840665398));
#5943=CARTESIAN_POINT('',(-0.0567850921081363,-0.0516020194602482,0.0370719849859579));
#5944=CARTESIAN_POINT('',(-0.0557850921169525,-0.0516020194692278,0.0369410840665398));
#5945=CARTESIAN_POINT('',(-0.0567850921171155,-0.0506020194692278,0.0367514718625762));
#5946=CARTESIAN_POINT('',(-0.0567850921171155,-0.0516020194692278,0.0367514718625762));
#5947=CARTESIAN_POINT('',(-0.0557850921171155,-0.0516020194692278,0.0367514718625762));
#5948=CARTESIAN_POINT('',(0.0552663797454607,-0.0501534913318039,0.0382));
#5949=CARTESIAN_POINT('',(0.0552663797454607,-0.0501534913318039,0.0382));
#5950=CARTESIAN_POINT('',(0.0552663797454607,-0.0501534913318039,0.0382));
#5951=CARTESIAN_POINT('',(0.0553250919899958,-0.0503431033786845,0.0382));
#5952=CARTESIAN_POINT('',(0.0553905418828168,-0.050277653469161,0.0382000000027279));
#5953=CARTESIAN_POINT('',(0.0554559917923413,-0.050212203576339,0.0382));
#5954=CARTESIAN_POINT('',(0.0554424889402278,-0.0507222385353483,0.0381245769284362));
#5955=CARTESIAN_POINT('',(0.0556488198771528,-0.0505359314634955,0.0381769958201706));
#5956=CARTESIAN_POINT('',(0.0558351269490051,-0.050329600526571,0.0381245769284362));
#5957=CARTESIAN_POINT('',(0.0555917949198231,-0.0512044243661182,0.0378024049165258));
#5958=CARTESIAN_POINT('',(0.0560658010450497,-0.0509529126313931,0.0380424805671282));
#5959=CARTESIAN_POINT('',(0.0563173127797749,-0.0504789065061663,0.0378024049165258));
#5960=CARTESIAN_POINT('',(0.0556915535783962,-0.0515265964032741,0.0373202189931892));
#5961=CARTESIAN_POINT('',(0.0565339257887927,-0.0514210373751355,0.0376510289957692));
#5962=CARTESIAN_POINT('',(0.0566394848169309,-0.0505786651647393,0.0373202189931892));
#5963=CARTESIAN_POINT('',(0.0557149078827216,-0.0516020194692278,0.0369410840665398));
#5964=CARTESIAN_POINT('',(0.0567149078739055,-0.0516020194602495,0.037071984985958));
#5965=CARTESIAN_POINT('',(0.0567149078828846,-0.0506020194690648,0.0369410840665398));
#5966=CARTESIAN_POINT('',(0.0557149078828846,-0.0516020194692278,0.0367514718625762));
#5967=CARTESIAN_POINT('',(0.0567149078828846,-0.0516020194692278,0.0367514718625762));
#5968=CARTESIAN_POINT('',(0.0567149078828846,-0.0506020194692278,0.0367514718625762));
#5969=CARTESIAN_POINT('',(0.0557149078828845,-0.0506020194692278,0.0367514718625762));
#5970=CARTESIAN_POINT('',(0.0557149078828845,-0.0506020194692278,0.0352));
#5971=CARTESIAN_POINT('',(0.0557149078828845,-0.0506020194692278,0.0045));
#5972=CARTESIAN_POINT('',(-3.50921171154567E-5,-0.0506020194692278,0.0045));
#5973=CARTESIAN_POINT('',(0.0557149078828845,-0.0506020194692278,0.0045));
#5974=CARTESIAN_POINT('',(-0.0557850921171155,-0.0506020194692278,0.0045));
#5975=CARTESIAN_POINT('',(-0.0557850921171155,-0.0506020194692278,0.0045));
#5976=CARTESIAN_POINT('',(-0.00637271331995726,-0.0506020194692278,0.0165963647887111));
#5977=CARTESIAN_POINT('',(-0.00637271331995726,-0.0506020194692278,0.0119701532423496));
#5978=CARTESIAN_POINT('',(-0.00637271331995726,-0.0506020194692278,0.0212225763350725));
#5979=CARTESIAN_POINT('',(-3.50921171154567E-5,-0.0506020194692278,0.0212225763350725));
#5980=CARTESIAN_POINT('',(0.00902140031009913,-0.0506020194692278,0.0212225763350725));
#5981=CARTESIAN_POINT('',(0.00132434349507093,-0.0506020194692278,0.0119701532423496));
#5982=CARTESIAN_POINT('',(0.00902140031009913,-0.0506020194692278,0.0119701532423496));
#5983=CARTESIAN_POINT('',(0.00902140031009913,-0.0506020194692278,0.0352));
#5984=CARTESIAN_POINT('',(0.0552663797454607,0.0328809622900759,0.0382));
#5985=CARTESIAN_POINT('',(0.0552663797454607,0.0328809622900759,0.0382));
#5986=CARTESIAN_POINT('',(0.0552663797454607,0.0328809622900759,0.0382));
#5987=CARTESIAN_POINT('',(0.0554559917923413,0.032939674534611,0.0382));
#5988=CARTESIAN_POINT('',(0.0553905418828168,0.0330051244274331,0.0382000000027279));
#5989=CARTESIAN_POINT('',(0.0553250919899958,0.0330705743369565,0.0382));
#5990=CARTESIAN_POINT('',(0.0558351269490051,0.033057071484843,0.0381245769284362));
#5991=CARTESIAN_POINT('',(0.0556488198771528,0.0332634024217674,0.0381769958201706));
#5992=CARTESIAN_POINT('',(0.0554424889402279,0.0334497094936203,0.0381245769284362));
#5993=CARTESIAN_POINT('',(0.0563173127797749,0.0332063774644383,0.0378024049165258));
#5994=CARTESIAN_POINT('',(0.0560658010450497,0.0336803835896651,0.0380424805671282));
#5995=CARTESIAN_POINT('',(0.0555917949198231,0.0339318953243901,0.0378024049165258));
#5996=CARTESIAN_POINT('',(0.0566394848169309,0.0333061361230113,0.0373202189931892));
#5997=CARTESIAN_POINT('',(0.0565339257887927,0.0341485083334075,0.0376510289957692));
#5998=CARTESIAN_POINT('',(0.0556915535783962,0.034254067361546,0.0373202189931892));
#5999=CARTESIAN_POINT('',(0.0567149078828846,0.0333294904273368,0.0369410840665398));
#6000=CARTESIAN_POINT('',(0.0567149078739055,0.0343294904185215,0.0370719849859579));
#6001=CARTESIAN_POINT('',(0.0557149078827216,0.0343294904274997,0.0369410840665398));
#6002=CARTESIAN_POINT('',(0.0567149078828846,0.0333294904274997,0.0367514718625762));
#6003=CARTESIAN_POINT('',(0.0567149078828846,0.0343294904274997,0.0367514718625762));
#6004=CARTESIAN_POINT('',(0.0557149078828846,0.0343294904274997,0.0367514718625762));
#6005=CARTESIAN_POINT('',(0.0557149078828846,0.0333294904274997,0.0367514718625762));
#6006=CARTESIAN_POINT('',(0.0557149078828845,0.0333294904274997,0.0352));
#6007=CARTESIAN_POINT('',(0.0557149078828845,0.0333294904274997,0.0045));
#6008=CARTESIAN_POINT('',(0.0557149078828845,-0.00863626452086404,0.0045));
#6009=CARTESIAN_POINT('',(0.0557149078828845,0.0333294904274997,0.0045));
#6010=CARTESIAN_POINT('',(0.0557149078828845,-0.0506020194692278,0.0045));
#6011=CARTESIAN_POINT('',(0.0557149078828845,-0.0506020194692278,0.0045));
#6012=CARTESIAN_POINT('',(0.0557149078828845,-0.0179094856828451,0.0218207235448062));
#6013=CARTESIAN_POINT('',(0.0557149078828845,-0.0179094856828451,0.0139356266483664));
#6014=CARTESIAN_POINT('',(0.0557149078828845,-0.0179094856828451,0.0297058204412461));
#6015=CARTESIAN_POINT('',(0.0557149078828845,-0.00863626452086404,0.0297058204412461));
#6016=CARTESIAN_POINT('',(0.0557149078828845,-0.0134663881510496,0.0297058204412461));
#6017=CARTESIAN_POINT('',(0.056689806177242,-0.0136890388093889,0.0294831697829067));
#6018=CARTESIAN_POINT('',(0.0557149078828845,-0.0139116894677281,0.0297058204412461));
#6019=CARTESIAN_POINT('',(0.0557149078828845,-0.00946859193593264,0.0297058204412461));
#6020=CARTESIAN_POINT('',(0.0557149078828845,-0.0156879369169473,0.0139356266483664));
#6021=CARTESIAN_POINT('',(0.0557149078828845,-0.0134663881510496,0.0139356266483664));
#6022=CARTESIAN_POINT('',(0.056689806177242,-0.0136890388093889,0.0141582773067057));
#6023=CARTESIAN_POINT('',(0.0557149078828845,-0.00946859193593264,0.0139356266483664));
#6024=CARTESIAN_POINT('',(0.0557149078828845,-0.0139116894677281,0.0139356266483664));
#6025=CARTESIAN_POINT('',(0.0557149078828845,-0.0134663881510496,0.0352));
#6026=CARTESIAN_POINT('',(0.056689806177242,-0.0136890388093889,0.0218207235448062));
#6027=CARTESIAN_POINT('',(0.0557149078828845,-0.0139116894677281,0.0218207235448062));
#6028=CARTESIAN_POINT('',(0.0557149078828845,-0.00946859193593264,0.0352));
#6029=CARTESIAN_POINT('',(0.0557149078828845,-0.0226846335679292,0.0218207235448062));
#6030=CARTESIAN_POINT('',(0.0557149078828845,-0.0226846335679292,0.0139356266483664));
#6031=CARTESIAN_POINT('',(0.0557149078828845,-0.0226846335679292,0.0297058204412461));
#6032=CARTESIAN_POINT('',(0.0557149078828845,-0.00863626452086404,0.0297058204412461));
#6033=CARTESIAN_POINT('',(0.0557149078828845,-0.0182415360361338,0.0297058204412461));
#6034=CARTESIAN_POINT('',(0.0557149078828845,-0.0204630848020315,0.0139356266483664));
#6035=CARTESIAN_POINT('',(0.0557149078828845,-0.0182415360361338,0.0139356266483664));
#6036=CARTESIAN_POINT('',(0.0557149078828845,-0.0182415360361338,0.0352));
#6037=CARTESIAN_POINT('',(0.0557149078828845,0.0333294904274997,0.0045));
#6038=CARTESIAN_POINT('',(0.0557149078828845,0.0333294904274997,0.0045));
#6039=CARTESIAN_POINT('',(-3.50921171154636E-5,0.0333294904274997,0.0045));
#6040=CARTESIAN_POINT('',(0.0542544188008751,0.0333294904274997,0.0035));
#6041=CARTESIAN_POINT('',(0.0537100140650315,0.0335343663153672,0.0035));
#6042=CARTESIAN_POINT('',(0.0525437577228573,0.0337721027863522,0.00360771065363687));
#6043=CARTESIAN_POINT('',(0.0513650465086507,0.0335343663153672,0.0035));
#6044=CARTESIAN_POINT('',(0.0508206417728071,0.0333294904274997,0.0035));
#6045=CARTESIAN_POINT('',(-0.0514584695534333,0.0333294904274997,0.0035));
#6046=CARTESIAN_POINT('',(-0.0520028742892769,0.0335343663153672,0.0035));
#6047=CARTESIAN_POINT('',(-0.0531691306314512,0.0337721027863522,0.00360771065363687));
#6048=CARTESIAN_POINT('',(-0.0543478418456577,0.0335343663153672,0.0035));
#6049=CARTESIAN_POINT('',(-0.0548922465815013,0.0333294904274997,0.0035));
#6050=CARTESIAN_POINT('',(-0.0557850921171155,0.0333294904274997,0.0045));
#6051=CARTESIAN_POINT('',(-0.0557850921171155,0.0333294904274997,0.0045));
#6052=CARTESIAN_POINT('',(0.043171730577756,0.0333294904274997,0.0352));
#6053=CARTESIAN_POINT('',(0.043171730577756,0.0333294904274997,0.0362));
#6054=CARTESIAN_POINT('',(0.043171730577756,0.0333294904274997,0.0092));
#6055=CARTESIAN_POINT('',(0.00698173057775602,0.0333294904274997,0.0092));
#6056=CARTESIAN_POINT('',(-0.029208269422244,0.0333294904274997,0.0092));
#6057=CARTESIAN_POINT('',(-3.50921171154705E-5,0.0333294904274997,0.0362));
#6058=CARTESIAN_POINT('',(-0.029208269422244,0.0333294904274997,0.0362));
#6059=CARTESIAN_POINT('',(-0.029208269422244,0.0333294904274997,0.0227));
#6060=CARTESIAN_POINT('',(-0.0398650921171154,-0.0029372110479009,0.0045));
#6061=CARTESIAN_POINT('',(-0.0398650921171154,0.00751798053077224,0.0045));
#6062=CARTESIAN_POINT('',(-0.0398650921171154,-0.013392402626574,0.0045));
#6063=CARTESIAN_POINT('',(-3.50921171154645E-5,-0.013392402626574,0.0045));
#6064=CARTESIAN_POINT('',(0.0384549078828846,-0.0133924026265741,0.0045));
#6065=CARTESIAN_POINT('',(-0.000705092117115453,0.00751798053077224,0.0045));
#6066=CARTESIAN_POINT('',(0.0384549078828846,0.00751798053077223,0.0045));
#6067=CARTESIAN_POINT('',(0.0384549078828846,-0.00863626452086404,0.0045));
#6068=CARTESIAN_POINT('',(0.0525375302868411,0.0313769808038671,0.0045));
#6069=CARTESIAN_POINT('',(-0.0531753580674673,0.0313769808038671,0.0045));
#6070=CARTESIAN_POINT('',(0.0525375302868411,-0.0436020194692278,0.0045));
#6071=CARTESIAN_POINT('',(-0.0531753580674673,-0.0436020194692278,0.0045));
#6072=CARTESIAN_POINT('',(0.0216228074865891,-0.0326444183119747,0.0043));
#6073=CARTESIAN_POINT('',(0.0216228074865891,-0.0326444183119747,0.0035));
#6074=CARTESIAN_POINT('',(0.0211250055641964,-0.0326444183119747,0.0035));
#6075=CARTESIAN_POINT('',(0.0221206094089818,-0.0326444183119747,0.0035));
#6076=CARTESIAN_POINT('',(0.0211250055641964,-0.0326444183119747,0.0043));
#6077=CARTESIAN_POINT('',(0.0211250055641964,-0.0326444183119747,0.0043));
#6078=CARTESIAN_POINT('',(0.0216228074865891,-0.0326444183119747,0.0043));
#6079=CARTESIAN_POINT('',(0.0221206094089818,-0.0326444183119747,0.0043));
#6080=CARTESIAN_POINT('',(0.0221206094089818,-0.0326444183119747,0.0043));
#6081=CARTESIAN_POINT('',(0.0211250055641964,-0.0352380709706874,0.0043));
#6082=CARTESIAN_POINT('',(0.0211250055641964,-0.0352380709706874,0.0035));
#6083=CARTESIAN_POINT('',(0.0211250055641964,-0.0378317236294,0.0035));
#6084=CARTESIAN_POINT('',(0.0211250055641964,-0.0378317236294,0.0043));
#6085=CARTESIAN_POINT('',(0.0211250055641964,-0.0378317236294,0.0043));
#6086=CARTESIAN_POINT('',(0.0211250055641964,-0.0352380709706874,0.0043));
#6087=CARTESIAN_POINT('',(0.021633271791264,-0.0378317236294,0.0043));
#6088=CARTESIAN_POINT('',(0.021633271791264,-0.0378317236294,0.0035));
#6089=CARTESIAN_POINT('',(0.0221415380183316,-0.0378317236294,0.0035));
#6090=CARTESIAN_POINT('',(0.0221415380183316,-0.0378317236294,0.0043));
#6091=CARTESIAN_POINT('',(0.0221415380183316,-0.0378317236294,0.0043));
#6092=CARTESIAN_POINT('',(0.021633271791264,-0.0378317236294,0.0043));
#6093=CARTESIAN_POINT('',(0.0237470613355981,-0.0376015089265517,0.0043));
#6094=CARTESIAN_POINT('',(0.0237470613355981,-0.0376015089265517,0.0035));
#6095=CARTESIAN_POINT('',(0.0234022375815483,-0.0377549853951172,0.0043));
#6096=CARTESIAN_POINT('',(0.0234022375815483,-0.0377549853951172,0.0035));
#6097=CARTESIAN_POINT('',(0.0228670631424595,-0.0378317236294,0.0043));
#6098=CARTESIAN_POINT('',(0.0228670631424595,-0.0378317236294,0.0035));
#6099=CARTESIAN_POINT('',(0.0221415380183316,-0.0378317236294,0.0043));
#6100=CARTESIAN_POINT('',(0.0221415380183316,-0.0378317236294,0.0035));
#6101=CARTESIAN_POINT('',(0.0237470613355981,-0.0376015089265517,0.0035));
#6102=CARTESIAN_POINT('',(0.0232298257045235,-0.0378317236294,0.0035));
#6103=CARTESIAN_POINT('',(0.0221415380183316,-0.0378317236294,0.0035));
#6104=CARTESIAN_POINT('',(0.0237470613355981,-0.0376015089265517,0.0035));
#6105=CARTESIAN_POINT('',(0.0237470613355981,-0.0376015089265517,0.0043));
#6106=CARTESIAN_POINT('',(0.0237470613355981,-0.0376015089265517,0.0043));
#6107=CARTESIAN_POINT('',(0.0237470613355981,-0.0376015089265517,0.0043));
#6108=CARTESIAN_POINT('',(0.0232298257045235,-0.0378317236294,0.0043));
#6109=CARTESIAN_POINT('',(0.0221415380183316,-0.0378317236294,0.0043));
#6110=CARTESIAN_POINT('',(0.024427241139468,-0.0367778186585686,0.0043));
#6111=CARTESIAN_POINT('',(0.024427241139468,-0.0367778186585686,0.0035));
#6112=CARTESIAN_POINT('',(0.0243186116909379,-0.0371734690353252,0.0043));
#6113=CARTESIAN_POINT('',(0.0243186116909379,-0.0371734690353252,0.0035));
#6114=CARTESIAN_POINT('',(0.0240918850896479,-0.0374480324579862,0.0043));
#6115=CARTESIAN_POINT('',(0.0240918850896479,-0.0374480324579862,0.0035));
#6116=CARTESIAN_POINT('',(0.0237470613355981,-0.0376015089265517,0.0043));
#6117=CARTESIAN_POINT('',(0.0237470613355981,-0.0376015089265517,0.0035));
#6118=CARTESIAN_POINT('',(0.024427241139468,-0.0367778186585686,0.0035));
#6119=CARTESIAN_POINT('',(0.0242642969666728,-0.0373712942237035,0.0035));
#6120=CARTESIAN_POINT('',(0.0237470613355981,-0.0376015089265517,0.0035));
#6121=CARTESIAN_POINT('',(0.024427241139468,-0.0367778186585686,0.0035));
#6122=CARTESIAN_POINT('',(0.024427241139468,-0.0367778186585686,0.0043));
#6123=CARTESIAN_POINT('',(0.024427241139468,-0.0367778186585686,0.0043));
#6124=CARTESIAN_POINT('',(0.024427241139468,-0.0367778186585686,0.0043));
#6125=CARTESIAN_POINT('',(0.0242642969666728,-0.0373712942237035,0.0043));
#6126=CARTESIAN_POINT('',(0.0237470613355981,-0.0376015089265517,0.0043));
#6127=CARTESIAN_POINT('',(0.0245901853122632,-0.0350751267978922,0.0043));
#6128=CARTESIAN_POINT('',(0.0245901853122632,-0.0350751267978922,0.0035));
#6129=CARTESIAN_POINT('',(0.0245901853122632,-0.0358146043282533,0.0043));
#6130=CARTESIAN_POINT('',(0.0245901853122632,-0.0358146043282533,0.0035));
#6131=CARTESIAN_POINT('',(0.0245358705879981,-0.0363821682818121,0.0043));
#6132=CARTESIAN_POINT('',(0.0245358705879981,-0.0363821682818121,0.0035));
#6133=CARTESIAN_POINT('',(0.024427241139468,-0.0367778186585686,0.0043));
#6134=CARTESIAN_POINT('',(0.024427241139468,-0.0367778186585686,0.0035));
#6135=CARTESIAN_POINT('',(0.0245901853122632,-0.0350751267978922,0.0035));
#6136=CARTESIAN_POINT('',(0.0245901853122632,-0.0361843430934338,0.0035));
#6137=CARTESIAN_POINT('',(0.024427241139468,-0.0367778186585686,0.0035));
#6138=CARTESIAN_POINT('',(0.0245901853122632,-0.0350751267978922,0.0035));
#6139=CARTESIAN_POINT('',(0.0245901853122632,-0.0350751267978922,0.0043));
#6140=CARTESIAN_POINT('',(0.0245901853122632,-0.0350751267978922,0.0043));
#6141=CARTESIAN_POINT('',(0.0245901853122632,-0.0350751267978922,0.0043));
#6142=CARTESIAN_POINT('',(0.0245901853122632,-0.0361843430934338,0.0043));
#6143=CARTESIAN_POINT('',(0.024427241139468,-0.0367778186585686,0.0043));
#6144=CARTESIAN_POINT('',(0.024359970609415,-0.0335921853353891,0.0043));
#6145=CARTESIAN_POINT('',(0.024359970609415,-0.0335921853353891,0.0035));
#6146=CARTESIAN_POINT('',(0.0245134470779805,-0.0339429886921102,0.0043));
#6147=CARTESIAN_POINT('',(0.0245134470779805,-0.0339429886921102,0.0035));
#6148=CARTESIAN_POINT('',(0.0245901853122632,-0.0344373025129446,0.0043));
#6149=CARTESIAN_POINT('',(0.0245901853122632,-0.0344373025129446,0.0035));
#6150=CARTESIAN_POINT('',(0.0245901853122632,-0.0350751267978922,0.0043));
#6151=CARTESIAN_POINT('',(0.0245901853122632,-0.0350751267978922,0.0035));
#6152=CARTESIAN_POINT('',(0.024359970609415,-0.0335921853353891,0.0035));
#6153=CARTESIAN_POINT('',(0.0245901853122632,-0.0341183903704708,0.0035));
#6154=CARTESIAN_POINT('',(0.0245901853122632,-0.0350751267978922,0.0035));
#6155=CARTESIAN_POINT('',(0.024359970609415,-0.0335921853353891,0.0035));
#6156=CARTESIAN_POINT('',(0.024359970609415,-0.0335921853353891,0.0043));
#6157=CARTESIAN_POINT('',(0.024359970609415,-0.0335921853353891,0.0043));
#6158=CARTESIAN_POINT('',(0.024359970609415,-0.0335921853353891,0.0043));
#6159=CARTESIAN_POINT('',(0.0245901853122632,-0.0341183903704708,0.0043));
#6160=CARTESIAN_POINT('',(0.0245901853122632,-0.0350751267978922,0.0043));
#6161=CARTESIAN_POINT('',(0.0231251526197664,-0.0341087655089893,0.0043));
#6162=CARTESIAN_POINT('',(0.0231251526197664,-0.0341087655089893,0.0035));
#6163=CARTESIAN_POINT('',(0.0235945814674778,-0.032855199306141,0.0035));
#6164=CARTESIAN_POINT('',(0.0235945814674778,-0.032855199306141,0.0043));
#6165=CARTESIAN_POINT('',(0.0235945814674778,-0.032855199306141,0.0043));
#6166=CARTESIAN_POINT('',(0.0231251526197664,-0.0341087655089893,0.0043));
#6167=CARTESIAN_POINT('',(0.0189633791984913,-0.0316308756591752,0.0043));
#6168=CARTESIAN_POINT('',(0.0189633791984913,-0.0238813105970621,0.0043));
#6169=CARTESIAN_POINT('',(0.0189633791984913,-0.0238813105970621,0.0043));
#6170=CARTESIAN_POINT('',(0.0189633791984913,-0.0316308756591752,0.0043));
#6171=CARTESIAN_POINT('',(0.0189633791984913,-0.0393804407212884,0.0043));
#6172=CARTESIAN_POINT('',(0.0189633791984913,-0.0393804407212884,0.0043));
#6173=CARTESIAN_POINT('',(0.0200441923813438,-0.0238813105970621,0.0043));
#6174=CARTESIAN_POINT('',(0.0211250055641964,-0.0238813105970621,0.0043));
#6175=CARTESIAN_POINT('',(0.0211250055641964,-0.0238813105970621,0.0043));
#6176=CARTESIAN_POINT('',(0.0200441923813438,-0.0238813105970621,0.0043));
#6177=CARTESIAN_POINT('',(0.0211250055641964,-0.0274885059085743,0.0043));
#6178=CARTESIAN_POINT('',(0.0211250055641964,-0.0310957012200864,0.0043));
#6179=CARTESIAN_POINT('',(0.0211250055641964,-0.0310957012200864,0.0043));
#6180=CARTESIAN_POINT('',(0.0211250055641964,-0.0274885059085743,0.0043));
#6181=CARTESIAN_POINT('',(0.0219770989448686,-0.0310957012200864,0.0043));
#6182=CARTESIAN_POINT('',(0.0228291923255407,-0.0310957012200864,0.0043));
#6183=CARTESIAN_POINT('',(0.0228291923255407,-0.0310957012200864,0.0043));
#6184=CARTESIAN_POINT('',(0.0219770989448686,-0.0310957012200864,0.0043));
#6185=CARTESIAN_POINT('',(0.0249340124658677,-0.0315830388378041,0.0043));
#6186=CARTESIAN_POINT('',(0.0249340124658677,-0.0315830388378041,0.0035));
#6187=CARTESIAN_POINT('',(0.0243719298147577,-0.031258147092659,0.0043));
#6188=CARTESIAN_POINT('',(0.0243719298147577,-0.031258147092659,0.0035));
#6189=CARTESIAN_POINT('',(0.0236703231013153,-0.0310957012200864,0.0043));
#6190=CARTESIAN_POINT('',(0.0236703231013153,-0.0310957012200864,0.0035));
#6191=CARTESIAN_POINT('',(0.0228291923255407,-0.0310957012200864,0.0043));
#6192=CARTESIAN_POINT('',(0.0228291923255407,-0.0310957012200864,0.0035));
#6193=CARTESIAN_POINT('',(0.0249340124658677,-0.0315830388378041,0.0043));
#6194=CARTESIAN_POINT('',(0.0249340124658677,-0.0315830388378041,0.0043));
#6195=CARTESIAN_POINT('',(0.0249340124658677,-0.0315830388378041,0.0043));
#6196=CARTESIAN_POINT('',(0.0240908884892026,-0.0310957012200864,0.0043));
#6197=CARTESIAN_POINT('',(0.0228291923255407,-0.0310957012200864,0.0043));
#6198=CARTESIAN_POINT('',(0.0262076678348724,-0.0329703066575651,0.0043));
#6199=CARTESIAN_POINT('',(0.0262076678348724,-0.0329703066575651,0.0035));
#6200=CARTESIAN_POINT('',(0.025920646906646,-0.0323703531895363,0.0043));
#6201=CARTESIAN_POINT('',(0.025920646906646,-0.0323703531895363,0.0035));
#6202=CARTESIAN_POINT('',(0.0254960951169778,-0.0319079305829493,0.0043));
#6203=CARTESIAN_POINT('',(0.0254960951169778,-0.0319079305829493,0.0035));
#6204=CARTESIAN_POINT('',(0.0249340124658677,-0.0315830388378041,0.0043));
#6205=CARTESIAN_POINT('',(0.0249340124658677,-0.0315830388378041,0.0035));
#6206=CARTESIAN_POINT('',(0.0262076678348724,-0.0329703066575651,0.0043));
#6207=CARTESIAN_POINT('',(0.0262076678348724,-0.0329703066575651,0.0043));
#6208=CARTESIAN_POINT('',(0.0262076678348724,-0.0329703066575651,0.0043));
#6209=CARTESIAN_POINT('',(0.0257771364425328,-0.0320703764555219,0.0043));
#6210=CARTESIAN_POINT('',(0.0249340124658677,-0.0315830388378041,0.0043));
#6211=CARTESIAN_POINT('',(0.026638199227212,-0.0350930656059063,0.0043));
#6212=CARTESIAN_POINT('',(0.026638199227212,-0.0350930656059063,0.0035));
#6213=CARTESIAN_POINT('',(0.026638199227212,-0.0342778464417077,0.0043));
#6214=CARTESIAN_POINT('',(0.026638199227212,-0.0342778464417077,0.0035));
#6215=CARTESIAN_POINT('',(0.0264946887630989,-0.0335702601255939,0.0043));
#6216=CARTESIAN_POINT('',(0.0264946887630989,-0.0335702601255939,0.0035));
#6217=CARTESIAN_POINT('',(0.0262076678348724,-0.0329703066575651,0.0043));
#6218=CARTESIAN_POINT('',(0.0262076678348724,-0.0329703066575651,0.0035));
#6219=CARTESIAN_POINT('',(0.026638199227212,-0.0350930656059063,0.0043));
#6220=CARTESIAN_POINT('',(0.026638199227212,-0.0350930656059063,0.0043));
#6221=CARTESIAN_POINT('',(0.026638199227212,-0.0350930656059063,0.0043));
#6222=CARTESIAN_POINT('',(0.026638199227212,-0.0338702368596084,0.0043));
#6223=CARTESIAN_POINT('',(0.0262076678348724,-0.0329703066575651,0.0043));
#6224=CARTESIAN_POINT('',(0.0262555046562435,-0.0374101616410674,0.0043));
#6225=CARTESIAN_POINT('',(0.0262555046562435,-0.0374101616410674,0.0035));
#6226=CARTESIAN_POINT('',(0.0265106343702225,-0.0367723373561199,0.0043));
#6227=CARTESIAN_POINT('',(0.0265106343702225,-0.0367723373561199,0.0035));
#6228=CARTESIAN_POINT('',(0.026638199227212,-0.0359999720110661,0.0043));
#6229=CARTESIAN_POINT('',(0.026638199227212,-0.0359999720110661,0.0035));
#6230=CARTESIAN_POINT('',(0.026638199227212,-0.0350930656059063,0.0043));
#6231=CARTESIAN_POINT('',(0.026638199227212,-0.0350930656059063,0.0035));
#6232=CARTESIAN_POINT('',(0.0262555046562435,-0.0374101616410674,0.0043));
#6233=CARTESIAN_POINT('',(0.0262555046562435,-0.0374101616410674,0.0043));
#6234=CARTESIAN_POINT('',(0.0262555046562435,-0.0374101616410674,0.0043));
#6235=CARTESIAN_POINT('',(0.026638199227212,-0.036453425213646,0.0043));
#6236=CARTESIAN_POINT('',(0.026638199227212,-0.0350930656059063,0.0043));
#6237=CARTESIAN_POINT('',(0.0250401504132848,-0.0388736693948885,0.0043));
#6238=CARTESIAN_POINT('',(0.0250401504132848,-0.0388736693948885,0.0035));
#6239=CARTESIAN_POINT('',(0.0255952568612783,-0.0385358218439554,0.0043));
#6240=CARTESIAN_POINT('',(0.0255952568612783,-0.0385358218439554,0.0035));
#6241=CARTESIAN_POINT('',(0.0260003749422645,-0.038047985926015,0.0043));
#6242=CARTESIAN_POINT('',(0.0260003749422645,-0.038047985926015,0.0035));
#6243=CARTESIAN_POINT('',(0.0262555046562435,-0.0374101616410674,0.0043));
#6244=CARTESIAN_POINT('',(0.0262555046562435,-0.0374101616410674,0.0035));
#6245=CARTESIAN_POINT('',(0.0250401504132848,-0.0388736693948885,0.0043));
#6246=CARTESIAN_POINT('',(0.0250401504132848,-0.0388736693948885,0.0043));
#6247=CARTESIAN_POINT('',(0.0250401504132848,-0.0388736693948885,0.0043));
#6248=CARTESIAN_POINT('',(0.025872810085275,-0.0383668980684888,0.0043));
#6249=CARTESIAN_POINT('',(0.0262555046562435,-0.0374101616410674,0.0043));
#6250=CARTESIAN_POINT('',(0.0228112535175266,-0.0393804407212884,0.0043));
#6251=CARTESIAN_POINT('',(0.0228112535175266,-0.0393804407212884,0.0035));
#6252=CARTESIAN_POINT('',(0.023742078333372,-0.0393804407212884,0.0043));
#6253=CARTESIAN_POINT('',(0.023742078333372,-0.0393804407212884,0.0035));
#6254=CARTESIAN_POINT('',(0.0244850439652914,-0.0392115169458217,0.0043));
#6255=CARTESIAN_POINT('',(0.0244850439652914,-0.0392115169458217,0.0035));
#6256=CARTESIAN_POINT('',(0.0250401504132848,-0.0388736693948885,0.0043));
#6257=CARTESIAN_POINT('',(0.0250401504132848,-0.0388736693948885,0.0035));
#6258=CARTESIAN_POINT('',(0.0228112535175266,-0.0393804407212884,0.0043));
#6259=CARTESIAN_POINT('',(0.0228112535175266,-0.0393804407212884,0.0043));
#6260=CARTESIAN_POINT('',(0.0228112535175266,-0.0393804407212884,0.0043));
#6261=CARTESIAN_POINT('',(0.0242074907412947,-0.0393804407212884,0.0043));
#6262=CARTESIAN_POINT('',(0.0250401504132848,-0.0388736693948885,0.0043));
#6263=CARTESIAN_POINT('',(0.020887316358009,-0.0393804407212884,0.0043));
#6264=CARTESIAN_POINT('',(0.020887316358009,-0.0393804407212884,0.0043));
#6265=CARTESIAN_POINT('',(0.0221206094089818,-0.0326444183119747,0.0043));
#6266=CARTESIAN_POINT('',(0.0221206094089818,-0.0326444183119747,0.0035));
#6267=CARTESIAN_POINT('',(0.0227464744885866,-0.0326444183119747,0.0043));
#6268=CARTESIAN_POINT('',(0.0227464744885866,-0.0326444183119747,0.0035));
#6269=CARTESIAN_POINT('',(0.0232377985080853,-0.0327146786433635,0.0043));
#6270=CARTESIAN_POINT('',(0.0232377985080853,-0.0327146786433635,0.0035));
#6271=CARTESIAN_POINT('',(0.0235945814674778,-0.032855199306141,0.0043));
#6272=CARTESIAN_POINT('',(0.0235945814674778,-0.032855199306141,0.0035));
#6273=CARTESIAN_POINT('',(0.0221206094089818,-0.0326444183119747,0.0035));
#6274=CARTESIAN_POINT('',(0.023059407028389,-0.0326444183119747,0.0035));
#6275=CARTESIAN_POINT('',(0.0235945814674778,-0.032855199306141,0.0035));
#6276=CARTESIAN_POINT('',(0.0221206094089818,-0.0326444183119747,0.0043));
#6277=CARTESIAN_POINT('',(0.023059407028389,-0.0326444183119747,0.0043));
#6278=CARTESIAN_POINT('',(0.0235945814674778,-0.032855199306141,0.0043));
#6279=CARTESIAN_POINT('',(-3.50921171154636E-5,-0.00863626452086404,0.0043));
#6280=CARTESIAN_POINT('',(-0.0130693523121105,-0.0316308756591752,0.0043));
#6281=CARTESIAN_POINT('',(-0.0130693523121105,-0.0238813105970621,0.0043));
#6282=CARTESIAN_POINT('',(-0.0130693523121105,-0.0238813105970621,0.0043));
#6283=CARTESIAN_POINT('',(-0.0130693523121105,-0.0316308756591752,0.0043));
#6284=CARTESIAN_POINT('',(-0.0130693523121105,-0.0393804407212884,0.0043));
#6285=CARTESIAN_POINT('',(-0.0130693523121105,-0.0393804407212884,0.0043));
#6286=CARTESIAN_POINT('',(-0.0119885391292579,-0.0238813105970621,0.0043));
#6287=CARTESIAN_POINT('',(-0.0109077259464054,-0.0238813105970621,0.0043));
#6288=CARTESIAN_POINT('',(-0.0109077259464054,-0.0238813105970621,0.0043));
#6289=CARTESIAN_POINT('',(-0.0119885391292579,-0.0238813105970621,0.0043));
#6290=CARTESIAN_POINT('',(-0.0109077259464054,-0.0266169788192201,0.0043));
#6291=CARTESIAN_POINT('',(-0.0109077259464054,-0.0293526470413781,0.0043));
#6292=CARTESIAN_POINT('',(-0.0109077259464054,-0.0293526470413781,0.0043));
#6293=CARTESIAN_POINT('',(-0.0109077259464054,-0.0266169788192201,0.0043));
#6294=CARTESIAN_POINT('',(-0.0104099240240127,-0.0302525772434213,0.0043));
#6295=CARTESIAN_POINT('',(-0.00991212210162,-0.0311525074454646,0.0043));
#6296=CARTESIAN_POINT('',(-0.00991212210162,-0.0311525074454646,0.0043));
#6297=CARTESIAN_POINT('',(-0.0104099240240127,-0.0302525772434213,0.0043));
#6298=CARTESIAN_POINT('',(-0.00842918063911687,-0.0275169090212633,0.0043));
#6299=CARTESIAN_POINT('',(-0.00694623917661375,-0.0238813105970621,0.0043));
#6300=CARTESIAN_POINT('',(-0.00694623917661375,-0.0238813105970621,0.0043));
#6301=CARTESIAN_POINT('',(-0.00842918063911687,-0.0275169090212633,0.0043));
#6302=CARTESIAN_POINT('',(-0.00589382910645024,-0.0238813105970621,0.0043));
#6303=CARTESIAN_POINT('',(-0.00484141903628673,-0.0238813105970621,0.0043));
#6304=CARTESIAN_POINT('',(-0.00484141903628673,-0.0238813105970621,0.0043));
#6305=CARTESIAN_POINT('',(-0.00589382910645024,-0.0238813105970621,0.0043));
#6306=CARTESIAN_POINT('',(-0.00662035083102334,-0.0282150276331474,0.0043));
#6307=CARTESIAN_POINT('',(-0.00839928262575996,-0.0325487446692326,0.0043));
#6308=CARTESIAN_POINT('',(-0.00839928262575996,-0.0325487446692326,0.0043));
#6309=CARTESIAN_POINT('',(-0.00662035083102334,-0.0282150276331474,0.0043));
#6310=CARTESIAN_POINT('',(-0.00686850434188576,-0.0359645926952604,0.0043));
#6311=CARTESIAN_POINT('',(-0.00533772605801157,-0.0393804407212883,0.0043));
#6312=CARTESIAN_POINT('',(-0.00533772605801157,-0.0393804407212883,0.0043));
#6313=CARTESIAN_POINT('',(-0.00686850434188576,-0.0359645926952604,0.0043));
#6314=CARTESIAN_POINT('',(-0.00634229930680401,-0.0393804407212884,0.0043));
#6315=CARTESIAN_POINT('',(-0.00734687255559645,-0.0393804407212884,0.0043));
#6316=CARTESIAN_POINT('',(-0.00734687255559645,-0.0393804407212884,0.0043));
#6317=CARTESIAN_POINT('',(-0.00634229930680401,-0.0393804407212884,0.0043));
#6318=CARTESIAN_POINT('',(-0.0091272992510009,-0.0357254085884051,0.0043));
#6319=CARTESIAN_POINT('',(-0.0109077259464054,-0.0320703764555219,0.0043));
#6320=CARTESIAN_POINT('',(-0.0109077259464054,-0.0320703764555219,0.0043));
#6321=CARTESIAN_POINT('',(-0.0091272992510009,-0.0357254085884051,0.0043));
#6322=CARTESIAN_POINT('',(-0.0109077259464054,-0.0357254085884051,0.0043));
#6323=CARTESIAN_POINT('',(-0.0109077259464054,-0.0393804407212884,0.0043));
#6324=CARTESIAN_POINT('',(-0.0109077259464054,-0.0393804407212884,0.0043));
#6325=CARTESIAN_POINT('',(-0.0109077259464054,-0.0357254085884051,0.0043));
#6326=CARTESIAN_POINT('',(-0.0119885391292579,-0.0393804407212884,0.0043));
#6327=CARTESIAN_POINT('',(-0.0119885391292579,-0.0393804407212884,0.0043));
#6328=CARTESIAN_POINT('',(-3.50921171154636E-5,-0.00863626452086404,0.0043));
#6329=CARTESIAN_POINT('',(-0.00359766168063895,-0.0316308756591752,0.0043));
#6330=CARTESIAN_POINT('',(-0.00359766168063895,-0.0238813105970621,0.0043));
#6331=CARTESIAN_POINT('',(-0.00359766168063895,-0.0238813105970621,0.0043));
#6332=CARTESIAN_POINT('',(-0.00359766168063895,-0.0316308756591752,0.0043));
#6333=CARTESIAN_POINT('',(-0.00359766168063895,-0.0393804407212884,0.0043));
#6334=CARTESIAN_POINT('',(-0.00359766168063895,-0.0393804407212884,0.0043));
#6335=CARTESIAN_POINT('',(-0.000573477629586709,-0.0238813105970621,0.0043));
#6336=CARTESIAN_POINT('',(0.00245070642146554,-0.0238813105970621,0.0043));
#6337=CARTESIAN_POINT('',(0.00245070642146554,-0.0238813105970621,0.0043));
#6338=CARTESIAN_POINT('',(-0.000573477629586709,-0.0238813105970621,0.0043));
#6339=CARTESIAN_POINT('',(0.00245070642146554,-0.0246556691430063,0.0043));
#6340=CARTESIAN_POINT('',(0.00245070642146554,-0.0254300276889504,0.0043));
#6341=CARTESIAN_POINT('',(0.00245070642146554,-0.0254300276889504,0.0043));
#6342=CARTESIAN_POINT('',(0.00245070642146554,-0.0246556691430063,0.0043));
#6343=CARTESIAN_POINT('',(0.000507335553265872,-0.0254300276889504,0.0043));
#6344=CARTESIAN_POINT('',(-0.00143603531493379,-0.0254300276889504,0.0043));
#6345=CARTESIAN_POINT('',(-0.00143603531493379,-0.0254300276889504,0.0043));
#6346=CARTESIAN_POINT('',(0.000507335553265872,-0.0254300276889504,0.0043));
#6347=CARTESIAN_POINT('',(-0.00143603531493379,-0.0282718338585255,0.0043));
#6348=CARTESIAN_POINT('',(-0.00143603531493379,-0.0311136400281006,0.0043));
#6349=CARTESIAN_POINT('',(-0.00143603531493379,-0.0311136400281006,0.0043));
#6350=CARTESIAN_POINT('',(-0.00143603531493379,-0.0282718338585255,0.0043));
#6351=CARTESIAN_POINT('',(0.000124640982297322,-0.0311136400281006,0.0043));
#6352=CARTESIAN_POINT('',(0.00168531727952843,-0.0311136400281006,0.0043));
#6353=CARTESIAN_POINT('',(0.00168531727952843,-0.0311136400281006,0.0043));
#6354=CARTESIAN_POINT('',(0.000124640982297322,-0.0311136400281006,0.0043));
#6355=CARTESIAN_POINT('',(0.00168531727952843,-0.0318790291700376,0.0043));
#6356=CARTESIAN_POINT('',(0.00168531727952843,-0.0326444183119747,0.0043));
#6357=CARTESIAN_POINT('',(0.00168531727952843,-0.0326444183119747,0.0043));
#6358=CARTESIAN_POINT('',(0.00168531727952843,-0.0318790291700376,0.0043));
#6359=CARTESIAN_POINT('',(0.000124640982297322,-0.0326444183119747,0.0043));
#6360=CARTESIAN_POINT('',(-0.00143603531493379,-0.0326444183119747,0.0043));
#6361=CARTESIAN_POINT('',(-0.00143603531493379,-0.0326444183119747,0.0043));
#6362=CARTESIAN_POINT('',(0.000124640982297322,-0.0326444183119747,0.0043));
#6363=CARTESIAN_POINT('',(-0.00143603531493379,-0.0352081729573305,0.0043));
#6364=CARTESIAN_POINT('',(-0.00143603531493379,-0.0377719276026861,0.0043));
#6365=CARTESIAN_POINT('',(-0.00143603531493379,-0.0377719276026861,0.0043));
#6366=CARTESIAN_POINT('',(-0.00143603531493379,-0.0352081729573305,0.0043));
#6367=CARTESIAN_POINT('',(0.000487901844583874,-0.0377719276026861,0.0043));
#6368=CARTESIAN_POINT('',(0.00241183900410154,-0.0377719276026861,0.0043));
#6369=CARTESIAN_POINT('',(0.00241183900410154,-0.0377719276026861,0.0043));
#6370=CARTESIAN_POINT('',(0.000487901844583874,-0.0377719276026861,0.0043));
#6371=CARTESIAN_POINT('',(0.00241183900410154,-0.0385761841619872,0.0043));
#6372=CARTESIAN_POINT('',(0.00241183900410154,-0.0393804407212883,0.0043));
#6373=CARTESIAN_POINT('',(0.00241183900410154,-0.0393804407212883,0.0043));
#6374=CARTESIAN_POINT('',(0.00241183900410154,-0.0385761841619872,0.0043));
#6375=CARTESIAN_POINT('',(-0.000592911338268706,-0.0393804407212884,0.0043));
#6376=CARTESIAN_POINT('',(-0.000592911338268706,-0.0393804407212884,0.0043));
#6377=CARTESIAN_POINT('',(-3.50921171154636E-5,-0.00863626452086404,0.0043));
#6378=CARTESIAN_POINT('',(0.0125741737441179,-0.023707902119592,0.0043));
#6379=CARTESIAN_POINT('',(0.0125741737441179,-0.023707902119592,0.0035));
#6380=CARTESIAN_POINT('',(0.0114520016427883,-0.023707902119592,0.0043));
#6381=CARTESIAN_POINT('',(0.0114520016427883,-0.023707902119592,0.0035));
#6382=CARTESIAN_POINT('',(0.010590938858109,-0.0239311406193236,0.0043));
#6383=CARTESIAN_POINT('',(0.010590938858109,-0.0239311406193236,0.0035));
#6384=CARTESIAN_POINT('',(0.00999098539008021,-0.0243776176187869,0.0043));
#6385=CARTESIAN_POINT('',(0.00999098539008021,-0.0243776176187869,0.0035));
#6386=CARTESIAN_POINT('',(0.0125741737441179,-0.023707902119592,0.0043));
#6387=CARTESIAN_POINT('',(0.0125741737441179,-0.023707902119592,0.0043));
#6388=CARTESIAN_POINT('',(0.0125741737441179,-0.023707902119592,0.0043));
#6389=CARTESIAN_POINT('',(0.0108909155921234,-0.023707902119592,0.0043));
#6390=CARTESIAN_POINT('',(0.00999098539008021,-0.0243776176187869,0.0043));
#6391=CARTESIAN_POINT('',(0.00999098539008021,-0.0243776176187869,0.0043));
#6392=CARTESIAN_POINT('',(0.00999098539008021,-0.0243776176187869,0.0043));
#6393=CARTESIAN_POINT('',(0.0151468977934807,-0.0243776176187869,0.0043));
#6394=CARTESIAN_POINT('',(0.0151468977934807,-0.0243776176187869,0.0035));
#6395=CARTESIAN_POINT('',(0.0145539205285685,-0.0239311406193236,0.0043));
#6396=CARTESIAN_POINT('',(0.0145539205285685,-0.0239311406193236,0.0035));
#6397=CARTESIAN_POINT('',(0.0136963458454476,-0.023707902119592,0.0043));
#6398=CARTESIAN_POINT('',(0.0136963458454476,-0.023707902119592,0.0035));
#6399=CARTESIAN_POINT('',(0.0125741737441179,-0.023707902119592,0.0043));
#6400=CARTESIAN_POINT('',(0.0125741737441179,-0.023707902119592,0.0035));
#6401=CARTESIAN_POINT('',(0.0151468977934807,-0.0243776176187869,0.0043));
#6402=CARTESIAN_POINT('',(0.0151468977934807,-0.0243776176187869,0.0043));
#6403=CARTESIAN_POINT('',(0.0151468977934807,-0.0243776176187869,0.0043));
#6404=CARTESIAN_POINT('',(0.0142574318961124,-0.023707902119592,0.0043));
#6405=CARTESIAN_POINT('',(0.0125741737441179,-0.023707902119592,0.0043));
#6406=CARTESIAN_POINT('',(0.0163622520364394,-0.0262626873609406,0.0043));
#6407=CARTESIAN_POINT('',(0.0163622520364394,-0.0262626873609406,0.0035));
#6408=CARTESIAN_POINT('',(0.0161449931393791,-0.0254524511989681,0.0043));
#6409=CARTESIAN_POINT('',(0.0161449931393791,-0.0254524511989681,0.0035));
#6410=CARTESIAN_POINT('',(0.0157398750583929,-0.0248240946182502,0.0043));
#6411=CARTESIAN_POINT('',(0.0157398750583929,-0.0248240946182502,0.0035));
#6412=CARTESIAN_POINT('',(0.0151468977934807,-0.0243776176187869,0.0043));
#6413=CARTESIAN_POINT('',(0.0151468977934807,-0.0243776176187869,0.0035));
#6414=CARTESIAN_POINT('',(0.0163622520364394,-0.0262626873609406,0.0043));
#6415=CARTESIAN_POINT('',(0.0163622520364394,-0.0262626873609406,0.0043));
#6416=CARTESIAN_POINT('',(0.0163622520364394,-0.0262626873609406,0.0043));
#6417=CARTESIAN_POINT('',(0.016036363690849,-0.0250473331179819,0.0043));
#6418=CARTESIAN_POINT('',(0.0151468977934807,-0.0243776176187869,0.0043));
#6419=CARTESIAN_POINT('',(0.0166881403820298,-0.0291044935305156,0.0043));
#6420=CARTESIAN_POINT('',(0.0166881403820298,-0.0291044935305156,0.0035));
#6421=CARTESIAN_POINT('',(0.0166881403820298,-0.0280201922461048,0.0043));
#6422=CARTESIAN_POINT('',(0.0166881403820298,-0.0280201922461048,0.0035));
#6423=CARTESIAN_POINT('',(0.0165795109334997,-0.0270729235229131,0.0043));
#6424=CARTESIAN_POINT('',(0.0165795109334997,-0.0270729235229131,0.0035));
#6425=CARTESIAN_POINT('',(0.0163622520364394,-0.0262626873609406,0.0043));
#6426=CARTESIAN_POINT('',(0.0163622520364394,-0.0262626873609406,0.0035));
#6427=CARTESIAN_POINT('',(0.0166881403820298,-0.0291044935305156,0.0043));
#6428=CARTESIAN_POINT('',(0.0166881403820298,-0.0291044935305156,0.0043));
#6429=CARTESIAN_POINT('',(0.0166881403820298,-0.0291044935305156,0.0043));
#6430=CARTESIAN_POINT('',(0.0166881403820298,-0.0274780416038993,0.0043));
#6431=CARTESIAN_POINT('',(0.0163622520364394,-0.0262626873609406,0.0043));
#6432=CARTESIAN_POINT('',(0.0166881403820298,-0.034242467125902,0.0043));
#6433=CARTESIAN_POINT('',(0.0166881403820298,-0.0393804407212884,0.0043));
#6434=CARTESIAN_POINT('',(0.0166881403820298,-0.0393804407212884,0.0043));
#6435=CARTESIAN_POINT('',(0.0166881403820298,-0.034242467125902,0.0043));
#6436=CARTESIAN_POINT('',(0.0156641334245553,-0.0393804407212884,0.0043));
#6437=CARTESIAN_POINT('',(0.0146401264670809,-0.0393804407212884,0.0043));
#6438=CARTESIAN_POINT('',(0.0146401264670809,-0.0393804407212884,0.0043));
#6439=CARTESIAN_POINT('',(0.0156641334245553,-0.0393804407212884,0.0043));
#6440=CARTESIAN_POINT('',(0.0146401264670809,-0.0341946303045309,0.0043));
#6441=CARTESIAN_POINT('',(0.0146401264670809,-0.0290088198877735,0.0043));
#6442=CARTESIAN_POINT('',(0.0146401264670809,-0.0290088198877735,0.0043));
#6443=CARTESIAN_POINT('',(0.0146401264670809,-0.0341946303045309,0.0043));
#6444=CARTESIAN_POINT('',(0.0145055854069748,-0.0271910206756729,0.0043));
#6445=CARTESIAN_POINT('',(0.0145055854069748,-0.0271910206756729,0.0035));
#6446=CARTESIAN_POINT('',(0.0145952794470456,-0.0277391509205497,0.0043));
#6447=CARTESIAN_POINT('',(0.0145952794470456,-0.0277391509205497,0.0035));
#6448=CARTESIAN_POINT('',(0.0146401264670809,-0.0283450839912499,0.0043));
#6449=CARTESIAN_POINT('',(0.0146401264670809,-0.0283450839912499,0.0035));
#6450=CARTESIAN_POINT('',(0.0146401264670809,-0.0290088198877735,0.0043));
#6451=CARTESIAN_POINT('',(0.0146401264670809,-0.0290088198877735,0.0035));
#6452=CARTESIAN_POINT('',(0.0145055854069748,-0.0271910206756729,0.0043));
#6453=CARTESIAN_POINT('',(0.0145055854069748,-0.0271910206756729,0.0043));
#6454=CARTESIAN_POINT('',(0.0145055854069748,-0.0271910206756729,0.0043));
#6455=CARTESIAN_POINT('',(0.0146401264670809,-0.0280132160429882,0.0043));
#6456=CARTESIAN_POINT('',(0.0146401264670809,-0.0290088198877735,0.0043));
#6457=CARTESIAN_POINT('',(0.013931543550522,-0.025890457094647,0.0043));
#6458=CARTESIAN_POINT('',(0.013931543550522,-0.025890457094647,0.0035));
#6459=CARTESIAN_POINT('',(0.0142245440814198,-0.0262093692371208,0.0043));
#6460=CARTESIAN_POINT('',(0.0142245440814198,-0.0262093692371208,0.0035));
#6461=CARTESIAN_POINT('',(0.0144158913669041,-0.0266428904307961,0.0043));
#6462=CARTESIAN_POINT('',(0.0144158913669041,-0.0266428904307961,0.0035));
#6463=CARTESIAN_POINT('',(0.0145055854069748,-0.0271910206756729,0.0043));
#6464=CARTESIAN_POINT('',(0.0145055854069748,-0.0271910206756729,0.0035));
#6465=CARTESIAN_POINT('',(0.013931543550522,-0.025890457094647,0.0043));
#6466=CARTESIAN_POINT('',(0.013931543550522,-0.025890457094647,0.0043));
#6467=CARTESIAN_POINT('',(0.013931543550522,-0.025890457094647,0.0043));
#6468=CARTESIAN_POINT('',(0.0143710443468687,-0.0263688253083577,0.0043));
#6469=CARTESIAN_POINT('',(0.0145055854069748,-0.0271910206756729,0.0043));
#6470=CARTESIAN_POINT('',(0.0125741737441179,-0.0254120888809363,0.0043));
#6471=CARTESIAN_POINT('',(0.0125741737441179,-0.0254120888809363,0.0035));
#6472=CARTESIAN_POINT('',(0.0131860864174895,-0.0254120888809363,0.0043));
#6473=CARTESIAN_POINT('',(0.0131860864174895,-0.0254120888809363,0.0035));
#6474=CARTESIAN_POINT('',(0.0136385430196242,-0.0255715449521732,0.0043));
#6475=CARTESIAN_POINT('',(0.0136385430196242,-0.0255715449521732,0.0035));
#6476=CARTESIAN_POINT('',(0.013931543550522,-0.025890457094647,0.0043));
#6477=CARTESIAN_POINT('',(0.013931543550522,-0.025890457094647,0.0035));
#6478=CARTESIAN_POINT('',(0.0125741737441179,-0.0254120888809363,0.0043));
#6479=CARTESIAN_POINT('',(0.0125741737441179,-0.0254120888809363,0.0043));
#6480=CARTESIAN_POINT('',(0.0125741737441179,-0.0254120888809363,0.0043));
#6481=CARTESIAN_POINT('',(0.0134920427541753,-0.0254120888809363,0.0043));
#6482=CARTESIAN_POINT('',(0.013931543550522,-0.025890457094647,0.0043));
#6483=CARTESIAN_POINT('',(0.0112242784410531,-0.025890457094647,0.0043));
#6484=CARTESIAN_POINT('',(0.0112242784410531,-0.025890457094647,0.0035));
#6485=CARTESIAN_POINT('',(0.0115242551750675,-0.0255715449521732,0.0043));
#6486=CARTESIAN_POINT('',(0.0115242551750675,-0.0255715449521732,0.0035));
#6487=CARTESIAN_POINT('',(0.0119742202760891,-0.0254120888809363,0.0043));
#6488=CARTESIAN_POINT('',(0.0119742202760891,-0.0254120888809363,0.0035));
#6489=CARTESIAN_POINT('',(0.0125741737441179,-0.0254120888809363,0.0043));
#6490=CARTESIAN_POINT('',(0.0125741737441179,-0.0254120888809363,0.0035));
#6491=CARTESIAN_POINT('',(0.0112242784410531,-0.025890457094647,0.0043));
#6492=CARTESIAN_POINT('',(0.0112242784410531,-0.025890457094647,0.0043));
#6493=CARTESIAN_POINT('',(0.0112242784410531,-0.025890457094647,0.0043));
#6494=CARTESIAN_POINT('',(0.0116742435420747,-0.0254120888809363,0.0043));
#6495=CARTESIAN_POINT('',(0.0125741737441179,-0.0254120888809363,0.0043));
#6496=CARTESIAN_POINT('',(0.0106412671805932,-0.0271910206756729,0.0043));
#6497=CARTESIAN_POINT('',(0.0106412671805932,-0.0271910206756729,0.0035));
#6498=CARTESIAN_POINT('',(0.0107299646202187,-0.0266428904307961,0.0043));
#6499=CARTESIAN_POINT('',(0.0107299646202187,-0.0266428904307961,0.0035));
#6500=CARTESIAN_POINT('',(0.0109243017070387,-0.0262093692371208,0.0043));
#6501=CARTESIAN_POINT('',(0.0109243017070387,-0.0262093692371208,0.0035));
#6502=CARTESIAN_POINT('',(0.0112242784410531,-0.025890457094647,0.0043));
#6503=CARTESIAN_POINT('',(0.0112242784410531,-0.025890457094647,0.0035));
#6504=CARTESIAN_POINT('',(0.0106412671805932,-0.0271910206756729,0.0043));
#6505=CARTESIAN_POINT('',(0.0106412671805932,-0.0271910206756729,0.0043));
#6506=CARTESIAN_POINT('',(0.0106412671805932,-0.0271910206756729,0.0043));
#6507=CARTESIAN_POINT('',(0.0107743133400315,-0.0263688253083577,0.0043));
#6508=CARTESIAN_POINT('',(0.0112242784410531,-0.025890457094647,0.0043));
#6509=CARTESIAN_POINT('',(0.0105082210211549,-0.0290088198877735,0.0043));
#6510=CARTESIAN_POINT('',(0.0105082210211549,-0.0290088198877735,0.0035));
#6511=CARTESIAN_POINT('',(0.0105082210211549,-0.0283450839912499,0.0043));
#6512=CARTESIAN_POINT('',(0.0105082210211549,-0.0283450839912499,0.0035));
#6513=CARTESIAN_POINT('',(0.0105525697409677,-0.0277391509205497,0.0043));
#6514=CARTESIAN_POINT('',(0.0105525697409677,-0.0277391509205497,0.0035));
#6515=CARTESIAN_POINT('',(0.0106412671805932,-0.0271910206756729,0.0043));
#6516=CARTESIAN_POINT('',(0.0106412671805932,-0.0271910206756729,0.0035));
#6517=CARTESIAN_POINT('',(0.0105082210211549,-0.0290088198877735,0.0043));
#6518=CARTESIAN_POINT('',(0.0105082210211549,-0.0290088198877735,0.0043));
#6519=CARTESIAN_POINT('',(0.0105082210211549,-0.0290088198877735,0.0043));
#6520=CARTESIAN_POINT('',(0.0105082210211549,-0.0280132160429882,0.0043));
#6521=CARTESIAN_POINT('',(0.0106412671805932,-0.0271910206756729,0.0043));
#6522=CARTESIAN_POINT('',(0.0105082210211549,-0.0341946303045309,0.0043));
#6523=CARTESIAN_POINT('',(0.0105082210211549,-0.0393804407212883,0.0043));
#6524=CARTESIAN_POINT('',(0.0105082210211549,-0.0393804407212883,0.0043));
#6525=CARTESIAN_POINT('',(0.0105082210211549,-0.0341946303045309,0.0043));
#6526=CARTESIAN_POINT('',(0.00947374975900553,-0.0393804407212884,0.0043));
#6527=CARTESIAN_POINT('',(0.00843927849685618,-0.0393804407212884,0.0043));
#6528=CARTESIAN_POINT('',(0.00843927849685618,-0.0393804407212884,0.0043));
#6529=CARTESIAN_POINT('',(0.00947374975900553,-0.0393804407212884,0.0043));
#6530=CARTESIAN_POINT('',(0.00843927849685618,-0.034242467125902,0.0043));
#6531=CARTESIAN_POINT('',(0.00843927849685618,-0.0291044935305156,0.0043));
#6532=CARTESIAN_POINT('',(0.00843927849685618,-0.0291044935305156,0.0043));
#6533=CARTESIAN_POINT('',(0.00843927849685618,-0.034242467125902,0.0043));
#6534=CARTESIAN_POINT('',(0.00876516684244658,-0.0262626873609406,0.0043));
#6535=CARTESIAN_POINT('',(0.00876516684244658,-0.0262626873609406,0.0035));
#6536=CARTESIAN_POINT('',(0.00854790794538631,-0.0270729235229131,0.0043));
#6537=CARTESIAN_POINT('',(0.00854790794538631,-0.0270729235229131,0.0035));
#6538=CARTESIAN_POINT('',(0.00843927849685618,-0.0280201922461048,0.0043));
#6539=CARTESIAN_POINT('',(0.00843927849685618,-0.0280201922461048,0.0035));
#6540=CARTESIAN_POINT('',(0.00843927849685618,-0.0291044935305156,0.0043));
#6541=CARTESIAN_POINT('',(0.00843927849685618,-0.0291044935305156,0.0035));
#6542=CARTESIAN_POINT('',(0.00876516684244658,-0.0262626873609406,0.0043));
#6543=CARTESIAN_POINT('',(0.00876516684244658,-0.0262626873609406,0.0043));
#6544=CARTESIAN_POINT('',(0.00876516684244658,-0.0262626873609406,0.0043));
#6545=CARTESIAN_POINT('',(0.00843927849685618,-0.0274780416038993,0.0043));
#6546=CARTESIAN_POINT('',(0.00843927849685618,-0.0291044935305156,0.0043));
#6547=CARTESIAN_POINT('',(0.00999098539008021,-0.0243776176187869,0.0043));
#6548=CARTESIAN_POINT('',(0.00999098539008021,-0.0243776176187869,0.0035));
#6549=CARTESIAN_POINT('',(0.00939103192205139,-0.0248240946182502,0.0043));
#6550=CARTESIAN_POINT('',(0.00939103192205139,-0.0248240946182502,0.0035));
#6551=CARTESIAN_POINT('',(0.00898242573950685,-0.0254524511989681,0.0043));
#6552=CARTESIAN_POINT('',(0.00898242573950685,-0.0254524511989681,0.0035));
#6553=CARTESIAN_POINT('',(0.00876516684244658,-0.0262626873609406,0.0043));
#6554=CARTESIAN_POINT('',(0.00876516684244658,-0.0262626873609406,0.0035));
#6555=CARTESIAN_POINT('',(0.00999098539008021,-0.0243776176187869,0.0043));
#6556=CARTESIAN_POINT('',(0.00909105518803698,-0.0250473331179819,0.0043));
#6557=CARTESIAN_POINT('',(0.00876516684244658,-0.0262626873609406,0.0043));
#6558=CARTESIAN_POINT('',(-3.50921171154636E-5,-0.00863626452086404,0.0043));
#6559=CARTESIAN_POINT('',(-0.0189712201487661,-0.029334708233364,0.0043));
#6560=CARTESIAN_POINT('',(-0.0189712201487661,-0.029334708233364,0.0035));
#6561=CARTESIAN_POINT('',(-0.0202628143257849,-0.029334708233364,0.0035));
#6562=CARTESIAN_POINT('',(-0.0176796259717473,-0.029334708233364,0.0035));
#6563=CARTESIAN_POINT('',(-0.0202628143257849,-0.029334708233364,0.0043));
#6564=CARTESIAN_POINT('',(-0.0202628143257849,-0.029334708233364,0.0043));
#6565=CARTESIAN_POINT('',(-0.0189712201487661,-0.029334708233364,0.0043));
#6566=CARTESIAN_POINT('',(-0.0176796259717473,-0.029334708233364,0.0043));
#6567=CARTESIAN_POINT('',(-0.0176796259717473,-0.029334708233364,0.0043));
#6568=CARTESIAN_POINT('',(-0.0196229968399469,-0.0328267961934519,0.0043));
#6569=CARTESIAN_POINT('',(-0.0196229968399469,-0.0328267961934519,0.0035));
#6570=CARTESIAN_POINT('',(-0.0189831793541088,-0.0363188841535399,0.0035));
#6571=CARTESIAN_POINT('',(-0.0189831793541088,-0.0363188841535399,0.0043));
#6572=CARTESIAN_POINT('',(-0.0189831793541088,-0.0363188841535399,0.0043));
#6573=CARTESIAN_POINT('',(-0.0196229968399469,-0.0328267961934519,0.0043));
#6574=CARTESIAN_POINT('',(-0.0216799801589029,-0.0316308756591752,0.0043));
#6575=CARTESIAN_POINT('',(-0.0233243708935334,-0.0238813105970621,0.0043));
#6576=CARTESIAN_POINT('',(-0.0233243708935334,-0.0238813105970621,0.0043));
#6577=CARTESIAN_POINT('',(-0.0216799801589029,-0.0316308756591752,0.0043));
#6578=CARTESIAN_POINT('',(-0.0200355894242724,-0.0393804407212884,0.0043));
#6579=CARTESIAN_POINT('',(-0.0200355894242724,-0.0393804407212884,0.0043));
#6580=CARTESIAN_POINT('',(-0.0223108282407339,-0.0238813105970621,0.0043));
#6581=CARTESIAN_POINT('',(-0.0212972855879343,-0.0238813105970621,0.0043));
#6582=CARTESIAN_POINT('',(-0.0212972855879343,-0.0238813105970621,0.0043));
#6583=CARTESIAN_POINT('',(-0.0223108282407339,-0.0238813105970621,0.0043));
#6584=CARTESIAN_POINT('',(-0.0209235604209729,-0.0258336508692689,0.0043));
#6585=CARTESIAN_POINT('',(-0.0205498352540113,-0.0277859911414756,0.0043));
#6586=CARTESIAN_POINT('',(-0.0205498352540113,-0.0277859911414756,0.0043));
#6587=CARTESIAN_POINT('',(-0.0209235604209729,-0.0258336508692689,0.0043));
#6588=CARTESIAN_POINT('',(-0.0189712201487661,-0.0277859911414756,0.0043));
#6589=CARTESIAN_POINT('',(-0.0173926050435208,-0.0277859911414756,0.0043));
#6590=CARTESIAN_POINT('',(-0.0173926050435208,-0.0277859911414756,0.0043));
#6591=CARTESIAN_POINT('',(-0.0189712201487661,-0.0277859911414756,0.0043));
#6592=CARTESIAN_POINT('',(-0.0170398084859092,-0.0258336508692689,0.0043));
#6593=CARTESIAN_POINT('',(-0.0166870119282976,-0.0238813105970621,0.0043));
#6594=CARTESIAN_POINT('',(-0.0166870119282976,-0.0238813105970621,0.0043));
#6595=CARTESIAN_POINT('',(-0.0170398084859092,-0.0258336508692689,0.0043));
#6596=CARTESIAN_POINT('',(-0.0156630049708232,-0.0238813105970621,0.0043));
#6597=CARTESIAN_POINT('',(-0.0146389980133487,-0.0238813105970621,0.0043));
#6598=CARTESIAN_POINT('',(-0.0146389980133487,-0.0238813105970621,0.0043));
#6599=CARTESIAN_POINT('',(-0.0156630049708232,-0.0238813105970621,0.0043));
#6600=CARTESIAN_POINT('',(-0.0162938530526541,-0.0316308756591752,0.0043));
#6601=CARTESIAN_POINT('',(-0.0179487080919595,-0.0393804407212884,0.0043));
#6602=CARTESIAN_POINT('',(-0.0179487080919595,-0.0393804407212884,0.0043));
#6603=CARTESIAN_POINT('',(-0.0162938530526541,-0.0316308756591752,0.0043));
#6604=CARTESIAN_POINT('',(-0.0189921487581159,-0.0393804407212884,0.0043));
#6605=CARTESIAN_POINT('',(-0.0189921487581159,-0.0393804407212884,0.0043));
#6606=CARTESIAN_POINT('',(-0.018331402662928,-0.0328267961934519,0.0043));
#6607=CARTESIAN_POINT('',(-0.018331402662928,-0.0328267961934519,0.0035));
#6608=CARTESIAN_POINT('',(-0.018331402662928,-0.0328267961934519,0.0043));
#6609=CARTESIAN_POINT('',(-3.50921171154636E-5,-0.00863626452086404,0.0043));
#6610=CARTESIAN_POINT('',(-0.0356886943172867,-0.0316308756591752,0.0043));
#6611=CARTESIAN_POINT('',(-0.034425503252957,-0.0238813105970621,0.0043));
#6612=CARTESIAN_POINT('',(-0.034425503252957,-0.0238813105970621,0.0043));
#6613=CARTESIAN_POINT('',(-0.0356886943172867,-0.0316308756591752,0.0043));
#6614=CARTESIAN_POINT('',(-0.0369518853816165,-0.0393804407212884,0.0043));
#6615=CARTESIAN_POINT('',(-0.0369518853816165,-0.0393804407212884,0.0043));
#6616=CARTESIAN_POINT('',(-0.0336018129849738,-0.0238813105970621,0.0043));
#6617=CARTESIAN_POINT('',(-0.0327781227169908,-0.0238813105970621,0.0043));
#6618=CARTESIAN_POINT('',(-0.0327781227169908,-0.0238813105970621,0.0043));
#6619=CARTESIAN_POINT('',(-0.0336018129849738,-0.0238813105970621,0.0043));
#6620=CARTESIAN_POINT('',(-0.0316883401301311,-0.0296217291615904,0.0043));
#6621=CARTESIAN_POINT('',(-0.0305985575432715,-0.0353621477261186,0.0043));
#6622=CARTESIAN_POINT('',(-0.0305985575432715,-0.0353621477261186,0.0043));
#6623=CARTESIAN_POINT('',(-0.0316883401301311,-0.0296217291615904,0.0043));
#6624=CARTESIAN_POINT('',(-0.0295177443604189,-0.0296217291615904,0.0043));
#6625=CARTESIAN_POINT('',(-0.0284369311775663,-0.0238813105970621,0.0043));
#6626=CARTESIAN_POINT('',(-0.0284369311775663,-0.0238813105970621,0.0043));
#6627=CARTESIAN_POINT('',(-0.0295177443604189,-0.0296217291615904,0.0043));
#6628=CARTESIAN_POINT('',(-0.0276521083269472,-0.0238813105970621,0.0043));
#6629=CARTESIAN_POINT('',(-0.0268672854763281,-0.0238813105970621,0.0043));
#6630=CARTESIAN_POINT('',(-0.0268672854763281,-0.0238813105970621,0.0043));
#6631=CARTESIAN_POINT('',(-0.0276521083269472,-0.0238813105970621,0.0043));
#6632=CARTESIAN_POINT('',(-0.0256235281206804,-0.0316308756591752,0.0043));
#6633=CARTESIAN_POINT('',(-0.0243797707650325,-0.0393804407212884,0.0043));
#6634=CARTESIAN_POINT('',(-0.0243797707650325,-0.0393804407212884,0.0043));
#6635=CARTESIAN_POINT('',(-0.0256235281206804,-0.0316308756591752,0.0043));
#6636=CARTESIAN_POINT('',(-0.0252602672583938,-0.0393804407212884,0.0043));
#6637=CARTESIAN_POINT('',(-0.026140763751755,-0.0393804407212884,0.0043));
#6638=CARTESIAN_POINT('',(-0.026140763751755,-0.0393804407212884,0.0043));
#6639=CARTESIAN_POINT('',(-0.0252602672583938,-0.0393804407212884,0.0043));
#6640=CARTESIAN_POINT('',(-0.0269539897150631,-0.0337835326208733,0.0043));
#6641=CARTESIAN_POINT('',(-0.0277672156783714,-0.0281866245204583,0.0043));
#6642=CARTESIAN_POINT('',(-0.0277672156783714,-0.0281866245204583,0.0043));
#6643=CARTESIAN_POINT('',(-0.0269539897150631,-0.0337835326208733,0.0043));
#6644=CARTESIAN_POINT('',(-0.0288196257485349,-0.0337551295081843,0.0043));
#6645=CARTESIAN_POINT('',(-0.0298720358186983,-0.0393236344959101,0.0043));
#6646=CARTESIAN_POINT('',(-0.0298720358186983,-0.0393236344959101,0.0043));
#6647=CARTESIAN_POINT('',(-0.0288196257485349,-0.0337551295081843,0.0043));
#6648=CARTESIAN_POINT('',(-0.0306374249606355,-0.0393236344959102,0.0043));
#6649=CARTESIAN_POINT('',(-0.0314028141025726,-0.0393236344959102,0.0043));
#6650=CARTESIAN_POINT('',(-0.0314028141025726,-0.0393236344959102,0.0043));
#6651=CARTESIAN_POINT('',(-0.0306374249606355,-0.0393236344959102,0.0043));
#6652=CARTESIAN_POINT('',(-0.0324447598680611,-0.0337835326208733,0.0043));
#6653=CARTESIAN_POINT('',(-0.0334867056335497,-0.0282434307458364,0.0043));
#6654=CARTESIAN_POINT('',(-0.0334867056335497,-0.0282434307458364,0.0043));
#6655=CARTESIAN_POINT('',(-0.0324447598680611,-0.0337835326208733,0.0043));
#6656=CARTESIAN_POINT('',(-0.0343193653055399,-0.0338119357335623,0.0043));
#6657=CARTESIAN_POINT('',(-0.0351520249775301,-0.0393804407212884,0.0043));
#6658=CARTESIAN_POINT('',(-0.0351520249775301,-0.0393804407212884,0.0043));
#6659=CARTESIAN_POINT('',(-0.0343193653055399,-0.0338119357335623,0.0043));
#6660=CARTESIAN_POINT('',(-0.0360519551795732,-0.0393804407212884,0.0043));
#6661=CARTESIAN_POINT('',(-0.0360519551795732,-0.0393804407212884,0.0043));
#6662=CARTESIAN_POINT('',(-3.50921171154636E-5,-0.00863626452086404,0.0043));
#6663=CARTESIAN_POINT('',(-3.50921171154636E-5,-0.00863626452086404,0.0035));
#6664=CARTESIAN_POINT('',(-3.50921171154636E-5,-0.00863626452086404,0.0035));
#6665=MECHANICAL_DESIGN_GEOMETRIC_PRESENTATION_REPRESENTATION('',(#3940),
#6666);
#6666=(
GEOMETRIC_REPRESENTATION_CONTEXT(3)
GLOBAL_UNCERTAINTY_ASSIGNED_CONTEXT((#6667))
GLOBAL_UNIT_ASSIGNED_CONTEXT((#6670,#6669,#6668))
REPRESENTATION_CONTEXT('Part 1','TOP_LEVEL_ASSEMBLY_PART')
);
#6667=UNCERTAINTY_MEASURE_WITH_UNIT(LENGTH_MEASURE(2.E-5),#6670,
'DISTANCE_ACCURACY_VALUE','Maximum Tolerance applied to model');
#6668=(
NAMED_UNIT(*)
SI_UNIT($,.STERADIAN.)
SOLID_ANGLE_UNIT()
);
#6669=(
NAMED_UNIT(*)
PLANE_ANGLE_UNIT()
SI_UNIT($,.RADIAN.)
);
#6670=(
LENGTH_UNIT()
NAMED_UNIT(*)
SI_UNIT($,.METRE.)
);
#6671=PRODUCT_DEFINITION_SHAPE('','',#6672);
#6672=PRODUCT_DEFINITION('','',#6674,#6673);
#6673=PRODUCT_DEFINITION_CONTEXT('',#6680,'design');
#6674=PRODUCT_DEFINITION_FORMATION_WITH_SPECIFIED_SOURCE('','',#6676,
 .NOT_KNOWN.);
#6675=PRODUCT_RELATED_PRODUCT_CATEGORY('','',(#6676));
#6676=PRODUCT('Part 1','Part 1','Part 1',(#6678));
#6677=PRODUCT_CATEGORY('','');
#6678=PRODUCT_CONTEXT('',#6680,'mechanical');
#6679=APPLICATION_PROTOCOL_DEFINITION('international standard',
'ap242_managed_model_based_3d_engineering',2020,#6680);
#6680=APPLICATION_CONTEXT('managed model based 3d engineering');
ENDSEC;
END-ISO-10303-21;
