ISO-10303-21;
HEADER;
/* Generated by software containing ST-Developer
 * from STEP Tools, Inc. (www.steptools.com) 
 */
/* OPTION: using custom renumber hook */

FILE_DESCRIPTION(
/* description */ ('STEP AP242 Edition 2',
'CAx-IF Rec.Pracs.---Representation and Presentation of Product Manufa
cturing Information (PMI)---4.0---2014-10-13',
'CAx-IF Rec.Pracs.---3D Tessellated Geometry---0.4---2014-09-14','2;1',
'CAx-IF Rec.Pracs.---User Defined Attributes---1.5---2016-08-15'),
/* implementation_level */ '2;1');

FILE_NAME(
/* name */ 'Part Studio 17',
/* time_stamp */ '2026-09-24T02:25:10Z',
/* author */ (''),
/* organization */ (''),
/* preprocessor_version */ 'ST-DEVELOPER v20',
/* originating_system */ 'ONSHAPE BY PTC INC, 1.221',
/* authorisation */ '  ');

FILE_SCHEMA (('AP242_MANAGED_MODEL_BASED_3D_ENGINEERING_MIM_LF { 1 0 10303 442 3 1 4 }'));
ENDSEC;

DATA;
#10=B_SPLINE_SURFACE_WITH_KNOTS('',3,1,((#3418,#3419),(#3420,#3421),(#3422,
#3423),(#3424,#3425)),.SURF_OF_LINEAR_EXTRUSION.,.F.,.F.,.F.,(4,4),(2,2),
(0.,1.),(0.,1.),.PIECEWISE_BEZIER_KNOTS.);
#11=B_SPLINE_SURFACE_WITH_KNOTS('',3,1,((#3438,#3439),(#3440,#3441),(#3442,
#3443),(#3444,#3445)),.SURF_OF_LINEAR_EXTRUSION.,.F.,.F.,.F.,(4,4),(2,2),
(0.,1.),(0.,1.),.PIECEWISE_BEZIER_KNOTS.);
#12=B_SPLINE_SURFACE_WITH_KNOTS('',3,1,((#3455,#3456),(#3457,#3458),(#3459,
#3460),(#3461,#3462)),.SURF_OF_LINEAR_EXTRUSION.,.F.,.F.,.F.,(4,4),(2,2),
(0.,1.),(0.,1.),.PIECEWISE_BEZIER_KNOTS.);
#13=B_SPLINE_SURFACE_WITH_KNOTS('',3,1,((#3472,#3473),(#3474,#3475),(#3476,
#3477),(#3478,#3479)),.SURF_OF_LINEAR_EXTRUSION.,.F.,.F.,.F.,(4,4),(2,2),
(0.,1.),(0.,1.),.PIECEWISE_BEZIER_KNOTS.);
#14=B_SPLINE_SURFACE_WITH_KNOTS('',3,1,((#3507,#3508),(#3509,#3510),(#3511,
#3512),(#3513,#3514)),.SURF_OF_LINEAR_EXTRUSION.,.F.,.F.,.F.,(4,4),(2,2),
(0.,1.),(0.,1.),.PIECEWISE_BEZIER_KNOTS.);
#15=B_SPLINE_SURFACE_WITH_KNOTS('',3,1,((#3524,#3525),(#3526,#3527),(#3528,
#3529),(#3530,#3531)),.SURF_OF_LINEAR_EXTRUSION.,.F.,.F.,.F.,(4,4),(2,2),
(0.,1.),(0.,1.),.PIECEWISE_BEZIER_KNOTS.);
#16=B_SPLINE_SURFACE_WITH_KNOTS('',3,1,((#3541,#3542),(#3543,#3544),(#3545,
#3546),(#3547,#3548)),.SURF_OF_LINEAR_EXTRUSION.,.F.,.F.,.F.,(4,4),(2,2),
(0.,1.),(0.,1.),.PIECEWISE_BEZIER_KNOTS.);
#17=B_SPLINE_SURFACE_WITH_KNOTS('',3,1,((#3558,#3559),(#3560,#3561),(#3562,
#3563),(#3564,#3565)),.SURF_OF_LINEAR_EXTRUSION.,.F.,.F.,.F.,(4,4),(2,2),
(0.,1.),(0.,1.),.PIECEWISE_BEZIER_KNOTS.);
#18=B_SPLINE_SURFACE_WITH_KNOTS('',3,1,((#3575,#3576),(#3577,#3578),(#3579,
#3580),(#3581,#3582)),.SURF_OF_LINEAR_EXTRUSION.,.F.,.F.,.F.,(4,4),(2,2),
(0.,1.),(0.,1.),.PIECEWISE_BEZIER_KNOTS.);
#19=B_SPLINE_SURFACE_WITH_KNOTS('',3,1,((#3592,#3593),(#3594,#3595),(#3596,
#3597),(#3598,#3599)),.SURF_OF_LINEAR_EXTRUSION.,.F.,.F.,.F.,(4,4),(2,2),
(0.,1.),(0.,1.),.PIECEWISE_BEZIER_KNOTS.);
#20=B_SPLINE_SURFACE_WITH_KNOTS('',3,1,((#3627,#3628),(#3629,#3630),(#3631,
#3632),(#3633,#3634)),.SURF_OF_LINEAR_EXTRUSION.,.F.,.F.,.F.,(4,4),(2,2),
(0.,1.),(0.,1.),.PIECEWISE_BEZIER_KNOTS.);
#21=B_SPLINE_SURFACE_WITH_KNOTS('',3,1,((#3644,#3645),(#3646,#3647),(#3648,
#3649),(#3650,#3651)),.SURF_OF_LINEAR_EXTRUSION.,.F.,.F.,.F.,(4,4),(2,2),
(0.,1.),(0.,1.),.PIECEWISE_BEZIER_KNOTS.);
#22=B_SPLINE_SURFACE_WITH_KNOTS('',3,1,((#3682,#3683),(#3684,#3685),(#3686,
#3687),(#3688,#3689)),.SURF_OF_LINEAR_EXTRUSION.,.F.,.F.,.F.,(4,4),(2,2),
(0.,1.),(0.,1.),.PIECEWISE_BEZIER_KNOTS.);
#23=B_SPLINE_SURFACE_WITH_KNOTS('',3,1,((#3699,#3700),(#3701,#3702),(#3703,
#3704),(#3705,#3706)),.SURF_OF_LINEAR_EXTRUSION.,.F.,.F.,.F.,(4,4),(2,2),
(0.,1.),(0.,1.),.PIECEWISE_BEZIER_KNOTS.);
#24=B_SPLINE_SURFACE_WITH_KNOTS('',3,1,((#3716,#3717),(#3718,#3719),(#3720,
#3721),(#3722,#3723)),.SURF_OF_LINEAR_EXTRUSION.,.F.,.F.,.F.,(4,4),(2,2),
(0.,1.),(0.,1.),.PIECEWISE_BEZIER_KNOTS.);
#25=B_SPLINE_SURFACE_WITH_KNOTS('',3,1,((#3733,#3734),(#3735,#3736),(#3737,
#3738),(#3739,#3740)),.SURF_OF_LINEAR_EXTRUSION.,.F.,.F.,.F.,(4,4),(2,2),
(0.,1.),(0.,1.),.PIECEWISE_BEZIER_KNOTS.);
#26=B_SPLINE_SURFACE_WITH_KNOTS('',3,1,((#3783,#3784),(#3785,#3786),(#3787,
#3788),(#3789,#3790)),.SURF_OF_LINEAR_EXTRUSION.,.F.,.F.,.F.,(4,4),(2,2),
(0.,1.),(0.,1.),.PIECEWISE_BEZIER_KNOTS.);
#27=B_SPLINE_SURFACE_WITH_KNOTS('',3,1,((#3800,#3801),(#3802,#3803),(#3804,
#3805),(#3806,#3807)),.SURF_OF_LINEAR_EXTRUSION.,.F.,.F.,.F.,(4,4),(2,2),
(0.,1.),(0.,1.),.PIECEWISE_BEZIER_KNOTS.);
#28=B_SPLINE_SURFACE_WITH_KNOTS('',3,1,((#3817,#3818),(#3819,#3820),(#3821,
#3822),(#3823,#3824)),.SURF_OF_LINEAR_EXTRUSION.,.F.,.F.,.F.,(4,4),(2,2),
(0.,1.),(0.,1.),.PIECEWISE_BEZIER_KNOTS.);
#29=B_SPLINE_SURFACE_WITH_KNOTS('',3,1,((#3834,#3835),(#3836,#3837),(#3838,
#3839),(#3840,#3841)),.SURF_OF_LINEAR_EXTRUSION.,.F.,.F.,.F.,(4,4),(2,2),
(0.,1.),(0.,1.),.PIECEWISE_BEZIER_KNOTS.);
#30=B_SPLINE_SURFACE_WITH_KNOTS('',3,1,((#3851,#3852),(#3853,#3854),(#3855,
#3856),(#3857,#3858)),.SURF_OF_LINEAR_EXTRUSION.,.F.,.F.,.F.,(4,4),(2,2),
(0.,1.),(0.,1.),.PIECEWISE_BEZIER_KNOTS.);
#31=B_SPLINE_SURFACE_WITH_KNOTS('',3,1,((#3868,#3869),(#3870,#3871),(#3872,
#3873),(#3874,#3875)),.SURF_OF_LINEAR_EXTRUSION.,.F.,.F.,.F.,(4,4),(2,2),
(0.,1.),(0.,1.),.PIECEWISE_BEZIER_KNOTS.);
#32=B_SPLINE_SURFACE_WITH_KNOTS('',3,1,((#3888,#3889),(#3890,#3891),(#3892,
#3893),(#3894,#3895)),.SURF_OF_LINEAR_EXTRUSION.,.F.,.F.,.F.,(4,4),(2,2),
(0.,1.),(0.,1.),.PIECEWISE_BEZIER_KNOTS.);
#33=B_SPLINE_CURVE_WITH_KNOTS('',3,(#3178,#3179,#3180,#3181,#3182),
 .UNSPECIFIED.,.F.,.F.,(4,1,4),(-7.78297757697136E-6,0.0017414543947475,
0.00349069176707197),.UNSPECIFIED.);
#34=B_SPLINE_CURVE_WITH_KNOTS('',3,(#3184,#3185,#3186,#3187,#3188),
 .UNSPECIFIED.,.F.,.F.,(4,1,4),(-7.78297757697136E-6,0.00174394149667735,
0.00349566597093167),.UNSPECIFIED.);
#35=B_SPLINE_CURVE_WITH_KNOTS('',2,(#3426,#3427,#3428),.UNSPECIFIED.,.F.,
 .F.,(3,3),(0.,1.),.PIECEWISE_BEZIER_KNOTS.);
#36=B_SPLINE_CURVE_WITH_KNOTS('',2,(#3433,#3434,#3435),.UNSPECIFIED.,.F.,
 .F.,(3,3),(0.,1.),.PIECEWISE_BEZIER_KNOTS.);
#37=B_SPLINE_CURVE_WITH_KNOTS('',2,(#3446,#3447,#3448),.UNSPECIFIED.,.F.,
 .F.,(3,3),(0.,1.),.PIECEWISE_BEZIER_KNOTS.);
#38=B_SPLINE_CURVE_WITH_KNOTS('',2,(#3452,#3453,#3454),.UNSPECIFIED.,.F.,
 .F.,(3,3),(0.,1.),.PIECEWISE_BEZIER_KNOTS.);
#39=B_SPLINE_CURVE_WITH_KNOTS('',2,(#3463,#3464,#3465),.UNSPECIFIED.,.F.,
 .F.,(3,3),(0.,1.),.PIECEWISE_BEZIER_KNOTS.);
#40=B_SPLINE_CURVE_WITH_KNOTS('',2,(#3469,#3470,#3471),.UNSPECIFIED.,.F.,
 .F.,(3,3),(0.,1.),.PIECEWISE_BEZIER_KNOTS.);
#41=B_SPLINE_CURVE_WITH_KNOTS('',2,(#3480,#3481,#3482),.UNSPECIFIED.,.F.,
 .F.,(3,3),(0.,1.),.PIECEWISE_BEZIER_KNOTS.);
#42=B_SPLINE_CURVE_WITH_KNOTS('',2,(#3486,#3487,#3488),.UNSPECIFIED.,.F.,
 .F.,(3,3),(0.,1.),.PIECEWISE_BEZIER_KNOTS.);
#43=B_SPLINE_CURVE_WITH_KNOTS('',2,(#3515,#3516,#3517),.UNSPECIFIED.,.F.,
 .F.,(3,3),(0.,1.),.PIECEWISE_BEZIER_KNOTS.);
#44=B_SPLINE_CURVE_WITH_KNOTS('',2,(#3521,#3522,#3523),.UNSPECIFIED.,.F.,
 .F.,(3,3),(0.,1.),.PIECEWISE_BEZIER_KNOTS.);
#45=B_SPLINE_CURVE_WITH_KNOTS('',2,(#3532,#3533,#3534),.UNSPECIFIED.,.F.,
 .F.,(3,3),(0.,1.),.PIECEWISE_BEZIER_KNOTS.);
#46=B_SPLINE_CURVE_WITH_KNOTS('',2,(#3538,#3539,#3540),.UNSPECIFIED.,.F.,
 .F.,(3,3),(0.,1.),.PIECEWISE_BEZIER_KNOTS.);
#47=B_SPLINE_CURVE_WITH_KNOTS('',2,(#3549,#3550,#3551),.UNSPECIFIED.,.F.,
 .F.,(3,3),(0.,1.),.PIECEWISE_BEZIER_KNOTS.);
#48=B_SPLINE_CURVE_WITH_KNOTS('',2,(#3555,#3556,#3557),.UNSPECIFIED.,.F.,
 .F.,(3,3),(0.,1.),.PIECEWISE_BEZIER_KNOTS.);
#49=B_SPLINE_CURVE_WITH_KNOTS('',2,(#3566,#3567,#3568),.UNSPECIFIED.,.F.,
 .F.,(3,3),(0.,1.),.PIECEWISE_BEZIER_KNOTS.);
#50=B_SPLINE_CURVE_WITH_KNOTS('',2,(#3572,#3573,#3574),.UNSPECIFIED.,.F.,
 .F.,(3,3),(0.,1.),.PIECEWISE_BEZIER_KNOTS.);
#51=B_SPLINE_CURVE_WITH_KNOTS('',2,(#3583,#3584,#3585),.UNSPECIFIED.,.F.,
 .F.,(3,3),(0.,1.),.PIECEWISE_BEZIER_KNOTS.);
#52=B_SPLINE_CURVE_WITH_KNOTS('',2,(#3589,#3590,#3591),.UNSPECIFIED.,.F.,
 .F.,(3,3),(0.,1.),.PIECEWISE_BEZIER_KNOTS.);
#53=B_SPLINE_CURVE_WITH_KNOTS('',2,(#3600,#3601,#3602),.UNSPECIFIED.,.F.,
 .F.,(3,3),(0.,1.),.PIECEWISE_BEZIER_KNOTS.);
#54=B_SPLINE_CURVE_WITH_KNOTS('',2,(#3606,#3607,#3608),.UNSPECIFIED.,.F.,
 .F.,(3,3),(0.,1.),.PIECEWISE_BEZIER_KNOTS.);
#55=B_SPLINE_CURVE_WITH_KNOTS('',2,(#3635,#3636,#3637),.UNSPECIFIED.,.F.,
 .F.,(3,3),(0.,1.),.PIECEWISE_BEZIER_KNOTS.);
#56=B_SPLINE_CURVE_WITH_KNOTS('',2,(#3641,#3642,#3643),.UNSPECIFIED.,.F.,
 .F.,(3,3),(0.,1.),.PIECEWISE_BEZIER_KNOTS.);
#57=B_SPLINE_CURVE_WITH_KNOTS('',2,(#3652,#3653,#3654),.UNSPECIFIED.,.F.,
 .F.,(3,3),(0.,1.),.PIECEWISE_BEZIER_KNOTS.);
#58=B_SPLINE_CURVE_WITH_KNOTS('',2,(#3655,#3656,#3657),.UNSPECIFIED.,.F.,
 .F.,(3,3),(0.,1.),.PIECEWISE_BEZIER_KNOTS.);
#59=B_SPLINE_CURVE_WITH_KNOTS('',2,(#3690,#3691,#3692),.UNSPECIFIED.,.F.,
 .F.,(3,3),(0.,1.),.PIECEWISE_BEZIER_KNOTS.);
#60=B_SPLINE_CURVE_WITH_KNOTS('',2,(#3696,#3697,#3698),.UNSPECIFIED.,.F.,
 .F.,(3,3),(0.,1.),.PIECEWISE_BEZIER_KNOTS.);
#61=B_SPLINE_CURVE_WITH_KNOTS('',2,(#3707,#3708,#3709),.UNSPECIFIED.,.F.,
 .F.,(3,3),(0.,1.),.PIECEWISE_BEZIER_KNOTS.);
#62=B_SPLINE_CURVE_WITH_KNOTS('',2,(#3713,#3714,#3715),.UNSPECIFIED.,.F.,
 .F.,(3,3),(0.,1.),.PIECEWISE_BEZIER_KNOTS.);
#63=B_SPLINE_CURVE_WITH_KNOTS('',2,(#3724,#3725,#3726),.UNSPECIFIED.,.F.,
 .F.,(3,3),(0.,1.),.PIECEWISE_BEZIER_KNOTS.);
#64=B_SPLINE_CURVE_WITH_KNOTS('',2,(#3730,#3731,#3732),.UNSPECIFIED.,.F.,
 .F.,(3,3),(0.,1.),.PIECEWISE_BEZIER_KNOTS.);
#65=B_SPLINE_CURVE_WITH_KNOTS('',2,(#3741,#3742,#3743),.UNSPECIFIED.,.F.,
 .F.,(3,3),(0.,1.),.PIECEWISE_BEZIER_KNOTS.);
#66=B_SPLINE_CURVE_WITH_KNOTS('',2,(#3747,#3748,#3749),.UNSPECIFIED.,.F.,
 .F.,(3,3),(0.,1.),.PIECEWISE_BEZIER_KNOTS.);
#67=B_SPLINE_CURVE_WITH_KNOTS('',2,(#3791,#3792,#3793),.UNSPECIFIED.,.F.,
 .F.,(3,3),(0.,1.),.PIECEWISE_BEZIER_KNOTS.);
#68=B_SPLINE_CURVE_WITH_KNOTS('',2,(#3797,#3798,#3799),.UNSPECIFIED.,.F.,
 .F.,(3,3),(0.,1.),.PIECEWISE_BEZIER_KNOTS.);
#69=B_SPLINE_CURVE_WITH_KNOTS('',2,(#3808,#3809,#3810),.UNSPECIFIED.,.F.,
 .F.,(3,3),(0.,1.),.PIECEWISE_BEZIER_KNOTS.);
#70=B_SPLINE_CURVE_WITH_KNOTS('',2,(#3814,#3815,#3816),.UNSPECIFIED.,.F.,
 .F.,(3,3),(0.,1.),.PIECEWISE_BEZIER_KNOTS.);
#71=B_SPLINE_CURVE_WITH_KNOTS('',2,(#3825,#3826,#3827),.UNSPECIFIED.,.F.,
 .F.,(3,3),(0.,1.),.PIECEWISE_BEZIER_KNOTS.);
#72=B_SPLINE_CURVE_WITH_KNOTS('',2,(#3831,#3832,#3833),.UNSPECIFIED.,.F.,
 .F.,(3,3),(0.,1.),.PIECEWISE_BEZIER_KNOTS.);
#73=B_SPLINE_CURVE_WITH_KNOTS('',2,(#3842,#3843,#3844),.UNSPECIFIED.,.F.,
 .F.,(3,3),(0.,1.),.PIECEWISE_BEZIER_KNOTS.);
#74=B_SPLINE_CURVE_WITH_KNOTS('',2,(#3848,#3849,#3850),.UNSPECIFIED.,.F.,
 .F.,(3,3),(0.,1.),.PIECEWISE_BEZIER_KNOTS.);
#75=B_SPLINE_CURVE_WITH_KNOTS('',2,(#3859,#3860,#3861),.UNSPECIFIED.,.F.,
 .F.,(3,3),(0.,1.),.PIECEWISE_BEZIER_KNOTS.);
#76=B_SPLINE_CURVE_WITH_KNOTS('',2,(#3865,#3866,#3867),.UNSPECIFIED.,.F.,
 .F.,(3,3),(0.,1.),.PIECEWISE_BEZIER_KNOTS.);
#77=B_SPLINE_CURVE_WITH_KNOTS('',2,(#3876,#3877,#3878),.UNSPECIFIED.,.F.,
 .F.,(3,3),(0.,1.),.PIECEWISE_BEZIER_KNOTS.);
#78=B_SPLINE_CURVE_WITH_KNOTS('',2,(#3882,#3883,#3884),.UNSPECIFIED.,.F.,
 .F.,(3,3),(0.,1.),.PIECEWISE_BEZIER_KNOTS.);
#79=B_SPLINE_CURVE_WITH_KNOTS('',2,(#3896,#3897,#3898),.UNSPECIFIED.,.F.,
 .F.,(3,3),(0.,1.),.PIECEWISE_BEZIER_KNOTS.);
#80=B_SPLINE_CURVE_WITH_KNOTS('',2,(#3899,#3900,#3901),.UNSPECIFIED.,.F.,
 .F.,(3,3),(0.,1.),.PIECEWISE_BEZIER_KNOTS.);
#81=TOROIDAL_SURFACE('',#2411,0.0026,0.001);
#82=TOROIDAL_SURFACE('',#2413,0.0026,0.001);
#83=TOROIDAL_SURFACE('',#2414,0.0026,0.001);
#84=TOROIDAL_SURFACE('',#2415,0.0026,0.001);
#85=ELLIPSE('',#2397,0.00141421356237309,0.001);
#86=ELLIPSE('',#2398,0.00141421356237309,0.001);
#87=ELLIPSE('',#2400,0.00141421356237309,0.001);
#88=ELLIPSE('',#2402,0.00141421356237309,0.001);
#89=ELLIPSE('',#2405,0.00141421356237309,0.001);
#90=ELLIPSE('',#2406,0.00141421356237309,0.001);
#91=ELLIPSE('',#2408,0.00141421356237309,0.001);
#92=ELLIPSE('',#2410,0.00141421356237309,0.001);
#93=CIRCLE('',#2378,0.0016);
#94=CIRCLE('',#2379,0.0016);
#95=CIRCLE('',#2381,0.0016);
#96=CIRCLE('',#2382,0.0016);
#97=CIRCLE('',#2384,0.0016);
#98=CIRCLE('',#2385,0.0016);
#99=CIRCLE('',#2387,0.0016);
#100=CIRCLE('',#2388,0.0016);
#101=CIRCLE('',#2392,0.0026);
#102=CIRCLE('',#2393,0.0026);
#103=CIRCLE('',#2394,0.0026);
#104=CIRCLE('',#2395,0.0026);
#105=CIRCLE('',#2475,0.00133782299218368);
#106=CIRCLE('',#2476,0.00133782299218368);
#107=CYLINDRICAL_SURFACE('',#2377,0.0016);
#108=CYLINDRICAL_SURFACE('',#2380,0.0016);
#109=CYLINDRICAL_SURFACE('',#2383,0.0016);
#110=CYLINDRICAL_SURFACE('',#2386,0.0016);
#111=CYLINDRICAL_SURFACE('',#2396,0.001);
#112=CYLINDRICAL_SURFACE('',#2399,0.001);
#113=CYLINDRICAL_SURFACE('',#2401,0.001);
#114=CYLINDRICAL_SURFACE('',#2403,0.001);
#115=CYLINDRICAL_SURFACE('',#2404,0.001);
#116=CYLINDRICAL_SURFACE('',#2407,0.001);
#117=CYLINDRICAL_SURFACE('',#2409,0.001);
#118=CYLINDRICAL_SURFACE('',#2412,0.001);
#119=CYLINDRICAL_SURFACE('',#2474,0.00133782299218368);
#120=SHAPE_REPRESENTATION_RELATIONSHIP('','',#2347,#127);
#121=SHAPE_REPRESENTATION_RELATIONSHIP('','',#2348,#128);
#122=SHAPE_REPRESENTATION_RELATIONSHIP('','',#2349,#129);
#123=SHAPE_REPRESENTATION_RELATIONSHIP('','',#2350,#130);
#124=SHAPE_REPRESENTATION_RELATIONSHIP('','',#2351,#131);
#125=SHAPE_REPRESENTATION_RELATIONSHIP('','',#2352,#132);
#126=SHAPE_REPRESENTATION_RELATIONSHIP('','',#2353,#133);
#127=ADVANCED_BREP_SHAPE_REPRESENTATION('',(#2333),#3911);
#128=ADVANCED_BREP_SHAPE_REPRESENTATION('',(#2334),#3912);
#129=ADVANCED_BREP_SHAPE_REPRESENTATION('',(#2335),#3913);
#130=ADVANCED_BREP_SHAPE_REPRESENTATION('',(#2336),#3914);
#131=ADVANCED_BREP_SHAPE_REPRESENTATION('',(#2337),#3915);
#132=ADVANCED_BREP_SHAPE_REPRESENTATION('',(#2338),#3916);
#133=ADVANCED_BREP_SHAPE_REPRESENTATION('',(#2339),#3917);
#134=ORIENTED_EDGE('',*,*,#762,.F.);
#135=ORIENTED_EDGE('',*,*,#763,.F.);
#136=ORIENTED_EDGE('',*,*,#764,.T.);
#137=ORIENTED_EDGE('',*,*,#765,.T.);
#138=ORIENTED_EDGE('',*,*,#766,.F.);
#139=ORIENTED_EDGE('',*,*,#767,.F.);
#140=ORIENTED_EDGE('',*,*,#768,.T.);
#141=ORIENTED_EDGE('',*,*,#763,.T.);
#142=ORIENTED_EDGE('',*,*,#769,.F.);
#143=ORIENTED_EDGE('',*,*,#770,.F.);
#144=ORIENTED_EDGE('',*,*,#771,.T.);
#145=ORIENTED_EDGE('',*,*,#767,.T.);
#146=ORIENTED_EDGE('',*,*,#772,.F.);
#147=ORIENTED_EDGE('',*,*,#773,.F.);
#148=ORIENTED_EDGE('',*,*,#774,.T.);
#149=ORIENTED_EDGE('',*,*,#770,.T.);
#150=ORIENTED_EDGE('',*,*,#775,.F.);
#151=ORIENTED_EDGE('',*,*,#776,.F.);
#152=ORIENTED_EDGE('',*,*,#777,.T.);
#153=ORIENTED_EDGE('',*,*,#773,.T.);
#154=ORIENTED_EDGE('',*,*,#778,.F.);
#155=ORIENTED_EDGE('',*,*,#779,.F.);
#156=ORIENTED_EDGE('',*,*,#780,.T.);
#157=ORIENTED_EDGE('',*,*,#776,.T.);
#158=ORIENTED_EDGE('',*,*,#781,.F.);
#159=ORIENTED_EDGE('',*,*,#782,.F.);
#160=ORIENTED_EDGE('',*,*,#783,.T.);
#161=ORIENTED_EDGE('',*,*,#779,.T.);
#162=ORIENTED_EDGE('',*,*,#784,.F.);
#163=ORIENTED_EDGE('',*,*,#785,.F.);
#164=ORIENTED_EDGE('',*,*,#786,.T.);
#165=ORIENTED_EDGE('',*,*,#782,.T.);
#166=ORIENTED_EDGE('',*,*,#787,.F.);
#167=ORIENTED_EDGE('',*,*,#788,.F.);
#168=ORIENTED_EDGE('',*,*,#789,.T.);
#169=ORIENTED_EDGE('',*,*,#785,.T.);
#170=ORIENTED_EDGE('',*,*,#790,.F.);
#171=ORIENTED_EDGE('',*,*,#791,.F.);
#172=ORIENTED_EDGE('',*,*,#792,.T.);
#173=ORIENTED_EDGE('',*,*,#788,.T.);
#174=ORIENTED_EDGE('',*,*,#793,.F.);
#175=ORIENTED_EDGE('',*,*,#794,.F.);
#176=ORIENTED_EDGE('',*,*,#795,.T.);
#177=ORIENTED_EDGE('',*,*,#791,.T.);
#178=ORIENTED_EDGE('',*,*,#796,.F.);
#179=ORIENTED_EDGE('',*,*,#765,.F.);
#180=ORIENTED_EDGE('',*,*,#797,.T.);
#181=ORIENTED_EDGE('',*,*,#794,.T.);
#182=ORIENTED_EDGE('',*,*,#764,.F.);
#183=ORIENTED_EDGE('',*,*,#768,.F.);
#184=ORIENTED_EDGE('',*,*,#771,.F.);
#185=ORIENTED_EDGE('',*,*,#774,.F.);
#186=ORIENTED_EDGE('',*,*,#777,.F.);
#187=ORIENTED_EDGE('',*,*,#780,.F.);
#188=ORIENTED_EDGE('',*,*,#783,.F.);
#189=ORIENTED_EDGE('',*,*,#786,.F.);
#190=ORIENTED_EDGE('',*,*,#789,.F.);
#191=ORIENTED_EDGE('',*,*,#792,.F.);
#192=ORIENTED_EDGE('',*,*,#795,.F.);
#193=ORIENTED_EDGE('',*,*,#797,.F.);
#194=ORIENTED_EDGE('',*,*,#762,.T.);
#195=ORIENTED_EDGE('',*,*,#796,.T.);
#196=ORIENTED_EDGE('',*,*,#793,.T.);
#197=ORIENTED_EDGE('',*,*,#790,.T.);
#198=ORIENTED_EDGE('',*,*,#787,.T.);
#199=ORIENTED_EDGE('',*,*,#784,.T.);
#200=ORIENTED_EDGE('',*,*,#781,.T.);
#201=ORIENTED_EDGE('',*,*,#778,.T.);
#202=ORIENTED_EDGE('',*,*,#775,.T.);
#203=ORIENTED_EDGE('',*,*,#772,.T.);
#204=ORIENTED_EDGE('',*,*,#769,.T.);
#205=ORIENTED_EDGE('',*,*,#766,.T.);
#206=ORIENTED_EDGE('',*,*,#798,.T.);
#207=ORIENTED_EDGE('',*,*,#799,.T.);
#208=ORIENTED_EDGE('',*,*,#800,.F.);
#209=ORIENTED_EDGE('',*,*,#801,.F.);
#210=ORIENTED_EDGE('',*,*,#802,.T.);
#211=ORIENTED_EDGE('',*,*,#803,.T.);
#212=ORIENTED_EDGE('',*,*,#798,.F.);
#213=ORIENTED_EDGE('',*,*,#804,.T.);
#214=ORIENTED_EDGE('',*,*,#805,.T.);
#215=ORIENTED_EDGE('',*,*,#806,.T.);
#216=ORIENTED_EDGE('',*,*,#802,.F.);
#217=ORIENTED_EDGE('',*,*,#807,.T.);
#218=ORIENTED_EDGE('',*,*,#808,.T.);
#219=ORIENTED_EDGE('',*,*,#809,.T.);
#220=ORIENTED_EDGE('',*,*,#810,.F.);
#221=ORIENTED_EDGE('',*,*,#811,.F.);
#222=ORIENTED_EDGE('',*,*,#812,.T.);
#223=ORIENTED_EDGE('',*,*,#813,.T.);
#224=ORIENTED_EDGE('',*,*,#808,.F.);
#225=ORIENTED_EDGE('',*,*,#814,.T.);
#226=ORIENTED_EDGE('',*,*,#815,.T.);
#227=ORIENTED_EDGE('',*,*,#816,.T.);
#228=ORIENTED_EDGE('',*,*,#812,.F.);
#229=ORIENTED_EDGE('',*,*,#817,.T.);
#230=ORIENTED_EDGE('',*,*,#810,.T.);
#231=ORIENTED_EDGE('',*,*,#818,.T.);
#232=ORIENTED_EDGE('',*,*,#815,.F.);
#233=ORIENTED_EDGE('',*,*,#819,.F.);
#234=ORIENTED_EDGE('',*,*,#820,.T.);
#235=ORIENTED_EDGE('',*,*,#821,.F.);
#236=ORIENTED_EDGE('',*,*,#822,.T.);
#237=ORIENTED_EDGE('',*,*,#823,.F.);
#238=ORIENTED_EDGE('',*,*,#824,.T.);
#239=ORIENTED_EDGE('',*,*,#825,.F.);
#240=ORIENTED_EDGE('',*,*,#826,.T.);
#241=ORIENTED_EDGE('',*,*,#827,.F.);
#242=ORIENTED_EDGE('',*,*,#800,.T.);
#243=ORIENTED_EDGE('',*,*,#828,.T.);
#244=ORIENTED_EDGE('',*,*,#805,.F.);
#245=ORIENTED_EDGE('',*,*,#829,.F.);
#246=ORIENTED_EDGE('',*,*,#827,.T.);
#247=ORIENTED_EDGE('',*,*,#825,.T.);
#248=ORIENTED_EDGE('',*,*,#823,.T.);
#249=ORIENTED_EDGE('',*,*,#821,.T.);
#250=ORIENTED_EDGE('',*,*,#811,.T.);
#251=ORIENTED_EDGE('',*,*,#819,.T.);
#252=ORIENTED_EDGE('',*,*,#817,.F.);
#253=ORIENTED_EDGE('',*,*,#814,.F.);
#254=ORIENTED_EDGE('',*,*,#801,.T.);
#255=ORIENTED_EDGE('',*,*,#829,.T.);
#256=ORIENTED_EDGE('',*,*,#807,.F.);
#257=ORIENTED_EDGE('',*,*,#804,.F.);
#258=ORIENTED_EDGE('',*,*,#830,.T.);
#259=ORIENTED_EDGE('',*,*,#831,.T.);
#260=ORIENTED_EDGE('',*,*,#832,.T.);
#261=ORIENTED_EDGE('',*,*,#833,.T.);
#262=ORIENTED_EDGE('',*,*,#834,.T.);
#263=ORIENTED_EDGE('',*,*,#835,.T.);
#264=ORIENTED_EDGE('',*,*,#836,.T.);
#265=ORIENTED_EDGE('',*,*,#837,.T.);
#266=ORIENTED_EDGE('',*,*,#838,.T.);
#267=ORIENTED_EDGE('',*,*,#839,.T.);
#268=ORIENTED_EDGE('',*,*,#840,.T.);
#269=ORIENTED_EDGE('',*,*,#841,.T.);
#270=ORIENTED_EDGE('',*,*,#842,.T.);
#271=ORIENTED_EDGE('',*,*,#843,.T.);
#272=ORIENTED_EDGE('',*,*,#844,.F.);
#273=ORIENTED_EDGE('',*,*,#809,.F.);
#274=ORIENTED_EDGE('',*,*,#845,.F.);
#275=ORIENTED_EDGE('',*,*,#832,.F.);
#276=ORIENTED_EDGE('',*,*,#845,.T.);
#277=ORIENTED_EDGE('',*,*,#813,.F.);
#278=ORIENTED_EDGE('',*,*,#846,.F.);
#279=ORIENTED_EDGE('',*,*,#833,.F.);
#280=ORIENTED_EDGE('',*,*,#844,.T.);
#281=ORIENTED_EDGE('',*,*,#831,.F.);
#282=ORIENTED_EDGE('',*,*,#847,.F.);
#283=ORIENTED_EDGE('',*,*,#818,.F.);
#284=ORIENTED_EDGE('',*,*,#846,.T.);
#285=ORIENTED_EDGE('',*,*,#816,.F.);
#286=ORIENTED_EDGE('',*,*,#847,.T.);
#287=ORIENTED_EDGE('',*,*,#830,.F.);
#288=ORIENTED_EDGE('',*,*,#848,.F.);
#289=ORIENTED_EDGE('',*,*,#841,.F.);
#290=ORIENTED_EDGE('',*,*,#849,.F.);
#291=ORIENTED_EDGE('',*,*,#828,.F.);
#292=ORIENTED_EDGE('',*,*,#849,.T.);
#293=ORIENTED_EDGE('',*,*,#840,.F.);
#294=ORIENTED_EDGE('',*,*,#850,.F.);
#295=ORIENTED_EDGE('',*,*,#806,.F.);
#296=ORIENTED_EDGE('',*,*,#848,.T.);
#297=ORIENTED_EDGE('',*,*,#799,.F.);
#298=ORIENTED_EDGE('',*,*,#851,.F.);
#299=ORIENTED_EDGE('',*,*,#842,.F.);
#300=ORIENTED_EDGE('',*,*,#822,.F.);
#301=ORIENTED_EDGE('',*,*,#852,.F.);
#302=ORIENTED_EDGE('',*,*,#836,.F.);
#303=ORIENTED_EDGE('',*,*,#853,.F.);
#304=ORIENTED_EDGE('',*,*,#837,.F.);
#305=ORIENTED_EDGE('',*,*,#852,.T.);
#306=ORIENTED_EDGE('',*,*,#843,.F.);
#307=ORIENTED_EDGE('',*,*,#851,.T.);
#308=ORIENTED_EDGE('',*,*,#803,.F.);
#309=ORIENTED_EDGE('',*,*,#850,.T.);
#310=ORIENTED_EDGE('',*,*,#839,.F.);
#311=ORIENTED_EDGE('',*,*,#838,.F.);
#312=ORIENTED_EDGE('',*,*,#853,.T.);
#313=ORIENTED_EDGE('',*,*,#820,.F.);
#314=ORIENTED_EDGE('',*,*,#834,.F.);
#315=ORIENTED_EDGE('',*,*,#824,.F.);
#316=ORIENTED_EDGE('',*,*,#835,.F.);
#317=ORIENTED_EDGE('',*,*,#826,.F.);
#318=ORIENTED_EDGE('',*,*,#854,.F.);
#319=ORIENTED_EDGE('',*,*,#855,.F.);
#320=ORIENTED_EDGE('',*,*,#856,.T.);
#321=ORIENTED_EDGE('',*,*,#857,.T.);
#322=ORIENTED_EDGE('',*,*,#858,.F.);
#323=ORIENTED_EDGE('',*,*,#859,.F.);
#324=ORIENTED_EDGE('',*,*,#860,.T.);
#325=ORIENTED_EDGE('',*,*,#855,.T.);
#326=ORIENTED_EDGE('',*,*,#861,.F.);
#327=ORIENTED_EDGE('',*,*,#862,.F.);
#328=ORIENTED_EDGE('',*,*,#863,.T.);
#329=ORIENTED_EDGE('',*,*,#859,.T.);
#330=ORIENTED_EDGE('',*,*,#864,.F.);
#331=ORIENTED_EDGE('',*,*,#865,.F.);
#332=ORIENTED_EDGE('',*,*,#866,.T.);
#333=ORIENTED_EDGE('',*,*,#862,.T.);
#334=ORIENTED_EDGE('',*,*,#867,.F.);
#335=ORIENTED_EDGE('',*,*,#868,.F.);
#336=ORIENTED_EDGE('',*,*,#869,.T.);
#337=ORIENTED_EDGE('',*,*,#865,.T.);
#338=ORIENTED_EDGE('',*,*,#870,.F.);
#339=ORIENTED_EDGE('',*,*,#871,.F.);
#340=ORIENTED_EDGE('',*,*,#872,.T.);
#341=ORIENTED_EDGE('',*,*,#868,.T.);
#342=ORIENTED_EDGE('',*,*,#873,.F.);
#343=ORIENTED_EDGE('',*,*,#874,.F.);
#344=ORIENTED_EDGE('',*,*,#875,.T.);
#345=ORIENTED_EDGE('',*,*,#871,.T.);
#346=ORIENTED_EDGE('',*,*,#876,.F.);
#347=ORIENTED_EDGE('',*,*,#877,.F.);
#348=ORIENTED_EDGE('',*,*,#878,.T.);
#349=ORIENTED_EDGE('',*,*,#874,.T.);
#350=ORIENTED_EDGE('',*,*,#879,.F.);
#351=ORIENTED_EDGE('',*,*,#880,.F.);
#352=ORIENTED_EDGE('',*,*,#881,.T.);
#353=ORIENTED_EDGE('',*,*,#877,.T.);
#354=ORIENTED_EDGE('',*,*,#882,.F.);
#355=ORIENTED_EDGE('',*,*,#883,.F.);
#356=ORIENTED_EDGE('',*,*,#884,.T.);
#357=ORIENTED_EDGE('',*,*,#880,.T.);
#358=ORIENTED_EDGE('',*,*,#885,.F.);
#359=ORIENTED_EDGE('',*,*,#886,.F.);
#360=ORIENTED_EDGE('',*,*,#887,.T.);
#361=ORIENTED_EDGE('',*,*,#883,.T.);
#362=ORIENTED_EDGE('',*,*,#888,.F.);
#363=ORIENTED_EDGE('',*,*,#889,.F.);
#364=ORIENTED_EDGE('',*,*,#890,.T.);
#365=ORIENTED_EDGE('',*,*,#886,.T.);
#366=ORIENTED_EDGE('',*,*,#891,.F.);
#367=ORIENTED_EDGE('',*,*,#857,.F.);
#368=ORIENTED_EDGE('',*,*,#892,.T.);
#369=ORIENTED_EDGE('',*,*,#889,.T.);
#370=ORIENTED_EDGE('',*,*,#856,.F.);
#371=ORIENTED_EDGE('',*,*,#860,.F.);
#372=ORIENTED_EDGE('',*,*,#863,.F.);
#373=ORIENTED_EDGE('',*,*,#866,.F.);
#374=ORIENTED_EDGE('',*,*,#869,.F.);
#375=ORIENTED_EDGE('',*,*,#872,.F.);
#376=ORIENTED_EDGE('',*,*,#875,.F.);
#377=ORIENTED_EDGE('',*,*,#878,.F.);
#378=ORIENTED_EDGE('',*,*,#881,.F.);
#379=ORIENTED_EDGE('',*,*,#884,.F.);
#380=ORIENTED_EDGE('',*,*,#887,.F.);
#381=ORIENTED_EDGE('',*,*,#890,.F.);
#382=ORIENTED_EDGE('',*,*,#892,.F.);
#383=ORIENTED_EDGE('',*,*,#854,.T.);
#384=ORIENTED_EDGE('',*,*,#891,.T.);
#385=ORIENTED_EDGE('',*,*,#888,.T.);
#386=ORIENTED_EDGE('',*,*,#885,.T.);
#387=ORIENTED_EDGE('',*,*,#882,.T.);
#388=ORIENTED_EDGE('',*,*,#879,.T.);
#389=ORIENTED_EDGE('',*,*,#876,.T.);
#390=ORIENTED_EDGE('',*,*,#873,.T.);
#391=ORIENTED_EDGE('',*,*,#870,.T.);
#392=ORIENTED_EDGE('',*,*,#867,.T.);
#393=ORIENTED_EDGE('',*,*,#864,.T.);
#394=ORIENTED_EDGE('',*,*,#861,.T.);
#395=ORIENTED_EDGE('',*,*,#858,.T.);
#396=ORIENTED_EDGE('',*,*,#893,.F.);
#397=ORIENTED_EDGE('',*,*,#894,.F.);
#398=ORIENTED_EDGE('',*,*,#895,.T.);
#399=ORIENTED_EDGE('',*,*,#896,.T.);
#400=ORIENTED_EDGE('',*,*,#897,.F.);
#401=ORIENTED_EDGE('',*,*,#898,.F.);
#402=ORIENTED_EDGE('',*,*,#899,.T.);
#403=ORIENTED_EDGE('',*,*,#894,.T.);
#404=ORIENTED_EDGE('',*,*,#900,.F.);
#405=ORIENTED_EDGE('',*,*,#901,.F.);
#406=ORIENTED_EDGE('',*,*,#902,.T.);
#407=ORIENTED_EDGE('',*,*,#903,.T.);
#408=ORIENTED_EDGE('',*,*,#904,.F.);
#409=ORIENTED_EDGE('',*,*,#905,.F.);
#410=ORIENTED_EDGE('',*,*,#906,.T.);
#411=ORIENTED_EDGE('',*,*,#901,.T.);
#412=ORIENTED_EDGE('',*,*,#907,.F.);
#413=ORIENTED_EDGE('',*,*,#908,.F.);
#414=ORIENTED_EDGE('',*,*,#909,.T.);
#415=ORIENTED_EDGE('',*,*,#905,.T.);
#416=ORIENTED_EDGE('',*,*,#910,.F.);
#417=ORIENTED_EDGE('',*,*,#911,.F.);
#418=ORIENTED_EDGE('',*,*,#912,.T.);
#419=ORIENTED_EDGE('',*,*,#908,.T.);
#420=ORIENTED_EDGE('',*,*,#913,.F.);
#421=ORIENTED_EDGE('',*,*,#914,.F.);
#422=ORIENTED_EDGE('',*,*,#915,.T.);
#423=ORIENTED_EDGE('',*,*,#911,.T.);
#424=ORIENTED_EDGE('',*,*,#916,.F.);
#425=ORIENTED_EDGE('',*,*,#917,.F.);
#426=ORIENTED_EDGE('',*,*,#918,.T.);
#427=ORIENTED_EDGE('',*,*,#914,.T.);
#428=ORIENTED_EDGE('',*,*,#919,.F.);
#429=ORIENTED_EDGE('',*,*,#920,.F.);
#430=ORIENTED_EDGE('',*,*,#921,.T.);
#431=ORIENTED_EDGE('',*,*,#917,.T.);
#432=ORIENTED_EDGE('',*,*,#922,.F.);
#433=ORIENTED_EDGE('',*,*,#903,.F.);
#434=ORIENTED_EDGE('',*,*,#923,.T.);
#435=ORIENTED_EDGE('',*,*,#920,.T.);
#436=ORIENTED_EDGE('',*,*,#924,.F.);
#437=ORIENTED_EDGE('',*,*,#896,.F.);
#438=ORIENTED_EDGE('',*,*,#925,.T.);
#439=ORIENTED_EDGE('',*,*,#898,.T.);
#440=ORIENTED_EDGE('',*,*,#902,.F.);
#441=ORIENTED_EDGE('',*,*,#906,.F.);
#442=ORIENTED_EDGE('',*,*,#909,.F.);
#443=ORIENTED_EDGE('',*,*,#912,.F.);
#444=ORIENTED_EDGE('',*,*,#915,.F.);
#445=ORIENTED_EDGE('',*,*,#918,.F.);
#446=ORIENTED_EDGE('',*,*,#921,.F.);
#447=ORIENTED_EDGE('',*,*,#923,.F.);
#448=ORIENTED_EDGE('',*,*,#895,.F.);
#449=ORIENTED_EDGE('',*,*,#899,.F.);
#450=ORIENTED_EDGE('',*,*,#925,.F.);
#451=ORIENTED_EDGE('',*,*,#900,.T.);
#452=ORIENTED_EDGE('',*,*,#922,.T.);
#453=ORIENTED_EDGE('',*,*,#919,.T.);
#454=ORIENTED_EDGE('',*,*,#916,.T.);
#455=ORIENTED_EDGE('',*,*,#913,.T.);
#456=ORIENTED_EDGE('',*,*,#910,.T.);
#457=ORIENTED_EDGE('',*,*,#907,.T.);
#458=ORIENTED_EDGE('',*,*,#904,.T.);
#459=ORIENTED_EDGE('',*,*,#893,.T.);
#460=ORIENTED_EDGE('',*,*,#924,.T.);
#461=ORIENTED_EDGE('',*,*,#897,.T.);
#462=ORIENTED_EDGE('',*,*,#926,.F.);
#463=ORIENTED_EDGE('',*,*,#927,.F.);
#464=ORIENTED_EDGE('',*,*,#928,.T.);
#465=ORIENTED_EDGE('',*,*,#929,.T.);
#466=ORIENTED_EDGE('',*,*,#930,.F.);
#467=ORIENTED_EDGE('',*,*,#931,.F.);
#468=ORIENTED_EDGE('',*,*,#932,.T.);
#469=ORIENTED_EDGE('',*,*,#927,.T.);
#470=ORIENTED_EDGE('',*,*,#933,.F.);
#471=ORIENTED_EDGE('',*,*,#934,.F.);
#472=ORIENTED_EDGE('',*,*,#935,.T.);
#473=ORIENTED_EDGE('',*,*,#931,.T.);
#474=ORIENTED_EDGE('',*,*,#936,.F.);
#475=ORIENTED_EDGE('',*,*,#937,.F.);
#476=ORIENTED_EDGE('',*,*,#938,.T.);
#477=ORIENTED_EDGE('',*,*,#934,.T.);
#478=ORIENTED_EDGE('',*,*,#939,.F.);
#479=ORIENTED_EDGE('',*,*,#940,.F.);
#480=ORIENTED_EDGE('',*,*,#941,.T.);
#481=ORIENTED_EDGE('',*,*,#937,.T.);
#482=ORIENTED_EDGE('',*,*,#942,.F.);
#483=ORIENTED_EDGE('',*,*,#943,.F.);
#484=ORIENTED_EDGE('',*,*,#944,.T.);
#485=ORIENTED_EDGE('',*,*,#940,.T.);
#486=ORIENTED_EDGE('',*,*,#945,.F.);
#487=ORIENTED_EDGE('',*,*,#946,.F.);
#488=ORIENTED_EDGE('',*,*,#947,.T.);
#489=ORIENTED_EDGE('',*,*,#943,.T.);
#490=ORIENTED_EDGE('',*,*,#948,.F.);
#491=ORIENTED_EDGE('',*,*,#949,.F.);
#492=ORIENTED_EDGE('',*,*,#950,.T.);
#493=ORIENTED_EDGE('',*,*,#946,.T.);
#494=ORIENTED_EDGE('',*,*,#951,.F.);
#495=ORIENTED_EDGE('',*,*,#952,.F.);
#496=ORIENTED_EDGE('',*,*,#953,.T.);
#497=ORIENTED_EDGE('',*,*,#949,.T.);
#498=ORIENTED_EDGE('',*,*,#954,.F.);
#499=ORIENTED_EDGE('',*,*,#955,.F.);
#500=ORIENTED_EDGE('',*,*,#956,.T.);
#501=ORIENTED_EDGE('',*,*,#952,.T.);
#502=ORIENTED_EDGE('',*,*,#957,.F.);
#503=ORIENTED_EDGE('',*,*,#958,.F.);
#504=ORIENTED_EDGE('',*,*,#959,.T.);
#505=ORIENTED_EDGE('',*,*,#955,.T.);
#506=ORIENTED_EDGE('',*,*,#960,.F.);
#507=ORIENTED_EDGE('',*,*,#929,.F.);
#508=ORIENTED_EDGE('',*,*,#961,.T.);
#509=ORIENTED_EDGE('',*,*,#958,.T.);
#510=ORIENTED_EDGE('',*,*,#928,.F.);
#511=ORIENTED_EDGE('',*,*,#932,.F.);
#512=ORIENTED_EDGE('',*,*,#935,.F.);
#513=ORIENTED_EDGE('',*,*,#938,.F.);
#514=ORIENTED_EDGE('',*,*,#941,.F.);
#515=ORIENTED_EDGE('',*,*,#944,.F.);
#516=ORIENTED_EDGE('',*,*,#947,.F.);
#517=ORIENTED_EDGE('',*,*,#950,.F.);
#518=ORIENTED_EDGE('',*,*,#953,.F.);
#519=ORIENTED_EDGE('',*,*,#956,.F.);
#520=ORIENTED_EDGE('',*,*,#959,.F.);
#521=ORIENTED_EDGE('',*,*,#961,.F.);
#522=ORIENTED_EDGE('',*,*,#926,.T.);
#523=ORIENTED_EDGE('',*,*,#960,.T.);
#524=ORIENTED_EDGE('',*,*,#957,.T.);
#525=ORIENTED_EDGE('',*,*,#954,.T.);
#526=ORIENTED_EDGE('',*,*,#951,.T.);
#527=ORIENTED_EDGE('',*,*,#948,.T.);
#528=ORIENTED_EDGE('',*,*,#945,.T.);
#529=ORIENTED_EDGE('',*,*,#942,.T.);
#530=ORIENTED_EDGE('',*,*,#939,.T.);
#531=ORIENTED_EDGE('',*,*,#936,.T.);
#532=ORIENTED_EDGE('',*,*,#933,.T.);
#533=ORIENTED_EDGE('',*,*,#930,.T.);
#534=ORIENTED_EDGE('',*,*,#962,.F.);
#535=ORIENTED_EDGE('',*,*,#963,.F.);
#536=ORIENTED_EDGE('',*,*,#964,.T.);
#537=ORIENTED_EDGE('',*,*,#965,.T.);
#538=ORIENTED_EDGE('',*,*,#966,.F.);
#539=ORIENTED_EDGE('',*,*,#967,.F.);
#540=ORIENTED_EDGE('',*,*,#968,.T.);
#541=ORIENTED_EDGE('',*,*,#963,.T.);
#542=ORIENTED_EDGE('',*,*,#969,.F.);
#543=ORIENTED_EDGE('',*,*,#970,.F.);
#544=ORIENTED_EDGE('',*,*,#971,.T.);
#545=ORIENTED_EDGE('',*,*,#967,.T.);
#546=ORIENTED_EDGE('',*,*,#972,.F.);
#547=ORIENTED_EDGE('',*,*,#973,.F.);
#548=ORIENTED_EDGE('',*,*,#974,.T.);
#549=ORIENTED_EDGE('',*,*,#970,.T.);
#550=ORIENTED_EDGE('',*,*,#975,.F.);
#551=ORIENTED_EDGE('',*,*,#976,.F.);
#552=ORIENTED_EDGE('',*,*,#977,.T.);
#553=ORIENTED_EDGE('',*,*,#973,.T.);
#554=ORIENTED_EDGE('',*,*,#978,.F.);
#555=ORIENTED_EDGE('',*,*,#979,.F.);
#556=ORIENTED_EDGE('',*,*,#980,.T.);
#557=ORIENTED_EDGE('',*,*,#976,.T.);
#558=ORIENTED_EDGE('',*,*,#981,.F.);
#559=ORIENTED_EDGE('',*,*,#982,.F.);
#560=ORIENTED_EDGE('',*,*,#983,.T.);
#561=ORIENTED_EDGE('',*,*,#979,.T.);
#562=ORIENTED_EDGE('',*,*,#984,.F.);
#563=ORIENTED_EDGE('',*,*,#985,.F.);
#564=ORIENTED_EDGE('',*,*,#986,.T.);
#565=ORIENTED_EDGE('',*,*,#982,.T.);
#566=ORIENTED_EDGE('',*,*,#987,.F.);
#567=ORIENTED_EDGE('',*,*,#988,.F.);
#568=ORIENTED_EDGE('',*,*,#989,.T.);
#569=ORIENTED_EDGE('',*,*,#985,.T.);
#570=ORIENTED_EDGE('',*,*,#990,.F.);
#571=ORIENTED_EDGE('',*,*,#991,.F.);
#572=ORIENTED_EDGE('',*,*,#992,.T.);
#573=ORIENTED_EDGE('',*,*,#988,.T.);
#574=ORIENTED_EDGE('',*,*,#993,.F.);
#575=ORIENTED_EDGE('',*,*,#994,.F.);
#576=ORIENTED_EDGE('',*,*,#995,.T.);
#577=ORIENTED_EDGE('',*,*,#991,.T.);
#578=ORIENTED_EDGE('',*,*,#996,.F.);
#579=ORIENTED_EDGE('',*,*,#997,.F.);
#580=ORIENTED_EDGE('',*,*,#998,.T.);
#581=ORIENTED_EDGE('',*,*,#994,.T.);
#582=ORIENTED_EDGE('',*,*,#999,.F.);
#583=ORIENTED_EDGE('',*,*,#1000,.F.);
#584=ORIENTED_EDGE('',*,*,#1001,.T.);
#585=ORIENTED_EDGE('',*,*,#997,.T.);
#586=ORIENTED_EDGE('',*,*,#1002,.F.);
#587=ORIENTED_EDGE('',*,*,#1003,.F.);
#588=ORIENTED_EDGE('',*,*,#1004,.T.);
#589=ORIENTED_EDGE('',*,*,#1000,.T.);
#590=ORIENTED_EDGE('',*,*,#1005,.F.);
#591=ORIENTED_EDGE('',*,*,#1006,.F.);
#592=ORIENTED_EDGE('',*,*,#1007,.T.);
#593=ORIENTED_EDGE('',*,*,#1003,.T.);
#594=ORIENTED_EDGE('',*,*,#1008,.F.);
#595=ORIENTED_EDGE('',*,*,#1009,.F.);
#596=ORIENTED_EDGE('',*,*,#1010,.T.);
#597=ORIENTED_EDGE('',*,*,#1006,.T.);
#598=ORIENTED_EDGE('',*,*,#1011,.F.);
#599=ORIENTED_EDGE('',*,*,#1012,.F.);
#600=ORIENTED_EDGE('',*,*,#1013,.T.);
#601=ORIENTED_EDGE('',*,*,#1009,.T.);
#602=ORIENTED_EDGE('',*,*,#1014,.F.);
#603=ORIENTED_EDGE('',*,*,#965,.F.);
#604=ORIENTED_EDGE('',*,*,#1015,.T.);
#605=ORIENTED_EDGE('',*,*,#1012,.T.);
#606=ORIENTED_EDGE('',*,*,#964,.F.);
#607=ORIENTED_EDGE('',*,*,#968,.F.);
#608=ORIENTED_EDGE('',*,*,#971,.F.);
#609=ORIENTED_EDGE('',*,*,#974,.F.);
#610=ORIENTED_EDGE('',*,*,#977,.F.);
#611=ORIENTED_EDGE('',*,*,#980,.F.);
#612=ORIENTED_EDGE('',*,*,#983,.F.);
#613=ORIENTED_EDGE('',*,*,#986,.F.);
#614=ORIENTED_EDGE('',*,*,#989,.F.);
#615=ORIENTED_EDGE('',*,*,#992,.F.);
#616=ORIENTED_EDGE('',*,*,#995,.F.);
#617=ORIENTED_EDGE('',*,*,#998,.F.);
#618=ORIENTED_EDGE('',*,*,#1001,.F.);
#619=ORIENTED_EDGE('',*,*,#1004,.F.);
#620=ORIENTED_EDGE('',*,*,#1007,.F.);
#621=ORIENTED_EDGE('',*,*,#1010,.F.);
#622=ORIENTED_EDGE('',*,*,#1013,.F.);
#623=ORIENTED_EDGE('',*,*,#1015,.F.);
#624=ORIENTED_EDGE('',*,*,#962,.T.);
#625=ORIENTED_EDGE('',*,*,#1014,.T.);
#626=ORIENTED_EDGE('',*,*,#1011,.T.);
#627=ORIENTED_EDGE('',*,*,#1008,.T.);
#628=ORIENTED_EDGE('',*,*,#1005,.T.);
#629=ORIENTED_EDGE('',*,*,#1002,.T.);
#630=ORIENTED_EDGE('',*,*,#999,.T.);
#631=ORIENTED_EDGE('',*,*,#996,.T.);
#632=ORIENTED_EDGE('',*,*,#993,.T.);
#633=ORIENTED_EDGE('',*,*,#990,.T.);
#634=ORIENTED_EDGE('',*,*,#987,.T.);
#635=ORIENTED_EDGE('',*,*,#984,.T.);
#636=ORIENTED_EDGE('',*,*,#981,.T.);
#637=ORIENTED_EDGE('',*,*,#978,.T.);
#638=ORIENTED_EDGE('',*,*,#975,.T.);
#639=ORIENTED_EDGE('',*,*,#972,.T.);
#640=ORIENTED_EDGE('',*,*,#969,.T.);
#641=ORIENTED_EDGE('',*,*,#966,.T.);
#642=ORIENTED_EDGE('',*,*,#1016,.F.);
#643=ORIENTED_EDGE('',*,*,#1017,.F.);
#644=ORIENTED_EDGE('',*,*,#1018,.T.);
#645=ORIENTED_EDGE('',*,*,#1019,.T.);
#646=ORIENTED_EDGE('',*,*,#1020,.F.);
#647=ORIENTED_EDGE('',*,*,#1021,.F.);
#648=ORIENTED_EDGE('',*,*,#1022,.T.);
#649=ORIENTED_EDGE('',*,*,#1017,.T.);
#650=ORIENTED_EDGE('',*,*,#1023,.F.);
#651=ORIENTED_EDGE('',*,*,#1024,.F.);
#652=ORIENTED_EDGE('',*,*,#1025,.T.);
#653=ORIENTED_EDGE('',*,*,#1021,.T.);
#654=ORIENTED_EDGE('',*,*,#1026,.F.);
#655=ORIENTED_EDGE('',*,*,#1027,.F.);
#656=ORIENTED_EDGE('',*,*,#1028,.T.);
#657=ORIENTED_EDGE('',*,*,#1024,.T.);
#658=ORIENTED_EDGE('',*,*,#1029,.F.);
#659=ORIENTED_EDGE('',*,*,#1030,.F.);
#660=ORIENTED_EDGE('',*,*,#1031,.T.);
#661=ORIENTED_EDGE('',*,*,#1027,.T.);
#662=ORIENTED_EDGE('',*,*,#1032,.F.);
#663=ORIENTED_EDGE('',*,*,#1033,.F.);
#664=ORIENTED_EDGE('',*,*,#1034,.T.);
#665=ORIENTED_EDGE('',*,*,#1030,.T.);
#666=ORIENTED_EDGE('',*,*,#1035,.F.);
#667=ORIENTED_EDGE('',*,*,#1036,.F.);
#668=ORIENTED_EDGE('',*,*,#1037,.T.);
#669=ORIENTED_EDGE('',*,*,#1033,.T.);
#670=ORIENTED_EDGE('',*,*,#1038,.F.);
#671=ORIENTED_EDGE('',*,*,#1039,.F.);
#672=ORIENTED_EDGE('',*,*,#1040,.T.);
#673=ORIENTED_EDGE('',*,*,#1036,.T.);
#674=ORIENTED_EDGE('',*,*,#1041,.F.);
#675=ORIENTED_EDGE('',*,*,#1042,.F.);
#676=ORIENTED_EDGE('',*,*,#1043,.T.);
#677=ORIENTED_EDGE('',*,*,#1044,.T.);
#678=ORIENTED_EDGE('',*,*,#1045,.F.);
#679=ORIENTED_EDGE('',*,*,#1046,.F.);
#680=ORIENTED_EDGE('',*,*,#1047,.T.);
#681=ORIENTED_EDGE('',*,*,#1042,.T.);
#682=ORIENTED_EDGE('',*,*,#1048,.F.);
#683=ORIENTED_EDGE('',*,*,#1049,.F.);
#684=ORIENTED_EDGE('',*,*,#1050,.T.);
#685=ORIENTED_EDGE('',*,*,#1046,.T.);
#686=ORIENTED_EDGE('',*,*,#1051,.F.);
#687=ORIENTED_EDGE('',*,*,#1052,.F.);
#688=ORIENTED_EDGE('',*,*,#1053,.T.);
#689=ORIENTED_EDGE('',*,*,#1049,.T.);
#690=ORIENTED_EDGE('',*,*,#1054,.F.);
#691=ORIENTED_EDGE('',*,*,#1055,.F.);
#692=ORIENTED_EDGE('',*,*,#1056,.T.);
#693=ORIENTED_EDGE('',*,*,#1052,.T.);
#694=ORIENTED_EDGE('',*,*,#1057,.F.);
#695=ORIENTED_EDGE('',*,*,#1058,.F.);
#696=ORIENTED_EDGE('',*,*,#1059,.T.);
#697=ORIENTED_EDGE('',*,*,#1055,.T.);
#698=ORIENTED_EDGE('',*,*,#1060,.F.);
#699=ORIENTED_EDGE('',*,*,#1061,.F.);
#700=ORIENTED_EDGE('',*,*,#1062,.T.);
#701=ORIENTED_EDGE('',*,*,#1058,.T.);
#702=ORIENTED_EDGE('',*,*,#1063,.F.);
#703=ORIENTED_EDGE('',*,*,#1064,.F.);
#704=ORIENTED_EDGE('',*,*,#1065,.T.);
#705=ORIENTED_EDGE('',*,*,#1061,.T.);
#706=ORIENTED_EDGE('',*,*,#1066,.F.);
#707=ORIENTED_EDGE('',*,*,#1067,.F.);
#708=ORIENTED_EDGE('',*,*,#1068,.T.);
#709=ORIENTED_EDGE('',*,*,#1064,.T.);
#710=ORIENTED_EDGE('',*,*,#1069,.F.);
#711=ORIENTED_EDGE('',*,*,#1070,.F.);
#712=ORIENTED_EDGE('',*,*,#1071,.T.);
#713=ORIENTED_EDGE('',*,*,#1067,.T.);
#714=ORIENTED_EDGE('',*,*,#1072,.F.);
#715=ORIENTED_EDGE('',*,*,#1044,.F.);
#716=ORIENTED_EDGE('',*,*,#1073,.T.);
#717=ORIENTED_EDGE('',*,*,#1070,.T.);
#718=ORIENTED_EDGE('',*,*,#1074,.F.);
#719=ORIENTED_EDGE('',*,*,#1019,.F.);
#720=ORIENTED_EDGE('',*,*,#1075,.T.);
#721=ORIENTED_EDGE('',*,*,#1039,.T.);
#722=ORIENTED_EDGE('',*,*,#1043,.F.);
#723=ORIENTED_EDGE('',*,*,#1047,.F.);
#724=ORIENTED_EDGE('',*,*,#1050,.F.);
#725=ORIENTED_EDGE('',*,*,#1053,.F.);
#726=ORIENTED_EDGE('',*,*,#1056,.F.);
#727=ORIENTED_EDGE('',*,*,#1059,.F.);
#728=ORIENTED_EDGE('',*,*,#1062,.F.);
#729=ORIENTED_EDGE('',*,*,#1065,.F.);
#730=ORIENTED_EDGE('',*,*,#1068,.F.);
#731=ORIENTED_EDGE('',*,*,#1071,.F.);
#732=ORIENTED_EDGE('',*,*,#1073,.F.);
#733=ORIENTED_EDGE('',*,*,#1018,.F.);
#734=ORIENTED_EDGE('',*,*,#1022,.F.);
#735=ORIENTED_EDGE('',*,*,#1025,.F.);
#736=ORIENTED_EDGE('',*,*,#1028,.F.);
#737=ORIENTED_EDGE('',*,*,#1031,.F.);
#738=ORIENTED_EDGE('',*,*,#1034,.F.);
#739=ORIENTED_EDGE('',*,*,#1037,.F.);
#740=ORIENTED_EDGE('',*,*,#1040,.F.);
#741=ORIENTED_EDGE('',*,*,#1075,.F.);
#742=ORIENTED_EDGE('',*,*,#1041,.T.);
#743=ORIENTED_EDGE('',*,*,#1072,.T.);
#744=ORIENTED_EDGE('',*,*,#1069,.T.);
#745=ORIENTED_EDGE('',*,*,#1066,.T.);
#746=ORIENTED_EDGE('',*,*,#1063,.T.);
#747=ORIENTED_EDGE('',*,*,#1060,.T.);
#748=ORIENTED_EDGE('',*,*,#1057,.T.);
#749=ORIENTED_EDGE('',*,*,#1054,.T.);
#750=ORIENTED_EDGE('',*,*,#1051,.T.);
#751=ORIENTED_EDGE('',*,*,#1048,.T.);
#752=ORIENTED_EDGE('',*,*,#1045,.T.);
#753=ORIENTED_EDGE('',*,*,#1016,.T.);
#754=ORIENTED_EDGE('',*,*,#1074,.T.);
#755=ORIENTED_EDGE('',*,*,#1038,.T.);
#756=ORIENTED_EDGE('',*,*,#1035,.T.);
#757=ORIENTED_EDGE('',*,*,#1032,.T.);
#758=ORIENTED_EDGE('',*,*,#1029,.T.);
#759=ORIENTED_EDGE('',*,*,#1026,.T.);
#760=ORIENTED_EDGE('',*,*,#1023,.T.);
#761=ORIENTED_EDGE('',*,*,#1020,.T.);
#762=EDGE_CURVE('',#1076,#1077,#1286,.T.);
#763=EDGE_CURVE('',#1078,#1076,#1287,.T.);
#764=EDGE_CURVE('',#1078,#1079,#1288,.T.);
#765=EDGE_CURVE('',#1079,#1077,#1289,.T.);
#766=EDGE_CURVE('',#1080,#1076,#1290,.T.);
#767=EDGE_CURVE('',#1081,#1080,#1291,.T.);
#768=EDGE_CURVE('',#1081,#1078,#1292,.T.);
#769=EDGE_CURVE('',#1082,#1080,#1293,.T.);
#770=EDGE_CURVE('',#1083,#1082,#1294,.T.);
#771=EDGE_CURVE('',#1083,#1081,#1295,.T.);
#772=EDGE_CURVE('',#1084,#1082,#1296,.T.);
#773=EDGE_CURVE('',#1085,#1084,#1297,.T.);
#774=EDGE_CURVE('',#1085,#1083,#1298,.T.);
#775=EDGE_CURVE('',#1086,#1084,#1299,.T.);
#776=EDGE_CURVE('',#1087,#1086,#1300,.T.);
#777=EDGE_CURVE('',#1087,#1085,#1301,.T.);
#778=EDGE_CURVE('',#1088,#1086,#1302,.T.);
#779=EDGE_CURVE('',#1089,#1088,#1303,.T.);
#780=EDGE_CURVE('',#1089,#1087,#1304,.T.);
#781=EDGE_CURVE('',#1090,#1088,#1305,.T.);
#782=EDGE_CURVE('',#1091,#1090,#1306,.T.);
#783=EDGE_CURVE('',#1091,#1089,#1307,.T.);
#784=EDGE_CURVE('',#1092,#1090,#1308,.T.);
#785=EDGE_CURVE('',#1093,#1092,#1309,.T.);
#786=EDGE_CURVE('',#1093,#1091,#1310,.T.);
#787=EDGE_CURVE('',#1094,#1092,#1311,.T.);
#788=EDGE_CURVE('',#1095,#1094,#1312,.T.);
#789=EDGE_CURVE('',#1095,#1093,#1313,.T.);
#790=EDGE_CURVE('',#1096,#1094,#1314,.T.);
#791=EDGE_CURVE('',#1097,#1096,#1315,.T.);
#792=EDGE_CURVE('',#1097,#1095,#1316,.T.);
#793=EDGE_CURVE('',#1098,#1096,#1317,.T.);
#794=EDGE_CURVE('',#1099,#1098,#1318,.T.);
#795=EDGE_CURVE('',#1099,#1097,#1319,.T.);
#796=EDGE_CURVE('',#1077,#1098,#1320,.T.);
#797=EDGE_CURVE('',#1079,#1099,#1321,.T.);
#798=EDGE_CURVE('',#1100,#1101,#1322,.T.);
#799=EDGE_CURVE('',#1101,#1102,#1323,.T.);
#800=EDGE_CURVE('',#1103,#1102,#1324,.T.);
#801=EDGE_CURVE('',#1100,#1103,#1325,.T.);
#802=EDGE_CURVE('',#1104,#1105,#1326,.T.);
#803=EDGE_CURVE('',#1105,#1101,#1327,.F.);
#804=EDGE_CURVE('',#1100,#1104,#1328,.T.);
#805=EDGE_CURVE('',#1106,#1107,#1329,.T.);
#806=EDGE_CURVE('',#1107,#1105,#1330,.F.);
#807=EDGE_CURVE('',#1104,#1106,#1331,.T.);
#808=EDGE_CURVE('',#1108,#1109,#1332,.T.);
#809=EDGE_CURVE('',#1109,#1110,#1333,.T.);
#810=EDGE_CURVE('',#1111,#1110,#1334,.T.);
#811=EDGE_CURVE('',#1108,#1111,#1335,.T.);
#812=EDGE_CURVE('',#1112,#1113,#1336,.T.);
#813=EDGE_CURVE('',#1113,#1109,#1337,.F.);
#814=EDGE_CURVE('',#1108,#1112,#1338,.T.);
#815=EDGE_CURVE('',#1114,#1115,#1339,.T.);
#816=EDGE_CURVE('',#1115,#1113,#1340,.F.);
#817=EDGE_CURVE('',#1112,#1114,#1341,.T.);
#818=EDGE_CURVE('',#1110,#1115,#1342,.T.);
#819=EDGE_CURVE('',#1111,#1114,#1343,.T.);
#820=EDGE_CURVE('',#1116,#1116,#93,.T.);
#821=EDGE_CURVE('',#1117,#1117,#94,.T.);
#822=EDGE_CURVE('',#1118,#1118,#95,.T.);
#823=EDGE_CURVE('',#1119,#1119,#96,.T.);
#824=EDGE_CURVE('',#1120,#1120,#97,.T.);
#825=EDGE_CURVE('',#1121,#1121,#98,.T.);
#826=EDGE_CURVE('',#1122,#1122,#99,.T.);
#827=EDGE_CURVE('',#1123,#1123,#100,.T.);
#828=EDGE_CURVE('',#1102,#1107,#1344,.T.);
#829=EDGE_CURVE('',#1103,#1106,#1345,.T.);
#830=EDGE_CURVE('',#1124,#1125,#1346,.T.);
#831=EDGE_CURVE('',#1125,#1126,#1347,.F.);
#832=EDGE_CURVE('',#1126,#1127,#1348,.F.);
#833=EDGE_CURVE('',#1127,#1124,#1349,.T.);
#834=EDGE_CURVE('',#1128,#1128,#101,.F.);
#835=EDGE_CURVE('',#1129,#1129,#102,.F.);
#836=EDGE_CURVE('',#1130,#1131,#103,.F.);
#837=EDGE_CURVE('',#1131,#1132,#1350,.T.);
#838=EDGE_CURVE('',#1132,#1133,#104,.F.);
#839=EDGE_CURVE('',#1133,#1134,#1351,.T.);
#840=EDGE_CURVE('',#1134,#1135,#1352,.T.);
#841=EDGE_CURVE('',#1135,#1136,#1353,.F.);
#842=EDGE_CURVE('',#1136,#1137,#1354,.F.);
#843=EDGE_CURVE('',#1137,#1130,#1355,.T.);
#844=EDGE_CURVE('',#1110,#1126,#85,.F.);
#845=EDGE_CURVE('',#1127,#1109,#86,.T.);
#846=EDGE_CURVE('',#1124,#1113,#87,.T.);
#847=EDGE_CURVE('',#1115,#1125,#88,.F.);
#848=EDGE_CURVE('',#1136,#1102,#89,.T.);
#849=EDGE_CURVE('',#1107,#1135,#90,.F.);
#850=EDGE_CURVE('',#1105,#1134,#91,.F.);
#851=EDGE_CURVE('',#1137,#1101,#92,.T.);
#852=EDGE_CURVE('',#1131,#1130,#33,.F.);
#853=EDGE_CURVE('',#1132,#1133,#34,.T.);
#854=EDGE_CURVE('',#1138,#1139,#1356,.T.);
#855=EDGE_CURVE('',#1140,#1138,#1357,.T.);
#856=EDGE_CURVE('',#1140,#1141,#1358,.T.);
#857=EDGE_CURVE('',#1141,#1139,#1359,.T.);
#858=EDGE_CURVE('',#1142,#1138,#1360,.T.);
#859=EDGE_CURVE('',#1143,#1142,#1361,.T.);
#860=EDGE_CURVE('',#1143,#1140,#1362,.T.);
#861=EDGE_CURVE('',#1144,#1142,#1363,.T.);
#862=EDGE_CURVE('',#1145,#1144,#1364,.T.);
#863=EDGE_CURVE('',#1145,#1143,#1365,.T.);
#864=EDGE_CURVE('',#1146,#1144,#1366,.T.);
#865=EDGE_CURVE('',#1147,#1146,#1367,.T.);
#866=EDGE_CURVE('',#1147,#1145,#1368,.T.);
#867=EDGE_CURVE('',#1148,#1146,#1369,.T.);
#868=EDGE_CURVE('',#1149,#1148,#1370,.T.);
#869=EDGE_CURVE('',#1149,#1147,#1371,.T.);
#870=EDGE_CURVE('',#1150,#1148,#1372,.T.);
#871=EDGE_CURVE('',#1151,#1150,#1373,.T.);
#872=EDGE_CURVE('',#1151,#1149,#1374,.T.);
#873=EDGE_CURVE('',#1152,#1150,#1375,.T.);
#874=EDGE_CURVE('',#1153,#1152,#1376,.T.);
#875=EDGE_CURVE('',#1153,#1151,#1377,.T.);
#876=EDGE_CURVE('',#1154,#1152,#1378,.T.);
#877=EDGE_CURVE('',#1155,#1154,#1379,.T.);
#878=EDGE_CURVE('',#1155,#1153,#1380,.T.);
#879=EDGE_CURVE('',#1156,#1154,#1381,.T.);
#880=EDGE_CURVE('',#1157,#1156,#1382,.T.);
#881=EDGE_CURVE('',#1157,#1155,#1383,.T.);
#882=EDGE_CURVE('',#1158,#1156,#1384,.T.);
#883=EDGE_CURVE('',#1159,#1158,#1385,.T.);
#884=EDGE_CURVE('',#1159,#1157,#1386,.T.);
#885=EDGE_CURVE('',#1160,#1158,#1387,.T.);
#886=EDGE_CURVE('',#1161,#1160,#1388,.T.);
#887=EDGE_CURVE('',#1161,#1159,#1389,.T.);
#888=EDGE_CURVE('',#1162,#1160,#1390,.T.);
#889=EDGE_CURVE('',#1163,#1162,#1391,.T.);
#890=EDGE_CURVE('',#1163,#1161,#1392,.T.);
#891=EDGE_CURVE('',#1139,#1162,#1393,.T.);
#892=EDGE_CURVE('',#1141,#1163,#1394,.T.);
#893=EDGE_CURVE('',#1164,#1165,#1395,.T.);
#894=EDGE_CURVE('',#1166,#1164,#1396,.T.);
#895=EDGE_CURVE('',#1166,#1167,#1397,.T.);
#896=EDGE_CURVE('',#1167,#1165,#1398,.T.);
#897=EDGE_CURVE('',#1168,#1164,#1399,.T.);
#898=EDGE_CURVE('',#1169,#1168,#1400,.T.);
#899=EDGE_CURVE('',#1169,#1166,#1401,.T.);
#900=EDGE_CURVE('',#1170,#1171,#1402,.T.);
#901=EDGE_CURVE('',#1172,#1170,#1403,.T.);
#902=EDGE_CURVE('',#1172,#1173,#1404,.T.);
#903=EDGE_CURVE('',#1173,#1171,#1405,.T.);
#904=EDGE_CURVE('',#1174,#1170,#1406,.T.);
#905=EDGE_CURVE('',#1175,#1174,#1407,.T.);
#906=EDGE_CURVE('',#1175,#1172,#1408,.T.);
#907=EDGE_CURVE('',#1176,#1174,#1409,.T.);
#908=EDGE_CURVE('',#1177,#1176,#1410,.T.);
#909=EDGE_CURVE('',#1177,#1175,#1411,.T.);
#910=EDGE_CURVE('',#1178,#1176,#1412,.T.);
#911=EDGE_CURVE('',#1179,#1178,#1413,.T.);
#912=EDGE_CURVE('',#1179,#1177,#1414,.T.);
#913=EDGE_CURVE('',#1180,#1178,#1415,.T.);
#914=EDGE_CURVE('',#1181,#1180,#1416,.T.);
#915=EDGE_CURVE('',#1181,#1179,#1417,.T.);
#916=EDGE_CURVE('',#1182,#1180,#1418,.T.);
#917=EDGE_CURVE('',#1183,#1182,#1419,.T.);
#918=EDGE_CURVE('',#1183,#1181,#1420,.T.);
#919=EDGE_CURVE('',#1184,#1182,#1421,.T.);
#920=EDGE_CURVE('',#1185,#1184,#1422,.T.);
#921=EDGE_CURVE('',#1185,#1183,#1423,.T.);
#922=EDGE_CURVE('',#1171,#1184,#1424,.T.);
#923=EDGE_CURVE('',#1173,#1185,#1425,.T.);
#924=EDGE_CURVE('',#1165,#1168,#1426,.T.);
#925=EDGE_CURVE('',#1167,#1169,#1427,.T.);
#926=EDGE_CURVE('',#1186,#1187,#1428,.T.);
#927=EDGE_CURVE('',#1188,#1186,#1429,.T.);
#928=EDGE_CURVE('',#1188,#1189,#1430,.T.);
#929=EDGE_CURVE('',#1189,#1187,#1431,.T.);
#930=EDGE_CURVE('',#1190,#1186,#1432,.T.);
#931=EDGE_CURVE('',#1191,#1190,#1433,.T.);
#932=EDGE_CURVE('',#1191,#1188,#1434,.T.);
#933=EDGE_CURVE('',#1192,#1190,#1435,.T.);
#934=EDGE_CURVE('',#1193,#1192,#1436,.T.);
#935=EDGE_CURVE('',#1193,#1191,#1437,.T.);
#936=EDGE_CURVE('',#1194,#1192,#1438,.T.);
#937=EDGE_CURVE('',#1195,#1194,#1439,.T.);
#938=EDGE_CURVE('',#1195,#1193,#1440,.T.);
#939=EDGE_CURVE('',#1196,#1194,#1441,.T.);
#940=EDGE_CURVE('',#1197,#1196,#1442,.T.);
#941=EDGE_CURVE('',#1197,#1195,#1443,.T.);
#942=EDGE_CURVE('',#1198,#1196,#1444,.T.);
#943=EDGE_CURVE('',#1199,#1198,#1445,.T.);
#944=EDGE_CURVE('',#1199,#1197,#1446,.T.);
#945=EDGE_CURVE('',#1200,#1198,#1447,.T.);
#946=EDGE_CURVE('',#1201,#1200,#1448,.T.);
#947=EDGE_CURVE('',#1201,#1199,#1449,.T.);
#948=EDGE_CURVE('',#1202,#1200,#1450,.T.);
#949=EDGE_CURVE('',#1203,#1202,#1451,.T.);
#950=EDGE_CURVE('',#1203,#1201,#1452,.T.);
#951=EDGE_CURVE('',#1204,#1202,#1453,.T.);
#952=EDGE_CURVE('',#1205,#1204,#1454,.T.);
#953=EDGE_CURVE('',#1205,#1203,#1455,.T.);
#954=EDGE_CURVE('',#1206,#1204,#1456,.T.);
#955=EDGE_CURVE('',#1207,#1206,#1457,.T.);
#956=EDGE_CURVE('',#1207,#1205,#1458,.T.);
#957=EDGE_CURVE('',#1208,#1206,#1459,.T.);
#958=EDGE_CURVE('',#1209,#1208,#1460,.T.);
#959=EDGE_CURVE('',#1209,#1207,#1461,.T.);
#960=EDGE_CURVE('',#1187,#1208,#1462,.T.);
#961=EDGE_CURVE('',#1189,#1209,#1463,.T.);
#962=EDGE_CURVE('',#1210,#1211,#35,.T.);
#963=EDGE_CURVE('',#1212,#1210,#1464,.T.);
#964=EDGE_CURVE('',#1212,#1213,#36,.T.);
#965=EDGE_CURVE('',#1213,#1211,#1465,.T.);
#966=EDGE_CURVE('',#1214,#1210,#37,.T.);
#967=EDGE_CURVE('',#1215,#1214,#1466,.T.);
#968=EDGE_CURVE('',#1215,#1212,#38,.T.);
#969=EDGE_CURVE('',#1216,#1214,#39,.T.);
#970=EDGE_CURVE('',#1217,#1216,#1467,.T.);
#971=EDGE_CURVE('',#1217,#1215,#40,.T.);
#972=EDGE_CURVE('',#1218,#1216,#41,.T.);
#973=EDGE_CURVE('',#1219,#1218,#1468,.T.);
#974=EDGE_CURVE('',#1219,#1217,#42,.T.);
#975=EDGE_CURVE('',#1220,#1218,#1469,.T.);
#976=EDGE_CURVE('',#1221,#1220,#1470,.T.);
#977=EDGE_CURVE('',#1221,#1219,#1471,.T.);
#978=EDGE_CURVE('',#1222,#1220,#1472,.T.);
#979=EDGE_CURVE('',#1223,#1222,#1473,.T.);
#980=EDGE_CURVE('',#1223,#1221,#1474,.T.);
#981=EDGE_CURVE('',#1224,#1222,#1475,.T.);
#982=EDGE_CURVE('',#1225,#1224,#1476,.T.);
#983=EDGE_CURVE('',#1225,#1223,#1477,.T.);
#984=EDGE_CURVE('',#1226,#1224,#43,.T.);
#985=EDGE_CURVE('',#1227,#1226,#1478,.T.);
#986=EDGE_CURVE('',#1227,#1225,#44,.T.);
#987=EDGE_CURVE('',#1228,#1226,#45,.T.);
#988=EDGE_CURVE('',#1229,#1228,#1479,.T.);
#989=EDGE_CURVE('',#1229,#1227,#46,.T.);
#990=EDGE_CURVE('',#1230,#1228,#47,.T.);
#991=EDGE_CURVE('',#1231,#1230,#1480,.T.);
#992=EDGE_CURVE('',#1231,#1229,#48,.T.);
#993=EDGE_CURVE('',#1232,#1230,#49,.T.);
#994=EDGE_CURVE('',#1233,#1232,#1481,.T.);
#995=EDGE_CURVE('',#1233,#1231,#50,.T.);
#996=EDGE_CURVE('',#1234,#1232,#51,.T.);
#997=EDGE_CURVE('',#1235,#1234,#1482,.T.);
#998=EDGE_CURVE('',#1235,#1233,#52,.T.);
#999=EDGE_CURVE('',#1236,#1234,#53,.T.);
#1000=EDGE_CURVE('',#1237,#1236,#1483,.T.);
#1001=EDGE_CURVE('',#1237,#1235,#54,.T.);
#1002=EDGE_CURVE('',#1238,#1236,#1484,.T.);
#1003=EDGE_CURVE('',#1239,#1238,#1485,.T.);
#1004=EDGE_CURVE('',#1239,#1237,#1486,.T.);
#1005=EDGE_CURVE('',#1240,#1238,#1487,.T.);
#1006=EDGE_CURVE('',#1241,#1240,#1488,.T.);
#1007=EDGE_CURVE('',#1241,#1239,#1489,.T.);
#1008=EDGE_CURVE('',#1242,#1240,#1490,.T.);
#1009=EDGE_CURVE('',#1243,#1242,#1491,.T.);
#1010=EDGE_CURVE('',#1243,#1241,#1492,.T.);
#1011=EDGE_CURVE('',#1244,#1242,#55,.T.);
#1012=EDGE_CURVE('',#1245,#1244,#1493,.T.);
#1013=EDGE_CURVE('',#1245,#1243,#56,.T.);
#1014=EDGE_CURVE('',#1211,#1244,#57,.T.);
#1015=EDGE_CURVE('',#1213,#1245,#58,.T.);
#1016=EDGE_CURVE('',#1246,#1247,#1494,.T.);
#1017=EDGE_CURVE('',#1248,#1246,#1495,.T.);
#1018=EDGE_CURVE('',#1248,#1249,#1496,.T.);
#1019=EDGE_CURVE('',#1249,#1247,#1497,.T.);
#1020=EDGE_CURVE('',#1250,#1246,#1498,.T.);
#1021=EDGE_CURVE('',#1251,#1250,#1499,.T.);
#1022=EDGE_CURVE('',#1251,#1248,#1500,.T.);
#1023=EDGE_CURVE('',#1252,#1250,#1501,.T.);
#1024=EDGE_CURVE('',#1253,#1252,#1502,.T.);
#1025=EDGE_CURVE('',#1253,#1251,#1503,.T.);
#1026=EDGE_CURVE('',#1254,#1252,#59,.T.);
#1027=EDGE_CURVE('',#1255,#1254,#1504,.T.);
#1028=EDGE_CURVE('',#1255,#1253,#60,.T.);
#1029=EDGE_CURVE('',#1256,#1254,#61,.T.);
#1030=EDGE_CURVE('',#1257,#1256,#1505,.T.);
#1031=EDGE_CURVE('',#1257,#1255,#62,.T.);
#1032=EDGE_CURVE('',#1258,#1256,#63,.T.);
#1033=EDGE_CURVE('',#1259,#1258,#1506,.T.);
#1034=EDGE_CURVE('',#1259,#1257,#64,.T.);
#1035=EDGE_CURVE('',#1260,#1258,#65,.T.);
#1036=EDGE_CURVE('',#1261,#1260,#1507,.T.);
#1037=EDGE_CURVE('',#1261,#1259,#66,.T.);
#1038=EDGE_CURVE('',#1262,#1260,#105,.F.);
#1039=EDGE_CURVE('',#1263,#1262,#1508,.T.);
#1040=EDGE_CURVE('',#1263,#1261,#106,.F.);
#1041=EDGE_CURVE('',#1264,#1265,#1509,.T.);
#1042=EDGE_CURVE('',#1266,#1264,#1510,.T.);
#1043=EDGE_CURVE('',#1266,#1267,#1511,.T.);
#1044=EDGE_CURVE('',#1267,#1265,#1512,.T.);
#1045=EDGE_CURVE('',#1268,#1264,#1513,.T.);
#1046=EDGE_CURVE('',#1269,#1268,#1514,.T.);
#1047=EDGE_CURVE('',#1269,#1266,#1515,.T.);
#1048=EDGE_CURVE('',#1270,#1268,#1516,.T.);
#1049=EDGE_CURVE('',#1271,#1270,#1517,.T.);
#1050=EDGE_CURVE('',#1271,#1269,#1518,.T.);
#1051=EDGE_CURVE('',#1272,#1270,#1519,.T.);
#1052=EDGE_CURVE('',#1273,#1272,#1520,.T.);
#1053=EDGE_CURVE('',#1273,#1271,#1521,.T.);
#1054=EDGE_CURVE('',#1274,#1272,#67,.T.);
#1055=EDGE_CURVE('',#1275,#1274,#1522,.T.);
#1056=EDGE_CURVE('',#1275,#1273,#68,.T.);
#1057=EDGE_CURVE('',#1276,#1274,#69,.T.);
#1058=EDGE_CURVE('',#1277,#1276,#1523,.T.);
#1059=EDGE_CURVE('',#1277,#1275,#70,.T.);
#1060=EDGE_CURVE('',#1278,#1276,#71,.T.);
#1061=EDGE_CURVE('',#1279,#1278,#1524,.T.);
#1062=EDGE_CURVE('',#1279,#1277,#72,.T.);
#1063=EDGE_CURVE('',#1280,#1278,#73,.T.);
#1064=EDGE_CURVE('',#1281,#1280,#1525,.T.);
#1065=EDGE_CURVE('',#1281,#1279,#74,.T.);
#1066=EDGE_CURVE('',#1282,#1280,#75,.T.);
#1067=EDGE_CURVE('',#1283,#1282,#1526,.T.);
#1068=EDGE_CURVE('',#1283,#1281,#76,.T.);
#1069=EDGE_CURVE('',#1284,#1282,#77,.T.);
#1070=EDGE_CURVE('',#1285,#1284,#1527,.T.);
#1071=EDGE_CURVE('',#1285,#1283,#78,.T.);
#1072=EDGE_CURVE('',#1265,#1284,#1528,.T.);
#1073=EDGE_CURVE('',#1267,#1285,#1529,.T.);
#1074=EDGE_CURVE('',#1247,#1262,#79,.T.);
#1075=EDGE_CURVE('',#1249,#1263,#80,.T.);
#1076=VERTEX_POINT('',#2991);
#1077=VERTEX_POINT('',#2992);
#1078=VERTEX_POINT('',#2994);
#1079=VERTEX_POINT('',#2996);
#1080=VERTEX_POINT('',#3000);
#1081=VERTEX_POINT('',#3002);
#1082=VERTEX_POINT('',#3006);
#1083=VERTEX_POINT('',#3008);
#1084=VERTEX_POINT('',#3012);
#1085=VERTEX_POINT('',#3014);
#1086=VERTEX_POINT('',#3018);
#1087=VERTEX_POINT('',#3020);
#1088=VERTEX_POINT('',#3024);
#1089=VERTEX_POINT('',#3026);
#1090=VERTEX_POINT('',#3030);
#1091=VERTEX_POINT('',#3032);
#1092=VERTEX_POINT('',#3036);
#1093=VERTEX_POINT('',#3038);
#1094=VERTEX_POINT('',#3042);
#1095=VERTEX_POINT('',#3044);
#1096=VERTEX_POINT('',#3048);
#1097=VERTEX_POINT('',#3050);
#1098=VERTEX_POINT('',#3054);
#1099=VERTEX_POINT('',#3056);
#1100=VERTEX_POINT('',#3066);
#1101=VERTEX_POINT('',#3067);
#1102=VERTEX_POINT('',#3069);
#1103=VERTEX_POINT('',#3071);
#1104=VERTEX_POINT('',#3075);
#1105=VERTEX_POINT('',#3076);
#1106=VERTEX_POINT('',#3081);
#1107=VERTEX_POINT('',#3082);
#1108=VERTEX_POINT('',#3087);
#1109=VERTEX_POINT('',#3088);
#1110=VERTEX_POINT('',#3090);
#1111=VERTEX_POINT('',#3092);
#1112=VERTEX_POINT('',#3096);
#1113=VERTEX_POINT('',#3097);
#1114=VERTEX_POINT('',#3102);
#1115=VERTEX_POINT('',#3103);
#1116=VERTEX_POINT('',#3111);
#1117=VERTEX_POINT('',#3113);
#1118=VERTEX_POINT('',#3116);
#1119=VERTEX_POINT('',#3118);
#1120=VERTEX_POINT('',#3121);
#1121=VERTEX_POINT('',#3123);
#1122=VERTEX_POINT('',#3126);
#1123=VERTEX_POINT('',#3128);
#1124=VERTEX_POINT('',#3135);
#1125=VERTEX_POINT('',#3136);
#1126=VERTEX_POINT('',#3138);
#1127=VERTEX_POINT('',#3140);
#1128=VERTEX_POINT('',#3143);
#1129=VERTEX_POINT('',#3145);
#1130=VERTEX_POINT('',#3147);
#1131=VERTEX_POINT('',#3148);
#1132=VERTEX_POINT('',#3150);
#1133=VERTEX_POINT('',#3152);
#1134=VERTEX_POINT('',#3154);
#1135=VERTEX_POINT('',#3156);
#1136=VERTEX_POINT('',#3158);
#1137=VERTEX_POINT('',#3160);
#1138=VERTEX_POINT('',#3195);
#1139=VERTEX_POINT('',#3196);
#1140=VERTEX_POINT('',#3198);
#1141=VERTEX_POINT('',#3200);
#1142=VERTEX_POINT('',#3204);
#1143=VERTEX_POINT('',#3206);
#1144=VERTEX_POINT('',#3210);
#1145=VERTEX_POINT('',#3212);
#1146=VERTEX_POINT('',#3216);
#1147=VERTEX_POINT('',#3218);
#1148=VERTEX_POINT('',#3222);
#1149=VERTEX_POINT('',#3224);
#1150=VERTEX_POINT('',#3228);
#1151=VERTEX_POINT('',#3230);
#1152=VERTEX_POINT('',#3234);
#1153=VERTEX_POINT('',#3236);
#1154=VERTEX_POINT('',#3240);
#1155=VERTEX_POINT('',#3242);
#1156=VERTEX_POINT('',#3246);
#1157=VERTEX_POINT('',#3248);
#1158=VERTEX_POINT('',#3252);
#1159=VERTEX_POINT('',#3254);
#1160=VERTEX_POINT('',#3258);
#1161=VERTEX_POINT('',#3260);
#1162=VERTEX_POINT('',#3264);
#1163=VERTEX_POINT('',#3266);
#1164=VERTEX_POINT('',#3276);
#1165=VERTEX_POINT('',#3277);
#1166=VERTEX_POINT('',#3279);
#1167=VERTEX_POINT('',#3281);
#1168=VERTEX_POINT('',#3285);
#1169=VERTEX_POINT('',#3287);
#1170=VERTEX_POINT('',#3291);
#1171=VERTEX_POINT('',#3292);
#1172=VERTEX_POINT('',#3294);
#1173=VERTEX_POINT('',#3296);
#1174=VERTEX_POINT('',#3300);
#1175=VERTEX_POINT('',#3302);
#1176=VERTEX_POINT('',#3306);
#1177=VERTEX_POINT('',#3308);
#1178=VERTEX_POINT('',#3312);
#1179=VERTEX_POINT('',#3314);
#1180=VERTEX_POINT('',#3318);
#1181=VERTEX_POINT('',#3320);
#1182=VERTEX_POINT('',#3324);
#1183=VERTEX_POINT('',#3326);
#1184=VERTEX_POINT('',#3330);
#1185=VERTEX_POINT('',#3332);
#1186=VERTEX_POINT('',#3345);
#1187=VERTEX_POINT('',#3346);
#1188=VERTEX_POINT('',#3348);
#1189=VERTEX_POINT('',#3350);
#1190=VERTEX_POINT('',#3354);
#1191=VERTEX_POINT('',#3356);
#1192=VERTEX_POINT('',#3360);
#1193=VERTEX_POINT('',#3362);
#1194=VERTEX_POINT('',#3366);
#1195=VERTEX_POINT('',#3368);
#1196=VERTEX_POINT('',#3372);
#1197=VERTEX_POINT('',#3374);
#1198=VERTEX_POINT('',#3378);
#1199=VERTEX_POINT('',#3380);
#1200=VERTEX_POINT('',#3384);
#1201=VERTEX_POINT('',#3386);
#1202=VERTEX_POINT('',#3390);
#1203=VERTEX_POINT('',#3392);
#1204=VERTEX_POINT('',#3396);
#1205=VERTEX_POINT('',#3398);
#1206=VERTEX_POINT('',#3402);
#1207=VERTEX_POINT('',#3404);
#1208=VERTEX_POINT('',#3408);
#1209=VERTEX_POINT('',#3410);
#1210=VERTEX_POINT('',#3429);
#1211=VERTEX_POINT('',#3430);
#1212=VERTEX_POINT('',#3432);
#1213=VERTEX_POINT('',#3436);
#1214=VERTEX_POINT('',#3449);
#1215=VERTEX_POINT('',#3451);
#1216=VERTEX_POINT('',#3466);
#1217=VERTEX_POINT('',#3468);
#1218=VERTEX_POINT('',#3483);
#1219=VERTEX_POINT('',#3485);
#1220=VERTEX_POINT('',#3491);
#1221=VERTEX_POINT('',#3493);
#1222=VERTEX_POINT('',#3497);
#1223=VERTEX_POINT('',#3499);
#1224=VERTEX_POINT('',#3503);
#1225=VERTEX_POINT('',#3505);
#1226=VERTEX_POINT('',#3518);
#1227=VERTEX_POINT('',#3520);
#1228=VERTEX_POINT('',#3535);
#1229=VERTEX_POINT('',#3537);
#1230=VERTEX_POINT('',#3552);
#1231=VERTEX_POINT('',#3554);
#1232=VERTEX_POINT('',#3569);
#1233=VERTEX_POINT('',#3571);
#1234=VERTEX_POINT('',#3586);
#1235=VERTEX_POINT('',#3588);
#1236=VERTEX_POINT('',#3603);
#1237=VERTEX_POINT('',#3605);
#1238=VERTEX_POINT('',#3611);
#1239=VERTEX_POINT('',#3613);
#1240=VERTEX_POINT('',#3617);
#1241=VERTEX_POINT('',#3619);
#1242=VERTEX_POINT('',#3623);
#1243=VERTEX_POINT('',#3625);
#1244=VERTEX_POINT('',#3638);
#1245=VERTEX_POINT('',#3640);
#1246=VERTEX_POINT('',#3663);
#1247=VERTEX_POINT('',#3664);
#1248=VERTEX_POINT('',#3666);
#1249=VERTEX_POINT('',#3668);
#1250=VERTEX_POINT('',#3672);
#1251=VERTEX_POINT('',#3674);
#1252=VERTEX_POINT('',#3678);
#1253=VERTEX_POINT('',#3680);
#1254=VERTEX_POINT('',#3693);
#1255=VERTEX_POINT('',#3695);
#1256=VERTEX_POINT('',#3710);
#1257=VERTEX_POINT('',#3712);
#1258=VERTEX_POINT('',#3727);
#1259=VERTEX_POINT('',#3729);
#1260=VERTEX_POINT('',#3744);
#1261=VERTEX_POINT('',#3746);
#1262=VERTEX_POINT('',#3752);
#1263=VERTEX_POINT('',#3754);
#1264=VERTEX_POINT('',#3758);
#1265=VERTEX_POINT('',#3759);
#1266=VERTEX_POINT('',#3761);
#1267=VERTEX_POINT('',#3763);
#1268=VERTEX_POINT('',#3767);
#1269=VERTEX_POINT('',#3769);
#1270=VERTEX_POINT('',#3773);
#1271=VERTEX_POINT('',#3775);
#1272=VERTEX_POINT('',#3779);
#1273=VERTEX_POINT('',#3781);
#1274=VERTEX_POINT('',#3794);
#1275=VERTEX_POINT('',#3796);
#1276=VERTEX_POINT('',#3811);
#1277=VERTEX_POINT('',#3813);
#1278=VERTEX_POINT('',#3828);
#1279=VERTEX_POINT('',#3830);
#1280=VERTEX_POINT('',#3845);
#1281=VERTEX_POINT('',#3847);
#1282=VERTEX_POINT('',#3862);
#1283=VERTEX_POINT('',#3864);
#1284=VERTEX_POINT('',#3879);
#1285=VERTEX_POINT('',#3881);
#1286=LINE('',#2990,#1530);
#1287=LINE('',#2993,#1531);
#1288=LINE('',#2995,#1532);
#1289=LINE('',#2997,#1533);
#1290=LINE('',#2999,#1534);
#1291=LINE('',#3001,#1535);
#1292=LINE('',#3003,#1536);
#1293=LINE('',#3005,#1537);
#1294=LINE('',#3007,#1538);
#1295=LINE('',#3009,#1539);
#1296=LINE('',#3011,#1540);
#1297=LINE('',#3013,#1541);
#1298=LINE('',#3015,#1542);
#1299=LINE('',#3017,#1543);
#1300=LINE('',#3019,#1544);
#1301=LINE('',#3021,#1545);
#1302=LINE('',#3023,#1546);
#1303=LINE('',#3025,#1547);
#1304=LINE('',#3027,#1548);
#1305=LINE('',#3029,#1549);
#1306=LINE('',#3031,#1550);
#1307=LINE('',#3033,#1551);
#1308=LINE('',#3035,#1552);
#1309=LINE('',#3037,#1553);
#1310=LINE('',#3039,#1554);
#1311=LINE('',#3041,#1555);
#1312=LINE('',#3043,#1556);
#1313=LINE('',#3045,#1557);
#1314=LINE('',#3047,#1558);
#1315=LINE('',#3049,#1559);
#1316=LINE('',#3051,#1560);
#1317=LINE('',#3053,#1561);
#1318=LINE('',#3055,#1562);
#1319=LINE('',#3057,#1563);
#1320=LINE('',#3059,#1564);
#1321=LINE('',#3060,#1565);
#1322=LINE('',#3065,#1566);
#1323=LINE('',#3068,#1567);
#1324=LINE('',#3070,#1568);
#1325=LINE('',#3072,#1569);
#1326=LINE('',#3074,#1570);
#1327=LINE('',#3077,#1571);
#1328=LINE('',#3078,#1572);
#1329=LINE('',#3080,#1573);
#1330=LINE('',#3083,#1574);
#1331=LINE('',#3084,#1575);
#1332=LINE('',#3086,#1576);
#1333=LINE('',#3089,#1577);
#1334=LINE('',#3091,#1578);
#1335=LINE('',#3093,#1579);
#1336=LINE('',#3095,#1580);
#1337=LINE('',#3098,#1581);
#1338=LINE('',#3099,#1582);
#1339=LINE('',#3101,#1583);
#1340=LINE('',#3104,#1584);
#1341=LINE('',#3105,#1585);
#1342=LINE('',#3107,#1586);
#1343=LINE('',#3108,#1587);
#1344=LINE('',#3130,#1588);
#1345=LINE('',#3131,#1589);
#1346=LINE('',#3134,#1590);
#1347=LINE('',#3137,#1591);
#1348=LINE('',#3139,#1592);
#1349=LINE('',#3141,#1593);
#1350=LINE('',#3149,#1594);
#1351=LINE('',#3153,#1595);
#1352=LINE('',#3155,#1596);
#1353=LINE('',#3157,#1597);
#1354=LINE('',#3159,#1598);
#1355=LINE('',#3161,#1599);
#1356=LINE('',#3194,#1600);
#1357=LINE('',#3197,#1601);
#1358=LINE('',#3199,#1602);
#1359=LINE('',#3201,#1603);
#1360=LINE('',#3203,#1604);
#1361=LINE('',#3205,#1605);
#1362=LINE('',#3207,#1606);
#1363=LINE('',#3209,#1607);
#1364=LINE('',#3211,#1608);
#1365=LINE('',#3213,#1609);
#1366=LINE('',#3215,#1610);
#1367=LINE('',#3217,#1611);
#1368=LINE('',#3219,#1612);
#1369=LINE('',#3221,#1613);
#1370=LINE('',#3223,#1614);
#1371=LINE('',#3225,#1615);
#1372=LINE('',#3227,#1616);
#1373=LINE('',#3229,#1617);
#1374=LINE('',#3231,#1618);
#1375=LINE('',#3233,#1619);
#1376=LINE('',#3235,#1620);
#1377=LINE('',#3237,#1621);
#1378=LINE('',#3239,#1622);
#1379=LINE('',#3241,#1623);
#1380=LINE('',#3243,#1624);
#1381=LINE('',#3245,#1625);
#1382=LINE('',#3247,#1626);
#1383=LINE('',#3249,#1627);
#1384=LINE('',#3251,#1628);
#1385=LINE('',#3253,#1629);
#1386=LINE('',#3255,#1630);
#1387=LINE('',#3257,#1631);
#1388=LINE('',#3259,#1632);
#1389=LINE('',#3261,#1633);
#1390=LINE('',#3263,#1634);
#1391=LINE('',#3265,#1635);
#1392=LINE('',#3267,#1636);
#1393=LINE('',#3269,#1637);
#1394=LINE('',#3270,#1638);
#1395=LINE('',#3275,#1639);
#1396=LINE('',#3278,#1640);
#1397=LINE('',#3280,#1641);
#1398=LINE('',#3282,#1642);
#1399=LINE('',#3284,#1643);
#1400=LINE('',#3286,#1644);
#1401=LINE('',#3288,#1645);
#1402=LINE('',#3290,#1646);
#1403=LINE('',#3293,#1647);
#1404=LINE('',#3295,#1648);
#1405=LINE('',#3297,#1649);
#1406=LINE('',#3299,#1650);
#1407=LINE('',#3301,#1651);
#1408=LINE('',#3303,#1652);
#1409=LINE('',#3305,#1653);
#1410=LINE('',#3307,#1654);
#1411=LINE('',#3309,#1655);
#1412=LINE('',#3311,#1656);
#1413=LINE('',#3313,#1657);
#1414=LINE('',#3315,#1658);
#1415=LINE('',#3317,#1659);
#1416=LINE('',#3319,#1660);
#1417=LINE('',#3321,#1661);
#1418=LINE('',#3323,#1662);
#1419=LINE('',#3325,#1663);
#1420=LINE('',#3327,#1664);
#1421=LINE('',#3329,#1665);
#1422=LINE('',#3331,#1666);
#1423=LINE('',#3333,#1667);
#1424=LINE('',#3335,#1668);
#1425=LINE('',#3336,#1669);
#1426=LINE('',#3338,#1670);
#1427=LINE('',#3339,#1671);
#1428=LINE('',#3344,#1672);
#1429=LINE('',#3347,#1673);
#1430=LINE('',#3349,#1674);
#1431=LINE('',#3351,#1675);
#1432=LINE('',#3353,#1676);
#1433=LINE('',#3355,#1677);
#1434=LINE('',#3357,#1678);
#1435=LINE('',#3359,#1679);
#1436=LINE('',#3361,#1680);
#1437=LINE('',#3363,#1681);
#1438=LINE('',#3365,#1682);
#1439=LINE('',#3367,#1683);
#1440=LINE('',#3369,#1684);
#1441=LINE('',#3371,#1685);
#1442=LINE('',#3373,#1686);
#1443=LINE('',#3375,#1687);
#1444=LINE('',#3377,#1688);
#1445=LINE('',#3379,#1689);
#1446=LINE('',#3381,#1690);
#1447=LINE('',#3383,#1691);
#1448=LINE('',#3385,#1692);
#1449=LINE('',#3387,#1693);
#1450=LINE('',#3389,#1694);
#1451=LINE('',#3391,#1695);
#1452=LINE('',#3393,#1696);
#1453=LINE('',#3395,#1697);
#1454=LINE('',#3397,#1698);
#1455=LINE('',#3399,#1699);
#1456=LINE('',#3401,#1700);
#1457=LINE('',#3403,#1701);
#1458=LINE('',#3405,#1702);
#1459=LINE('',#3407,#1703);
#1460=LINE('',#3409,#1704);
#1461=LINE('',#3411,#1705);
#1462=LINE('',#3413,#1706);
#1463=LINE('',#3414,#1707);
#1464=LINE('',#3431,#1708);
#1465=LINE('',#3437,#1709);
#1466=LINE('',#3450,#1710);
#1467=LINE('',#3467,#1711);
#1468=LINE('',#3484,#1712);
#1469=LINE('',#3490,#1713);
#1470=LINE('',#3492,#1714);
#1471=LINE('',#3494,#1715);
#1472=LINE('',#3496,#1716);
#1473=LINE('',#3498,#1717);
#1474=LINE('',#3500,#1718);
#1475=LINE('',#3502,#1719);
#1476=LINE('',#3504,#1720);
#1477=LINE('',#3506,#1721);
#1478=LINE('',#3519,#1722);
#1479=LINE('',#3536,#1723);
#1480=LINE('',#3553,#1724);
#1481=LINE('',#3570,#1725);
#1482=LINE('',#3587,#1726);
#1483=LINE('',#3604,#1727);
#1484=LINE('',#3610,#1728);
#1485=LINE('',#3612,#1729);
#1486=LINE('',#3614,#1730);
#1487=LINE('',#3616,#1731);
#1488=LINE('',#3618,#1732);
#1489=LINE('',#3620,#1733);
#1490=LINE('',#3622,#1734);
#1491=LINE('',#3624,#1735);
#1492=LINE('',#3626,#1736);
#1493=LINE('',#3639,#1737);
#1494=LINE('',#3662,#1738);
#1495=LINE('',#3665,#1739);
#1496=LINE('',#3667,#1740);
#1497=LINE('',#3669,#1741);
#1498=LINE('',#3671,#1742);
#1499=LINE('',#3673,#1743);
#1500=LINE('',#3675,#1744);
#1501=LINE('',#3677,#1745);
#1502=LINE('',#3679,#1746);
#1503=LINE('',#3681,#1747);
#1504=LINE('',#3694,#1748);
#1505=LINE('',#3711,#1749);
#1506=LINE('',#3728,#1750);
#1507=LINE('',#3745,#1751);
#1508=LINE('',#3753,#1752);
#1509=LINE('',#3757,#1753);
#1510=LINE('',#3760,#1754);
#1511=LINE('',#3762,#1755);
#1512=LINE('',#3764,#1756);
#1513=LINE('',#3766,#1757);
#1514=LINE('',#3768,#1758);
#1515=LINE('',#3770,#1759);
#1516=LINE('',#3772,#1760);
#1517=LINE('',#3774,#1761);
#1518=LINE('',#3776,#1762);
#1519=LINE('',#3778,#1763);
#1520=LINE('',#3780,#1764);
#1521=LINE('',#3782,#1765);
#1522=LINE('',#3795,#1766);
#1523=LINE('',#3812,#1767);
#1524=LINE('',#3829,#1768);
#1525=LINE('',#3846,#1769);
#1526=LINE('',#3863,#1770);
#1527=LINE('',#3880,#1771);
#1528=LINE('',#3886,#1772);
#1529=LINE('',#3887,#1773);
#1530=VECTOR('',#2488,1.);
#1531=VECTOR('',#2489,1.);
#1532=VECTOR('',#2490,1.);
#1533=VECTOR('',#2491,1.);
#1534=VECTOR('',#2494,1.);
#1535=VECTOR('',#2495,1.);
#1536=VECTOR('',#2496,1.);
#1537=VECTOR('',#2499,1.);
#1538=VECTOR('',#2500,1.);
#1539=VECTOR('',#2501,1.);
#1540=VECTOR('',#2504,1.);
#1541=VECTOR('',#2505,1.);
#1542=VECTOR('',#2506,1.);
#1543=VECTOR('',#2509,1.);
#1544=VECTOR('',#2510,1.);
#1545=VECTOR('',#2511,1.);
#1546=VECTOR('',#2514,1.);
#1547=VECTOR('',#2515,1.);
#1548=VECTOR('',#2516,1.);
#1549=VECTOR('',#2519,1.);
#1550=VECTOR('',#2520,1.);
#1551=VECTOR('',#2521,1.);
#1552=VECTOR('',#2524,1.);
#1553=VECTOR('',#2525,1.);
#1554=VECTOR('',#2526,1.);
#1555=VECTOR('',#2529,1.);
#1556=VECTOR('',#2530,1.);
#1557=VECTOR('',#2531,1.);
#1558=VECTOR('',#2534,1.);
#1559=VECTOR('',#2535,1.);
#1560=VECTOR('',#2536,1.);
#1561=VECTOR('',#2539,1.);
#1562=VECTOR('',#2540,1.);
#1563=VECTOR('',#2541,1.);
#1564=VECTOR('',#2544,1.);
#1565=VECTOR('',#2545,1.);
#1566=VECTOR('',#2554,1.);
#1567=VECTOR('',#2555,1.);
#1568=VECTOR('',#2556,1.);
#1569=VECTOR('',#2557,1.);
#1570=VECTOR('',#2560,1.);
#1571=VECTOR('',#2561,1.);
#1572=VECTOR('',#2562,1.);
#1573=VECTOR('',#2565,1.);
#1574=VECTOR('',#2566,1.);
#1575=VECTOR('',#2567,1.);
#1576=VECTOR('',#2570,1.);
#1577=VECTOR('',#2571,1.);
#1578=VECTOR('',#2572,1.);
#1579=VECTOR('',#2573,1.);
#1580=VECTOR('',#2576,1.);
#1581=VECTOR('',#2577,1.);
#1582=VECTOR('',#2578,1.);
#1583=VECTOR('',#2581,1.);
#1584=VECTOR('',#2582,1.);
#1585=VECTOR('',#2583,1.);
#1586=VECTOR('',#2586,1.);
#1587=VECTOR('',#2587,1.);
#1588=VECTOR('',#2614,1.);
#1589=VECTOR('',#2615,1.);
#1590=VECTOR('',#2620,1.);
#1591=VECTOR('',#2621,1.);
#1592=VECTOR('',#2622,1.);
#1593=VECTOR('',#2623,1.);
#1594=VECTOR('',#2630,1.);
#1595=VECTOR('',#2633,1.);
#1596=VECTOR('',#2634,1.);
#1597=VECTOR('',#2635,1.);
#1598=VECTOR('',#2636,1.);
#1599=VECTOR('',#2637,1.);
#1600=VECTOR('',#2682,1.);
#1601=VECTOR('',#2683,1.);
#1602=VECTOR('',#2684,1.);
#1603=VECTOR('',#2685,1.);
#1604=VECTOR('',#2688,1.);
#1605=VECTOR('',#2689,1.);
#1606=VECTOR('',#2690,1.);
#1607=VECTOR('',#2693,1.);
#1608=VECTOR('',#2694,1.);
#1609=VECTOR('',#2695,1.);
#1610=VECTOR('',#2698,1.);
#1611=VECTOR('',#2699,1.);
#1612=VECTOR('',#2700,1.);
#1613=VECTOR('',#2703,1.);
#1614=VECTOR('',#2704,1.);
#1615=VECTOR('',#2705,1.);
#1616=VECTOR('',#2708,1.);
#1617=VECTOR('',#2709,1.);
#1618=VECTOR('',#2710,1.);
#1619=VECTOR('',#2713,1.);
#1620=VECTOR('',#2714,1.);
#1621=VECTOR('',#2715,1.);
#1622=VECTOR('',#2718,1.);
#1623=VECTOR('',#2719,1.);
#1624=VECTOR('',#2720,1.);
#1625=VECTOR('',#2723,1.);
#1626=VECTOR('',#2724,1.);
#1627=VECTOR('',#2725,1.);
#1628=VECTOR('',#2728,1.);
#1629=VECTOR('',#2729,1.);
#1630=VECTOR('',#2730,1.);
#1631=VECTOR('',#2733,1.);
#1632=VECTOR('',#2734,1.);
#1633=VECTOR('',#2735,1.);
#1634=VECTOR('',#2738,1.);
#1635=VECTOR('',#2739,1.);
#1636=VECTOR('',#2740,1.);
#1637=VECTOR('',#2743,1.);
#1638=VECTOR('',#2744,1.);
#1639=VECTOR('',#2753,1.);
#1640=VECTOR('',#2754,1.);
#1641=VECTOR('',#2755,1.);
#1642=VECTOR('',#2756,1.);
#1643=VECTOR('',#2759,1.);
#1644=VECTOR('',#2760,1.);
#1645=VECTOR('',#2761,1.);
#1646=VECTOR('',#2764,1.);
#1647=VECTOR('',#2765,1.);
#1648=VECTOR('',#2766,1.);
#1649=VECTOR('',#2767,1.);
#1650=VECTOR('',#2770,1.);
#1651=VECTOR('',#2771,1.);
#1652=VECTOR('',#2772,1.);
#1653=VECTOR('',#2775,1.);
#1654=VECTOR('',#2776,1.);
#1655=VECTOR('',#2777,1.);
#1656=VECTOR('',#2780,1.);
#1657=VECTOR('',#2781,1.);
#1658=VECTOR('',#2782,1.);
#1659=VECTOR('',#2785,1.);
#1660=VECTOR('',#2786,1.);
#1661=VECTOR('',#2787,1.);
#1662=VECTOR('',#2790,1.);
#1663=VECTOR('',#2791,1.);
#1664=VECTOR('',#2792,1.);
#1665=VECTOR('',#2795,1.);
#1666=VECTOR('',#2796,1.);
#1667=VECTOR('',#2797,1.);
#1668=VECTOR('',#2800,1.);
#1669=VECTOR('',#2801,1.);
#1670=VECTOR('',#2804,1.);
#1671=VECTOR('',#2805,1.);
#1672=VECTOR('',#2814,1.);
#1673=VECTOR('',#2815,1.);
#1674=VECTOR('',#2816,1.);
#1675=VECTOR('',#2817,1.);
#1676=VECTOR('',#2820,1.);
#1677=VECTOR('',#2821,1.);
#1678=VECTOR('',#2822,1.);
#1679=VECTOR('',#2825,1.);
#1680=VECTOR('',#2826,1.);
#1681=VECTOR('',#2827,1.);
#1682=VECTOR('',#2830,1.);
#1683=VECTOR('',#2831,1.);
#1684=VECTOR('',#2832,1.);
#1685=VECTOR('',#2835,1.);
#1686=VECTOR('',#2836,1.);
#1687=VECTOR('',#2837,1.);
#1688=VECTOR('',#2840,1.);
#1689=VECTOR('',#2841,1.);
#1690=VECTOR('',#2842,1.);
#1691=VECTOR('',#2845,1.);
#1692=VECTOR('',#2846,1.);
#1693=VECTOR('',#2847,1.);
#1694=VECTOR('',#2850,1.);
#1695=VECTOR('',#2851,1.);
#1696=VECTOR('',#2852,1.);
#1697=VECTOR('',#2855,1.);
#1698=VECTOR('',#2856,1.);
#1699=VECTOR('',#2857,1.);
#1700=VECTOR('',#2860,1.);
#1701=VECTOR('',#2861,1.);
#1702=VECTOR('',#2862,1.);
#1703=VECTOR('',#2865,1.);
#1704=VECTOR('',#2866,1.);
#1705=VECTOR('',#2867,1.);
#1706=VECTOR('',#2870,1.);
#1707=VECTOR('',#2871,1.);
#1708=VECTOR('',#2878,1.);
#1709=VECTOR('',#2879,1.);
#1710=VECTOR('',#2880,1.);
#1711=VECTOR('',#2881,1.);
#1712=VECTOR('',#2882,1.);
#1713=VECTOR('',#2885,1.);
#1714=VECTOR('',#2886,1.);
#1715=VECTOR('',#2887,1.);
#1716=VECTOR('',#2890,1.);
#1717=VECTOR('',#2891,1.);
#1718=VECTOR('',#2892,1.);
#1719=VECTOR('',#2895,1.);
#1720=VECTOR('',#2896,1.);
#1721=VECTOR('',#2897,1.);
#1722=VECTOR('',#2898,1.);
#1723=VECTOR('',#2899,1.);
#1724=VECTOR('',#2900,1.);
#1725=VECTOR('',#2901,1.);
#1726=VECTOR('',#2902,1.);
#1727=VECTOR('',#2903,1.);
#1728=VECTOR('',#2906,1.);
#1729=VECTOR('',#2907,1.);
#1730=VECTOR('',#2908,1.);
#1731=VECTOR('',#2911,1.);
#1732=VECTOR('',#2912,1.);
#1733=VECTOR('',#2913,1.);
#1734=VECTOR('',#2916,1.);
#1735=VECTOR('',#2917,1.);
#1736=VECTOR('',#2918,1.);
#1737=VECTOR('',#2919,1.);
#1738=VECTOR('',#2928,1.);
#1739=VECTOR('',#2929,1.);
#1740=VECTOR('',#2930,1.);
#1741=VECTOR('',#2931,1.);
#1742=VECTOR('',#2934,1.);
#1743=VECTOR('',#2935,1.);
#1744=VECTOR('',#2936,1.);
#1745=VECTOR('',#2939,1.);
#1746=VECTOR('',#2940,1.);
#1747=VECTOR('',#2941,1.);
#1748=VECTOR('',#2942,1.);
#1749=VECTOR('',#2943,1.);
#1750=VECTOR('',#2944,1.);
#1751=VECTOR('',#2945,1.);
#1752=VECTOR('',#2950,1.);
#1753=VECTOR('',#2955,1.);
#1754=VECTOR('',#2956,1.);
#1755=VECTOR('',#2957,1.);
#1756=VECTOR('',#2958,1.);
#1757=VECTOR('',#2961,1.);
#1758=VECTOR('',#2962,1.);
#1759=VECTOR('',#2963,1.);
#1760=VECTOR('',#2966,1.);
#1761=VECTOR('',#2967,1.);
#1762=VECTOR('',#2968,1.);
#1763=VECTOR('',#2971,1.);
#1764=VECTOR('',#2972,1.);
#1765=VECTOR('',#2973,1.);
#1766=VECTOR('',#2974,1.);
#1767=VECTOR('',#2975,1.);
#1768=VECTOR('',#2976,1.);
#1769=VECTOR('',#2977,1.);
#1770=VECTOR('',#2978,1.);
#1771=VECTOR('',#2979,1.);
#1772=VECTOR('',#2982,1.);
#1773=VECTOR('',#2983,1.);
#1774=EDGE_LOOP('',(#134,#135,#136,#137));
#1775=EDGE_LOOP('',(#138,#139,#140,#141));
#1776=EDGE_LOOP('',(#142,#143,#144,#145));
#1777=EDGE_LOOP('',(#146,#147,#148,#149));
#1778=EDGE_LOOP('',(#150,#151,#152,#153));
#1779=EDGE_LOOP('',(#154,#155,#156,#157));
#1780=EDGE_LOOP('',(#158,#159,#160,#161));
#1781=EDGE_LOOP('',(#162,#163,#164,#165));
#1782=EDGE_LOOP('',(#166,#167,#168,#169));
#1783=EDGE_LOOP('',(#170,#171,#172,#173));
#1784=EDGE_LOOP('',(#174,#175,#176,#177));
#1785=EDGE_LOOP('',(#178,#179,#180,#181));
#1786=EDGE_LOOP('',(#182,#183,#184,#185,#186,#187,#188,#189,#190,#191,#192,
#193));
#1787=EDGE_LOOP('',(#194,#195,#196,#197,#198,#199,#200,#201,#202,#203,#204,
#205));
#1788=EDGE_LOOP('',(#206,#207,#208,#209));
#1789=EDGE_LOOP('',(#210,#211,#212,#213));
#1790=EDGE_LOOP('',(#214,#215,#216,#217));
#1791=EDGE_LOOP('',(#218,#219,#220,#221));
#1792=EDGE_LOOP('',(#222,#223,#224,#225));
#1793=EDGE_LOOP('',(#226,#227,#228,#229));
#1794=EDGE_LOOP('',(#230,#231,#232,#233));
#1795=EDGE_LOOP('',(#234));
#1796=EDGE_LOOP('',(#235));
#1797=EDGE_LOOP('',(#236));
#1798=EDGE_LOOP('',(#237));
#1799=EDGE_LOOP('',(#238));
#1800=EDGE_LOOP('',(#239));
#1801=EDGE_LOOP('',(#240));
#1802=EDGE_LOOP('',(#241));
#1803=EDGE_LOOP('',(#242,#243,#244,#245));
#1804=EDGE_LOOP('',(#246));
#1805=EDGE_LOOP('',(#247));
#1806=EDGE_LOOP('',(#248));
#1807=EDGE_LOOP('',(#249));
#1808=EDGE_LOOP('',(#250,#251,#252,#253));
#1809=EDGE_LOOP('',(#254,#255,#256,#257));
#1810=EDGE_LOOP('',(#258,#259,#260,#261));
#1811=EDGE_LOOP('',(#262));
#1812=EDGE_LOOP('',(#263));
#1813=EDGE_LOOP('',(#264,#265,#266,#267,#268,#269,#270,#271));
#1814=EDGE_LOOP('',(#272,#273,#274,#275));
#1815=EDGE_LOOP('',(#276,#277,#278,#279));
#1816=EDGE_LOOP('',(#280,#281,#282,#283));
#1817=EDGE_LOOP('',(#284,#285,#286,#287));
#1818=EDGE_LOOP('',(#288,#289,#290,#291));
#1819=EDGE_LOOP('',(#292,#293,#294,#295));
#1820=EDGE_LOOP('',(#296,#297,#298,#299));
#1821=EDGE_LOOP('',(#300));
#1822=EDGE_LOOP('',(#301,#302));
#1823=EDGE_LOOP('',(#303,#304,#305,#306,#307,#308,#309,#310));
#1824=EDGE_LOOP('',(#311,#312));
#1825=EDGE_LOOP('',(#313));
#1826=EDGE_LOOP('',(#314));
#1827=EDGE_LOOP('',(#315));
#1828=EDGE_LOOP('',(#316));
#1829=EDGE_LOOP('',(#317));
#1830=EDGE_LOOP('',(#318,#319,#320,#321));
#1831=EDGE_LOOP('',(#322,#323,#324,#325));
#1832=EDGE_LOOP('',(#326,#327,#328,#329));
#1833=EDGE_LOOP('',(#330,#331,#332,#333));
#1834=EDGE_LOOP('',(#334,#335,#336,#337));
#1835=EDGE_LOOP('',(#338,#339,#340,#341));
#1836=EDGE_LOOP('',(#342,#343,#344,#345));
#1837=EDGE_LOOP('',(#346,#347,#348,#349));
#1838=EDGE_LOOP('',(#350,#351,#352,#353));
#1839=EDGE_LOOP('',(#354,#355,#356,#357));
#1840=EDGE_LOOP('',(#358,#359,#360,#361));
#1841=EDGE_LOOP('',(#362,#363,#364,#365));
#1842=EDGE_LOOP('',(#366,#367,#368,#369));
#1843=EDGE_LOOP('',(#370,#371,#372,#373,#374,#375,#376,#377,#378,#379,#380,
#381,#382));
#1844=EDGE_LOOP('',(#383,#384,#385,#386,#387,#388,#389,#390,#391,#392,#393,
#394,#395));
#1845=EDGE_LOOP('',(#396,#397,#398,#399));
#1846=EDGE_LOOP('',(#400,#401,#402,#403));
#1847=EDGE_LOOP('',(#404,#405,#406,#407));
#1848=EDGE_LOOP('',(#408,#409,#410,#411));
#1849=EDGE_LOOP('',(#412,#413,#414,#415));
#1850=EDGE_LOOP('',(#416,#417,#418,#419));
#1851=EDGE_LOOP('',(#420,#421,#422,#423));
#1852=EDGE_LOOP('',(#424,#425,#426,#427));
#1853=EDGE_LOOP('',(#428,#429,#430,#431));
#1854=EDGE_LOOP('',(#432,#433,#434,#435));
#1855=EDGE_LOOP('',(#436,#437,#438,#439));
#1856=EDGE_LOOP('',(#440,#441,#442,#443,#444,#445,#446,#447));
#1857=EDGE_LOOP('',(#448,#449,#450));
#1858=EDGE_LOOP('',(#451,#452,#453,#454,#455,#456,#457,#458));
#1859=EDGE_LOOP('',(#459,#460,#461));
#1860=EDGE_LOOP('',(#462,#463,#464,#465));
#1861=EDGE_LOOP('',(#466,#467,#468,#469));
#1862=EDGE_LOOP('',(#470,#471,#472,#473));
#1863=EDGE_LOOP('',(#474,#475,#476,#477));
#1864=EDGE_LOOP('',(#478,#479,#480,#481));
#1865=EDGE_LOOP('',(#482,#483,#484,#485));
#1866=EDGE_LOOP('',(#486,#487,#488,#489));
#1867=EDGE_LOOP('',(#490,#491,#492,#493));
#1868=EDGE_LOOP('',(#494,#495,#496,#497));
#1869=EDGE_LOOP('',(#498,#499,#500,#501));
#1870=EDGE_LOOP('',(#502,#503,#504,#505));
#1871=EDGE_LOOP('',(#506,#507,#508,#509));
#1872=EDGE_LOOP('',(#510,#511,#512,#513,#514,#515,#516,#517,#518,#519,#520,
#521));
#1873=EDGE_LOOP('',(#522,#523,#524,#525,#526,#527,#528,#529,#530,#531,#532,
#533));
#1874=EDGE_LOOP('',(#534,#535,#536,#537));
#1875=EDGE_LOOP('',(#538,#539,#540,#541));
#1876=EDGE_LOOP('',(#542,#543,#544,#545));
#1877=EDGE_LOOP('',(#546,#547,#548,#549));
#1878=EDGE_LOOP('',(#550,#551,#552,#553));
#1879=EDGE_LOOP('',(#554,#555,#556,#557));
#1880=EDGE_LOOP('',(#558,#559,#560,#561));
#1881=EDGE_LOOP('',(#562,#563,#564,#565));
#1882=EDGE_LOOP('',(#566,#567,#568,#569));
#1883=EDGE_LOOP('',(#570,#571,#572,#573));
#1884=EDGE_LOOP('',(#574,#575,#576,#577));
#1885=EDGE_LOOP('',(#578,#579,#580,#581));
#1886=EDGE_LOOP('',(#582,#583,#584,#585));
#1887=EDGE_LOOP('',(#586,#587,#588,#589));
#1888=EDGE_LOOP('',(#590,#591,#592,#593));
#1889=EDGE_LOOP('',(#594,#595,#596,#597));
#1890=EDGE_LOOP('',(#598,#599,#600,#601));
#1891=EDGE_LOOP('',(#602,#603,#604,#605));
#1892=EDGE_LOOP('',(#606,#607,#608,#609,#610,#611,#612,#613,#614,#615,#616,
#617,#618,#619,#620,#621,#622,#623));
#1893=EDGE_LOOP('',(#624,#625,#626,#627,#628,#629,#630,#631,#632,#633,#634,
#635,#636,#637,#638,#639,#640,#641));
#1894=EDGE_LOOP('',(#642,#643,#644,#645));
#1895=EDGE_LOOP('',(#646,#647,#648,#649));
#1896=EDGE_LOOP('',(#650,#651,#652,#653));
#1897=EDGE_LOOP('',(#654,#655,#656,#657));
#1898=EDGE_LOOP('',(#658,#659,#660,#661));
#1899=EDGE_LOOP('',(#662,#663,#664,#665));
#1900=EDGE_LOOP('',(#666,#667,#668,#669));
#1901=EDGE_LOOP('',(#670,#671,#672,#673));
#1902=EDGE_LOOP('',(#674,#675,#676,#677));
#1903=EDGE_LOOP('',(#678,#679,#680,#681));
#1904=EDGE_LOOP('',(#682,#683,#684,#685));
#1905=EDGE_LOOP('',(#686,#687,#688,#689));
#1906=EDGE_LOOP('',(#690,#691,#692,#693));
#1907=EDGE_LOOP('',(#694,#695,#696,#697));
#1908=EDGE_LOOP('',(#698,#699,#700,#701));
#1909=EDGE_LOOP('',(#702,#703,#704,#705));
#1910=EDGE_LOOP('',(#706,#707,#708,#709));
#1911=EDGE_LOOP('',(#710,#711,#712,#713));
#1912=EDGE_LOOP('',(#714,#715,#716,#717));
#1913=EDGE_LOOP('',(#718,#719,#720,#721));
#1914=EDGE_LOOP('',(#722,#723,#724,#725,#726,#727,#728,#729,#730,#731,#732));
#1915=EDGE_LOOP('',(#733,#734,#735,#736,#737,#738,#739,#740,#741));
#1916=EDGE_LOOP('',(#742,#743,#744,#745,#746,#747,#748,#749,#750,#751,#752));
#1917=EDGE_LOOP('',(#753,#754,#755,#756,#757,#758,#759,#760,#761));
#1918=FACE_BOUND('',#1774,.T.);
#1919=FACE_BOUND('',#1775,.T.);
#1920=FACE_BOUND('',#1776,.T.);
#1921=FACE_BOUND('',#1777,.T.);
#1922=FACE_BOUND('',#1778,.T.);
#1923=FACE_BOUND('',#1779,.T.);
#1924=FACE_BOUND('',#1780,.T.);
#1925=FACE_BOUND('',#1781,.T.);
#1926=FACE_BOUND('',#1782,.T.);
#1927=FACE_BOUND('',#1783,.T.);
#1928=FACE_BOUND('',#1784,.T.);
#1929=FACE_BOUND('',#1785,.T.);
#1930=FACE_BOUND('',#1786,.T.);
#1931=FACE_BOUND('',#1787,.T.);
#1932=FACE_BOUND('',#1788,.T.);
#1933=FACE_BOUND('',#1789,.T.);
#1934=FACE_BOUND('',#1790,.T.);
#1935=FACE_BOUND('',#1791,.T.);
#1936=FACE_BOUND('',#1792,.T.);
#1937=FACE_BOUND('',#1793,.T.);
#1938=FACE_BOUND('',#1794,.T.);
#1939=FACE_BOUND('',#1795,.T.);
#1940=FACE_BOUND('',#1796,.T.);
#1941=FACE_BOUND('',#1797,.T.);
#1942=FACE_BOUND('',#1798,.T.);
#1943=FACE_BOUND('',#1799,.T.);
#1944=FACE_BOUND('',#1800,.T.);
#1945=FACE_BOUND('',#1801,.T.);
#1946=FACE_BOUND('',#1802,.T.);
#1947=FACE_BOUND('',#1803,.T.);
#1948=FACE_BOUND('',#1804,.T.);
#1949=FACE_BOUND('',#1805,.T.);
#1950=FACE_BOUND('',#1806,.T.);
#1951=FACE_BOUND('',#1807,.T.);
#1952=FACE_BOUND('',#1808,.T.);
#1953=FACE_BOUND('',#1809,.T.);
#1954=FACE_BOUND('',#1810,.T.);
#1955=FACE_BOUND('',#1811,.T.);
#1956=FACE_BOUND('',#1812,.T.);
#1957=FACE_BOUND('',#1813,.T.);
#1958=FACE_BOUND('',#1814,.T.);
#1959=FACE_BOUND('',#1815,.T.);
#1960=FACE_BOUND('',#1816,.T.);
#1961=FACE_BOUND('',#1817,.T.);
#1962=FACE_BOUND('',#1818,.T.);
#1963=FACE_BOUND('',#1819,.T.);
#1964=FACE_BOUND('',#1820,.T.);
#1965=FACE_BOUND('',#1821,.T.);
#1966=FACE_BOUND('',#1822,.T.);
#1967=FACE_BOUND('',#1823,.T.);
#1968=FACE_BOUND('',#1824,.T.);
#1969=FACE_BOUND('',#1825,.T.);
#1970=FACE_BOUND('',#1826,.T.);
#1971=FACE_BOUND('',#1827,.T.);
#1972=FACE_BOUND('',#1828,.T.);
#1973=FACE_BOUND('',#1829,.T.);
#1974=FACE_BOUND('',#1830,.T.);
#1975=FACE_BOUND('',#1831,.T.);
#1976=FACE_BOUND('',#1832,.T.);
#1977=FACE_BOUND('',#1833,.T.);
#1978=FACE_BOUND('',#1834,.T.);
#1979=FACE_BOUND('',#1835,.T.);
#1980=FACE_BOUND('',#1836,.T.);
#1981=FACE_BOUND('',#1837,.T.);
#1982=FACE_BOUND('',#1838,.T.);
#1983=FACE_BOUND('',#1839,.T.);
#1984=FACE_BOUND('',#1840,.T.);
#1985=FACE_BOUND('',#1841,.T.);
#1986=FACE_BOUND('',#1842,.T.);
#1987=FACE_BOUND('',#1843,.T.);
#1988=FACE_BOUND('',#1844,.T.);
#1989=FACE_BOUND('',#1845,.T.);
#1990=FACE_BOUND('',#1846,.T.);
#1991=FACE_BOUND('',#1847,.T.);
#1992=FACE_BOUND('',#1848,.T.);
#1993=FACE_BOUND('',#1849,.T.);
#1994=FACE_BOUND('',#1850,.T.);
#1995=FACE_BOUND('',#1851,.T.);
#1996=FACE_BOUND('',#1852,.T.);
#1997=FACE_BOUND('',#1853,.T.);
#1998=FACE_BOUND('',#1854,.T.);
#1999=FACE_BOUND('',#1855,.T.);
#2000=FACE_BOUND('',#1856,.T.);
#2001=FACE_BOUND('',#1857,.T.);
#2002=FACE_BOUND('',#1858,.T.);
#2003=FACE_BOUND('',#1859,.T.);
#2004=FACE_BOUND('',#1860,.T.);
#2005=FACE_BOUND('',#1861,.T.);
#2006=FACE_BOUND('',#1862,.T.);
#2007=FACE_BOUND('',#1863,.T.);
#2008=FACE_BOUND('',#1864,.T.);
#2009=FACE_BOUND('',#1865,.T.);
#2010=FACE_BOUND('',#1866,.T.);
#2011=FACE_BOUND('',#1867,.T.);
#2012=FACE_BOUND('',#1868,.T.);
#2013=FACE_BOUND('',#1869,.T.);
#2014=FACE_BOUND('',#1870,.T.);
#2015=FACE_BOUND('',#1871,.T.);
#2016=FACE_BOUND('',#1872,.T.);
#2017=FACE_BOUND('',#1873,.T.);
#2018=FACE_BOUND('',#1874,.T.);
#2019=FACE_BOUND('',#1875,.T.);
#2020=FACE_BOUND('',#1876,.T.);
#2021=FACE_BOUND('',#1877,.T.);
#2022=FACE_BOUND('',#1878,.T.);
#2023=FACE_BOUND('',#1879,.T.);
#2024=FACE_BOUND('',#1880,.T.);
#2025=FACE_BOUND('',#1881,.T.);
#2026=FACE_BOUND('',#1882,.T.);
#2027=FACE_BOUND('',#1883,.T.);
#2028=FACE_BOUND('',#1884,.T.);
#2029=FACE_BOUND('',#1885,.T.);
#2030=FACE_BOUND('',#1886,.T.);
#2031=FACE_BOUND('',#1887,.T.);
#2032=FACE_BOUND('',#1888,.T.);
#2033=FACE_BOUND('',#1889,.T.);
#2034=FACE_BOUND('',#1890,.T.);
#2035=FACE_BOUND('',#1891,.T.);
#2036=FACE_BOUND('',#1892,.T.);
#2037=FACE_BOUND('',#1893,.T.);
#2038=FACE_BOUND('',#1894,.T.);
#2039=FACE_BOUND('',#1895,.T.);
#2040=FACE_BOUND('',#1896,.T.);
#2041=FACE_BOUND('',#1897,.T.);
#2042=FACE_BOUND('',#1898,.T.);
#2043=FACE_BOUND('',#1899,.T.);
#2044=FACE_BOUND('',#1900,.T.);
#2045=FACE_BOUND('',#1901,.T.);
#2046=FACE_BOUND('',#1902,.T.);
#2047=FACE_BOUND('',#1903,.T.);
#2048=FACE_BOUND('',#1904,.T.);
#2049=FACE_BOUND('',#1905,.T.);
#2050=FACE_BOUND('',#1906,.T.);
#2051=FACE_BOUND('',#1907,.T.);
#2052=FACE_BOUND('',#1908,.T.);
#2053=FACE_BOUND('',#1909,.T.);
#2054=FACE_BOUND('',#1910,.T.);
#2055=FACE_BOUND('',#1911,.T.);
#2056=FACE_BOUND('',#1912,.T.);
#2057=FACE_BOUND('',#1913,.T.);
#2058=FACE_BOUND('',#1914,.T.);
#2059=FACE_BOUND('',#1915,.T.);
#2060=FACE_BOUND('',#1916,.T.);
#2061=FACE_BOUND('',#1917,.T.);
#2062=PLANE('',#2355);
#2063=PLANE('',#2356);
#2064=PLANE('',#2357);
#2065=PLANE('',#2358);
#2066=PLANE('',#2359);
#2067=PLANE('',#2360);
#2068=PLANE('',#2361);
#2069=PLANE('',#2362);
#2070=PLANE('',#2363);
#2071=PLANE('',#2364);
#2072=PLANE('',#2365);
#2073=PLANE('',#2366);
#2074=PLANE('',#2367);
#2075=PLANE('',#2368);
#2076=PLANE('',#2370);
#2077=PLANE('',#2371);
#2078=PLANE('',#2372);
#2079=PLANE('',#2373);
#2080=PLANE('',#2374);
#2081=PLANE('',#2375);
#2082=PLANE('',#2376);
#2083=PLANE('',#2389);
#2084=PLANE('',#2390);
#2085=PLANE('',#2391);
#2086=PLANE('',#2417);
#2087=PLANE('',#2418);
#2088=PLANE('',#2419);
#2089=PLANE('',#2420);
#2090=PLANE('',#2421);
#2091=PLANE('',#2422);
#2092=PLANE('',#2423);
#2093=PLANE('',#2424);
#2094=PLANE('',#2425);
#2095=PLANE('',#2426);
#2096=PLANE('',#2427);
#2097=PLANE('',#2428);
#2098=PLANE('',#2429);
#2099=PLANE('',#2430);
#2100=PLANE('',#2431);
#2101=PLANE('',#2433);
#2102=PLANE('',#2434);
#2103=PLANE('',#2435);
#2104=PLANE('',#2436);
#2105=PLANE('',#2437);
#2106=PLANE('',#2438);
#2107=PLANE('',#2439);
#2108=PLANE('',#2440);
#2109=PLANE('',#2441);
#2110=PLANE('',#2442);
#2111=PLANE('',#2443);
#2112=PLANE('',#2444);
#2113=PLANE('',#2445);
#2114=PLANE('',#2447);
#2115=PLANE('',#2448);
#2116=PLANE('',#2449);
#2117=PLANE('',#2450);
#2118=PLANE('',#2451);
#2119=PLANE('',#2452);
#2120=PLANE('',#2453);
#2121=PLANE('',#2454);
#2122=PLANE('',#2455);
#2123=PLANE('',#2456);
#2124=PLANE('',#2457);
#2125=PLANE('',#2458);
#2126=PLANE('',#2459);
#2127=PLANE('',#2460);
#2128=PLANE('',#2462);
#2129=PLANE('',#2463);
#2130=PLANE('',#2464);
#2131=PLANE('',#2465);
#2132=PLANE('',#2466);
#2133=PLANE('',#2467);
#2134=PLANE('',#2468);
#2135=PLANE('',#2469);
#2136=PLANE('',#2471);
#2137=PLANE('',#2472);
#2138=PLANE('',#2473);
#2139=PLANE('',#2477);
#2140=PLANE('',#2478);
#2141=PLANE('',#2479);
#2142=PLANE('',#2480);
#2143=PLANE('',#2481);
#2144=PLANE('',#2482);
#2145=PLANE('',#2483);
#2146=ADVANCED_FACE('',(#1918),#2062,.T.);
#2147=ADVANCED_FACE('',(#1919),#2063,.T.);
#2148=ADVANCED_FACE('',(#1920),#2064,.T.);
#2149=ADVANCED_FACE('',(#1921),#2065,.T.);
#2150=ADVANCED_FACE('',(#1922),#2066,.T.);
#2151=ADVANCED_FACE('',(#1923),#2067,.T.);
#2152=ADVANCED_FACE('',(#1924),#2068,.T.);
#2153=ADVANCED_FACE('',(#1925),#2069,.T.);
#2154=ADVANCED_FACE('',(#1926),#2070,.T.);
#2155=ADVANCED_FACE('',(#1927),#2071,.T.);
#2156=ADVANCED_FACE('',(#1928),#2072,.T.);
#2157=ADVANCED_FACE('',(#1929),#2073,.T.);
#2158=ADVANCED_FACE('',(#1930),#2074,.T.);
#2159=ADVANCED_FACE('',(#1931),#2075,.F.);
#2160=ADVANCED_FACE('',(#1932),#2076,.F.);
#2161=ADVANCED_FACE('',(#1933),#2077,.T.);
#2162=ADVANCED_FACE('',(#1934),#2078,.T.);
#2163=ADVANCED_FACE('',(#1935),#2079,.F.);
#2164=ADVANCED_FACE('',(#1936),#2080,.T.);
#2165=ADVANCED_FACE('',(#1937),#2081,.T.);
#2166=ADVANCED_FACE('',(#1938),#2082,.F.);
#2167=ADVANCED_FACE('',(#1939,#1940),#107,.F.);
#2168=ADVANCED_FACE('',(#1941,#1942),#108,.F.);
#2169=ADVANCED_FACE('',(#1943,#1944),#109,.F.);
#2170=ADVANCED_FACE('',(#1945,#1946),#110,.F.);
#2171=ADVANCED_FACE('',(#1947),#2083,.F.);
#2172=ADVANCED_FACE('',(#1948,#1949,#1950,#1951,#1952,#1953),#2084,.F.);
#2173=ADVANCED_FACE('',(#1954,#1955,#1956,#1957),#2085,.T.);
#2174=ADVANCED_FACE('',(#1958),#111,.T.);
#2175=ADVANCED_FACE('',(#1959),#112,.T.);
#2176=ADVANCED_FACE('',(#1960),#113,.T.);
#2177=ADVANCED_FACE('',(#1961),#114,.T.);
#2178=ADVANCED_FACE('',(#1962),#115,.T.);
#2179=ADVANCED_FACE('',(#1963),#116,.T.);
#2180=ADVANCED_FACE('',(#1964),#117,.T.);
#2181=ADVANCED_FACE('',(#1965,#1966),#81,.T.);
#2182=ADVANCED_FACE('',(#1967),#118,.T.);
#2183=ADVANCED_FACE('',(#1968,#1969),#82,.T.);
#2184=ADVANCED_FACE('',(#1970,#1971),#83,.T.);
#2185=ADVANCED_FACE('',(#1972,#1973),#84,.T.);
#2186=ADVANCED_FACE('',(#1974),#2086,.T.);
#2187=ADVANCED_FACE('',(#1975),#2087,.T.);
#2188=ADVANCED_FACE('',(#1976),#2088,.T.);
#2189=ADVANCED_FACE('',(#1977),#2089,.T.);
#2190=ADVANCED_FACE('',(#1978),#2090,.T.);
#2191=ADVANCED_FACE('',(#1979),#2091,.T.);
#2192=ADVANCED_FACE('',(#1980),#2092,.T.);
#2193=ADVANCED_FACE('',(#1981),#2093,.T.);
#2194=ADVANCED_FACE('',(#1982),#2094,.T.);
#2195=ADVANCED_FACE('',(#1983),#2095,.T.);
#2196=ADVANCED_FACE('',(#1984),#2096,.T.);
#2197=ADVANCED_FACE('',(#1985),#2097,.T.);
#2198=ADVANCED_FACE('',(#1986),#2098,.T.);
#2199=ADVANCED_FACE('',(#1987),#2099,.T.);
#2200=ADVANCED_FACE('',(#1988),#2100,.F.);
#2201=ADVANCED_FACE('',(#1989),#2101,.T.);
#2202=ADVANCED_FACE('',(#1990),#2102,.T.);
#2203=ADVANCED_FACE('',(#1991),#2103,.T.);
#2204=ADVANCED_FACE('',(#1992),#2104,.T.);
#2205=ADVANCED_FACE('',(#1993),#2105,.T.);
#2206=ADVANCED_FACE('',(#1994),#2106,.T.);
#2207=ADVANCED_FACE('',(#1995),#2107,.T.);
#2208=ADVANCED_FACE('',(#1996),#2108,.T.);
#2209=ADVANCED_FACE('',(#1997),#2109,.T.);
#2210=ADVANCED_FACE('',(#1998),#2110,.T.);
#2211=ADVANCED_FACE('',(#1999),#2111,.T.);
#2212=ADVANCED_FACE('',(#2000,#2001),#2112,.T.);
#2213=ADVANCED_FACE('',(#2002,#2003),#2113,.F.);
#2214=ADVANCED_FACE('',(#2004),#2114,.T.);
#2215=ADVANCED_FACE('',(#2005),#2115,.T.);
#2216=ADVANCED_FACE('',(#2006),#2116,.T.);
#2217=ADVANCED_FACE('',(#2007),#2117,.T.);
#2218=ADVANCED_FACE('',(#2008),#2118,.T.);
#2219=ADVANCED_FACE('',(#2009),#2119,.T.);
#2220=ADVANCED_FACE('',(#2010),#2120,.T.);
#2221=ADVANCED_FACE('',(#2011),#2121,.T.);
#2222=ADVANCED_FACE('',(#2012),#2122,.T.);
#2223=ADVANCED_FACE('',(#2013),#2123,.T.);
#2224=ADVANCED_FACE('',(#2014),#2124,.T.);
#2225=ADVANCED_FACE('',(#2015),#2125,.T.);
#2226=ADVANCED_FACE('',(#2016),#2126,.T.);
#2227=ADVANCED_FACE('',(#2017),#2127,.F.);
#2228=ADVANCED_FACE('',(#2018),#10,.T.);
#2229=ADVANCED_FACE('',(#2019),#11,.T.);
#2230=ADVANCED_FACE('',(#2020),#12,.T.);
#2231=ADVANCED_FACE('',(#2021),#13,.T.);
#2232=ADVANCED_FACE('',(#2022),#2128,.T.);
#2233=ADVANCED_FACE('',(#2023),#2129,.T.);
#2234=ADVANCED_FACE('',(#2024),#2130,.T.);
#2235=ADVANCED_FACE('',(#2025),#14,.T.);
#2236=ADVANCED_FACE('',(#2026),#15,.T.);
#2237=ADVANCED_FACE('',(#2027),#16,.T.);
#2238=ADVANCED_FACE('',(#2028),#17,.T.);
#2239=ADVANCED_FACE('',(#2029),#18,.T.);
#2240=ADVANCED_FACE('',(#2030),#19,.T.);
#2241=ADVANCED_FACE('',(#2031),#2131,.T.);
#2242=ADVANCED_FACE('',(#2032),#2132,.T.);
#2243=ADVANCED_FACE('',(#2033),#2133,.T.);
#2244=ADVANCED_FACE('',(#2034),#20,.T.);
#2245=ADVANCED_FACE('',(#2035),#21,.T.);
#2246=ADVANCED_FACE('',(#2036),#2134,.T.);
#2247=ADVANCED_FACE('',(#2037),#2135,.F.);
#2248=ADVANCED_FACE('',(#2038),#2136,.T.);
#2249=ADVANCED_FACE('',(#2039),#2137,.T.);
#2250=ADVANCED_FACE('',(#2040),#2138,.T.);
#2251=ADVANCED_FACE('',(#2041),#22,.T.);
#2252=ADVANCED_FACE('',(#2042),#23,.T.);
#2253=ADVANCED_FACE('',(#2043),#24,.T.);
#2254=ADVANCED_FACE('',(#2044),#25,.T.);
#2255=ADVANCED_FACE('',(#2045),#119,.F.);
#2256=ADVANCED_FACE('',(#2046),#2139,.T.);
#2257=ADVANCED_FACE('',(#2047),#2140,.T.);
#2258=ADVANCED_FACE('',(#2048),#2141,.T.);
#2259=ADVANCED_FACE('',(#2049),#2142,.T.);
#2260=ADVANCED_FACE('',(#2050),#26,.T.);
#2261=ADVANCED_FACE('',(#2051),#27,.T.);
#2262=ADVANCED_FACE('',(#2052),#28,.T.);
#2263=ADVANCED_FACE('',(#2053),#29,.T.);
#2264=ADVANCED_FACE('',(#2054),#30,.T.);
#2265=ADVANCED_FACE('',(#2055),#31,.T.);
#2266=ADVANCED_FACE('',(#2056),#2143,.T.);
#2267=ADVANCED_FACE('',(#2057),#32,.T.);
#2268=ADVANCED_FACE('',(#2058,#2059),#2144,.T.);
#2269=ADVANCED_FACE('',(#2060,#2061),#2145,.F.);
#2270=CLOSED_SHELL('',(#2146,#2147,#2148,#2149,#2150,#2151,#2152,#2153,
#2154,#2155,#2156,#2157,#2158,#2159));
#2271=CLOSED_SHELL('',(#2160,#2161,#2162,#2163,#2164,#2165,#2166,#2167,
#2168,#2169,#2170,#2171,#2172,#2173,#2174,#2175,#2176,#2177,#2178,#2179,
#2180,#2181,#2182,#2183,#2184,#2185));
#2272=CLOSED_SHELL('',(#2186,#2187,#2188,#2189,#2190,#2191,#2192,#2193,
#2194,#2195,#2196,#2197,#2198,#2199,#2200));
#2273=CLOSED_SHELL('',(#2201,#2202,#2203,#2204,#2205,#2206,#2207,#2208,
#2209,#2210,#2211,#2212,#2213));
#2274=CLOSED_SHELL('',(#2214,#2215,#2216,#2217,#2218,#2219,#2220,#2221,
#2222,#2223,#2224,#2225,#2226,#2227));
#2275=CLOSED_SHELL('',(#2228,#2229,#2230,#2231,#2232,#2233,#2234,#2235,
#2236,#2237,#2238,#2239,#2240,#2241,#2242,#2243,#2244,#2245,#2246,#2247));
#2276=CLOSED_SHELL('',(#2248,#2249,#2250,#2251,#2252,#2253,#2254,#2255,
#2256,#2257,#2258,#2259,#2260,#2261,#2262,#2263,#2264,#2265,#2266,#2267,
#2268,#2269));
#2277=STYLED_ITEM('',(#2284),#2333);
#2278=STYLED_ITEM('',(#2285),#2334);
#2279=STYLED_ITEM('',(#2286),#2335);
#2280=STYLED_ITEM('',(#2287),#2336);
#2281=STYLED_ITEM('',(#2288),#2337);
#2282=STYLED_ITEM('',(#2289),#2338);
#2283=STYLED_ITEM('',(#2290),#2339);
#2284=PRESENTATION_STYLE_ASSIGNMENT((#2291));
#2285=PRESENTATION_STYLE_ASSIGNMENT((#2292));
#2286=PRESENTATION_STYLE_ASSIGNMENT((#2293));
#2287=PRESENTATION_STYLE_ASSIGNMENT((#2294));
#2288=PRESENTATION_STYLE_ASSIGNMENT((#2295));
#2289=PRESENTATION_STYLE_ASSIGNMENT((#2296));
#2290=PRESENTATION_STYLE_ASSIGNMENT((#2297));
#2291=SURFACE_STYLE_USAGE(.BOTH.,#2298);
#2292=SURFACE_STYLE_USAGE(.BOTH.,#2299);
#2293=SURFACE_STYLE_USAGE(.BOTH.,#2300);
#2294=SURFACE_STYLE_USAGE(.BOTH.,#2301);
#2295=SURFACE_STYLE_USAGE(.BOTH.,#2302);
#2296=SURFACE_STYLE_USAGE(.BOTH.,#2303);
#2297=SURFACE_STYLE_USAGE(.BOTH.,#2304);
#2298=SURFACE_SIDE_STYLE('',(#2305));
#2299=SURFACE_SIDE_STYLE('',(#2306));
#2300=SURFACE_SIDE_STYLE('',(#2307));
#2301=SURFACE_SIDE_STYLE('',(#2308));
#2302=SURFACE_SIDE_STYLE('',(#2309));
#2303=SURFACE_SIDE_STYLE('',(#2310));
#2304=SURFACE_SIDE_STYLE('',(#2311));
#2305=SURFACE_STYLE_FILL_AREA(#2312);
#2306=SURFACE_STYLE_FILL_AREA(#2313);
#2307=SURFACE_STYLE_FILL_AREA(#2314);
#2308=SURFACE_STYLE_FILL_AREA(#2315);
#2309=SURFACE_STYLE_FILL_AREA(#2316);
#2310=SURFACE_STYLE_FILL_AREA(#2317);
#2311=SURFACE_STYLE_FILL_AREA(#2318);
#2312=FILL_AREA_STYLE('',(#2319));
#2313=FILL_AREA_STYLE('',(#2320));
#2314=FILL_AREA_STYLE('',(#2321));
#2315=FILL_AREA_STYLE('',(#2322));
#2316=FILL_AREA_STYLE('',(#2323));
#2317=FILL_AREA_STYLE('',(#2324));
#2318=FILL_AREA_STYLE('',(#2325));
#2319=FILL_AREA_STYLE_COLOUR('',#2326);
#2320=FILL_AREA_STYLE_COLOUR('',#2327);
#2321=FILL_AREA_STYLE_COLOUR('',#2328);
#2322=FILL_AREA_STYLE_COLOUR('',#2329);
#2323=FILL_AREA_STYLE_COLOUR('',#2330);
#2324=FILL_AREA_STYLE_COLOUR('',#2331);
#2325=FILL_AREA_STYLE_COLOUR('',#2332);
#2326=COLOUR_RGB('',0.768627450980392,0.886274509803922,0.952941176470588);
#2327=COLOUR_RGB('',0.890196078431373,0.698039215686275,0.63921568627451);
#2328=COLOUR_RGB('',0.231372549019608,0.380392156862745,0.705882352941177);
#2329=COLOUR_RGB('',0.917647058823529,0.917647058823529,0.917647058823529);
#2330=COLOUR_RGB('',0.972549019607843,0.529411764705882,0.00392156862745098);
#2331=COLOUR_RGB('',0.498039215686275,0.498039215686275,0.498039215686275);
#2332=COLOUR_RGB('',0.980392156862745,0.713725490196078,0.00392156862745098);
#2333=MANIFOLD_SOLID_BREP('Part 5',#2270);
#2334=MANIFOLD_SOLID_BREP('Part 2',#2271);
#2335=MANIFOLD_SOLID_BREP('Part 3',#2272);
#2336=MANIFOLD_SOLID_BREP('Part 4',#2273);
#2337=MANIFOLD_SOLID_BREP('Part 6',#2274);
#2338=MANIFOLD_SOLID_BREP('Part 7',#2275);
#2339=MANIFOLD_SOLID_BREP('Part 8',#2276);
#2340=SHAPE_DEFINITION_REPRESENTATION(#3946,#2347);
#2341=SHAPE_DEFINITION_REPRESENTATION(#3947,#2348);
#2342=SHAPE_DEFINITION_REPRESENTATION(#3948,#2349);
#2343=SHAPE_DEFINITION_REPRESENTATION(#3949,#2350);
#2344=SHAPE_DEFINITION_REPRESENTATION(#3950,#2351);
#2345=SHAPE_DEFINITION_REPRESENTATION(#3951,#2352);
#2346=SHAPE_DEFINITION_REPRESENTATION(#3952,#2353);
#2347=SHAPE_REPRESENTATION('Part 5',(#2354),#3911);
#2348=SHAPE_REPRESENTATION('Part 2',(#2369),#3912);
#2349=SHAPE_REPRESENTATION('Part 3',(#2416),#3913);
#2350=SHAPE_REPRESENTATION('Part 4',(#2432),#3914);
#2351=SHAPE_REPRESENTATION('Part 6',(#2446),#3915);
#2352=SHAPE_REPRESENTATION('Part 7',(#2461),#3916);
#2353=SHAPE_REPRESENTATION('Part 8',(#2470),#3917);
#2354=AXIS2_PLACEMENT_3D('',#2988,#2484,#2485);
#2355=AXIS2_PLACEMENT_3D('',#2989,#2486,#2487);
#2356=AXIS2_PLACEMENT_3D('',#2998,#2492,#2493);
#2357=AXIS2_PLACEMENT_3D('',#3004,#2497,#2498);
#2358=AXIS2_PLACEMENT_3D('',#3010,#2502,#2503);
#2359=AXIS2_PLACEMENT_3D('',#3016,#2507,#2508);
#2360=AXIS2_PLACEMENT_3D('',#3022,#2512,#2513);
#2361=AXIS2_PLACEMENT_3D('',#3028,#2517,#2518);
#2362=AXIS2_PLACEMENT_3D('',#3034,#2522,#2523);
#2363=AXIS2_PLACEMENT_3D('',#3040,#2527,#2528);
#2364=AXIS2_PLACEMENT_3D('',#3046,#2532,#2533);
#2365=AXIS2_PLACEMENT_3D('',#3052,#2537,#2538);
#2366=AXIS2_PLACEMENT_3D('',#3058,#2542,#2543);
#2367=AXIS2_PLACEMENT_3D('',#3061,#2546,#2547);
#2368=AXIS2_PLACEMENT_3D('',#3062,#2548,#2549);
#2369=AXIS2_PLACEMENT_3D('',#3063,#2550,#2551);
#2370=AXIS2_PLACEMENT_3D('',#3064,#2552,#2553);
#2371=AXIS2_PLACEMENT_3D('',#3073,#2558,#2559);
#2372=AXIS2_PLACEMENT_3D('',#3079,#2563,#2564);
#2373=AXIS2_PLACEMENT_3D('',#3085,#2568,#2569);
#2374=AXIS2_PLACEMENT_3D('',#3094,#2574,#2575);
#2375=AXIS2_PLACEMENT_3D('',#3100,#2579,#2580);
#2376=AXIS2_PLACEMENT_3D('',#3106,#2584,#2585);
#2377=AXIS2_PLACEMENT_3D('',#3109,#2588,#2589);
#2378=AXIS2_PLACEMENT_3D('',#3110,#2590,#2591);
#2379=AXIS2_PLACEMENT_3D('',#3112,#2592,#2593);
#2380=AXIS2_PLACEMENT_3D('',#3114,#2594,#2595);
#2381=AXIS2_PLACEMENT_3D('',#3115,#2596,#2597);
#2382=AXIS2_PLACEMENT_3D('',#3117,#2598,#2599);
#2383=AXIS2_PLACEMENT_3D('',#3119,#2600,#2601);
#2384=AXIS2_PLACEMENT_3D('',#3120,#2602,#2603);
#2385=AXIS2_PLACEMENT_3D('',#3122,#2604,#2605);
#2386=AXIS2_PLACEMENT_3D('',#3124,#2606,#2607);
#2387=AXIS2_PLACEMENT_3D('',#3125,#2608,#2609);
#2388=AXIS2_PLACEMENT_3D('',#3127,#2610,#2611);
#2389=AXIS2_PLACEMENT_3D('',#3129,#2612,#2613);
#2390=AXIS2_PLACEMENT_3D('',#3132,#2616,#2617);
#2391=AXIS2_PLACEMENT_3D('',#3133,#2618,#2619);
#2392=AXIS2_PLACEMENT_3D('',#3142,#2624,#2625);
#2393=AXIS2_PLACEMENT_3D('',#3144,#2626,#2627);
#2394=AXIS2_PLACEMENT_3D('',#3146,#2628,#2629);
#2395=AXIS2_PLACEMENT_3D('',#3151,#2631,#2632);
#2396=AXIS2_PLACEMENT_3D('',#3162,#2638,#2639);
#2397=AXIS2_PLACEMENT_3D('',#3163,#2640,#2641);
#2398=AXIS2_PLACEMENT_3D('',#3164,#2642,#2643);
#2399=AXIS2_PLACEMENT_3D('',#3165,#2644,#2645);
#2400=AXIS2_PLACEMENT_3D('',#3166,#2646,#2647);
#2401=AXIS2_PLACEMENT_3D('',#3167,#2648,#2649);
#2402=AXIS2_PLACEMENT_3D('',#3168,#2650,#2651);
#2403=AXIS2_PLACEMENT_3D('',#3169,#2652,#2653);
#2404=AXIS2_PLACEMENT_3D('',#3170,#2654,#2655);
#2405=AXIS2_PLACEMENT_3D('',#3171,#2656,#2657);
#2406=AXIS2_PLACEMENT_3D('',#3172,#2658,#2659);
#2407=AXIS2_PLACEMENT_3D('',#3173,#2660,#2661);
#2408=AXIS2_PLACEMENT_3D('',#3174,#2662,#2663);
#2409=AXIS2_PLACEMENT_3D('',#3175,#2664,#2665);
#2410=AXIS2_PLACEMENT_3D('',#3176,#2666,#2667);
#2411=AXIS2_PLACEMENT_3D('',#3177,#2668,#2669);
#2412=AXIS2_PLACEMENT_3D('',#3183,#2670,#2671);
#2413=AXIS2_PLACEMENT_3D('',#3189,#2672,#2673);
#2414=AXIS2_PLACEMENT_3D('',#3190,#2674,#2675);
#2415=AXIS2_PLACEMENT_3D('',#3191,#2676,#2677);
#2416=AXIS2_PLACEMENT_3D('',#3192,#2678,#2679);
#2417=AXIS2_PLACEMENT_3D('',#3193,#2680,#2681);
#2418=AXIS2_PLACEMENT_3D('',#3202,#2686,#2687);
#2419=AXIS2_PLACEMENT_3D('',#3208,#2691,#2692);
#2420=AXIS2_PLACEMENT_3D('',#3214,#2696,#2697);
#2421=AXIS2_PLACEMENT_3D('',#3220,#2701,#2702);
#2422=AXIS2_PLACEMENT_3D('',#3226,#2706,#2707);
#2423=AXIS2_PLACEMENT_3D('',#3232,#2711,#2712);
#2424=AXIS2_PLACEMENT_3D('',#3238,#2716,#2717);
#2425=AXIS2_PLACEMENT_3D('',#3244,#2721,#2722);
#2426=AXIS2_PLACEMENT_3D('',#3250,#2726,#2727);
#2427=AXIS2_PLACEMENT_3D('',#3256,#2731,#2732);
#2428=AXIS2_PLACEMENT_3D('',#3262,#2736,#2737);
#2429=AXIS2_PLACEMENT_3D('',#3268,#2741,#2742);
#2430=AXIS2_PLACEMENT_3D('',#3271,#2745,#2746);
#2431=AXIS2_PLACEMENT_3D('',#3272,#2747,#2748);
#2432=AXIS2_PLACEMENT_3D('',#3273,#2749,#2750);
#2433=AXIS2_PLACEMENT_3D('',#3274,#2751,#2752);
#2434=AXIS2_PLACEMENT_3D('',#3283,#2757,#2758);
#2435=AXIS2_PLACEMENT_3D('',#3289,#2762,#2763);
#2436=AXIS2_PLACEMENT_3D('',#3298,#2768,#2769);
#2437=AXIS2_PLACEMENT_3D('',#3304,#2773,#2774);
#2438=AXIS2_PLACEMENT_3D('',#3310,#2778,#2779);
#2439=AXIS2_PLACEMENT_3D('',#3316,#2783,#2784);
#2440=AXIS2_PLACEMENT_3D('',#3322,#2788,#2789);
#2441=AXIS2_PLACEMENT_3D('',#3328,#2793,#2794);
#2442=AXIS2_PLACEMENT_3D('',#3334,#2798,#2799);
#2443=AXIS2_PLACEMENT_3D('',#3337,#2802,#2803);
#2444=AXIS2_PLACEMENT_3D('',#3340,#2806,#2807);
#2445=AXIS2_PLACEMENT_3D('',#3341,#2808,#2809);
#2446=AXIS2_PLACEMENT_3D('',#3342,#2810,#2811);
#2447=AXIS2_PLACEMENT_3D('',#3343,#2812,#2813);
#2448=AXIS2_PLACEMENT_3D('',#3352,#2818,#2819);
#2449=AXIS2_PLACEMENT_3D('',#3358,#2823,#2824);
#2450=AXIS2_PLACEMENT_3D('',#3364,#2828,#2829);
#2451=AXIS2_PLACEMENT_3D('',#3370,#2833,#2834);
#2452=AXIS2_PLACEMENT_3D('',#3376,#2838,#2839);
#2453=AXIS2_PLACEMENT_3D('',#3382,#2843,#2844);
#2454=AXIS2_PLACEMENT_3D('',#3388,#2848,#2849);
#2455=AXIS2_PLACEMENT_3D('',#3394,#2853,#2854);
#2456=AXIS2_PLACEMENT_3D('',#3400,#2858,#2859);
#2457=AXIS2_PLACEMENT_3D('',#3406,#2863,#2864);
#2458=AXIS2_PLACEMENT_3D('',#3412,#2868,#2869);
#2459=AXIS2_PLACEMENT_3D('',#3415,#2872,#2873);
#2460=AXIS2_PLACEMENT_3D('',#3416,#2874,#2875);
#2461=AXIS2_PLACEMENT_3D('',#3417,#2876,#2877);
#2462=AXIS2_PLACEMENT_3D('',#3489,#2883,#2884);
#2463=AXIS2_PLACEMENT_3D('',#3495,#2888,#2889);
#2464=AXIS2_PLACEMENT_3D('',#3501,#2893,#2894);
#2465=AXIS2_PLACEMENT_3D('',#3609,#2904,#2905);
#2466=AXIS2_PLACEMENT_3D('',#3615,#2909,#2910);
#2467=AXIS2_PLACEMENT_3D('',#3621,#2914,#2915);
#2468=AXIS2_PLACEMENT_3D('',#3658,#2920,#2921);
#2469=AXIS2_PLACEMENT_3D('',#3659,#2922,#2923);
#2470=AXIS2_PLACEMENT_3D('',#3660,#2924,#2925);
#2471=AXIS2_PLACEMENT_3D('',#3661,#2926,#2927);
#2472=AXIS2_PLACEMENT_3D('',#3670,#2932,#2933);
#2473=AXIS2_PLACEMENT_3D('',#3676,#2937,#2938);
#2474=AXIS2_PLACEMENT_3D('',#3750,#2946,#2947);
#2475=AXIS2_PLACEMENT_3D('',#3751,#2948,#2949);
#2476=AXIS2_PLACEMENT_3D('',#3755,#2951,#2952);
#2477=AXIS2_PLACEMENT_3D('',#3756,#2953,#2954);
#2478=AXIS2_PLACEMENT_3D('',#3765,#2959,#2960);
#2479=AXIS2_PLACEMENT_3D('',#3771,#2964,#2965);
#2480=AXIS2_PLACEMENT_3D('',#3777,#2969,#2970);
#2481=AXIS2_PLACEMENT_3D('',#3885,#2980,#2981);
#2482=AXIS2_PLACEMENT_3D('',#3902,#2984,#2985);
#2483=AXIS2_PLACEMENT_3D('',#3903,#2986,#2987);
#2484=DIRECTION('',(0.,0.,1.));
#2485=DIRECTION('',(1.,0.,0.));
#2486=DIRECTION('',(-1.,0.,0.));
#2487=DIRECTION('',(0.,0.,1.));
#2488=DIRECTION('',(0.,-1.,0.));
#2489=DIRECTION('',(0.,0.,1.));
#2490=DIRECTION('',(0.,-1.,0.));
#2491=DIRECTION('',(0.,0.,1.));
#2492=DIRECTION('',(0.,1.,0.));
#2493=DIRECTION('',(0.,0.,1.));
#2494=DIRECTION('',(-1.,0.,0.));
#2495=DIRECTION('',(0.,0.,1.));
#2496=DIRECTION('',(-1.,0.,0.));
#2497=DIRECTION('',(1.,0.,0.));
#2498=DIRECTION('',(0.,0.,-1.));
#2499=DIRECTION('',(0.,1.,0.));
#2500=DIRECTION('',(0.,0.,1.));
#2501=DIRECTION('',(0.,1.,0.));
#2502=DIRECTION('',(0.875047141831715,0.484037704700933,0.));
#2503=DIRECTION('',(-0.484037704700933,0.875047141831715,0.));
#2504=DIRECTION('',(-0.484037704700933,0.875047141831715,0.));
#2505=DIRECTION('',(0.,0.,1.));
#2506=DIRECTION('',(-0.484037704700933,0.875047141831715,0.));
#2507=DIRECTION('',(-0.925934612024195,0.377683854904606,0.));
#2508=DIRECTION('',(-0.377683854904606,-0.925934612024195,0.));
#2509=DIRECTION('',(-0.377683854904606,-0.925934612024195,0.));
#2510=DIRECTION('',(0.,0.,1.));
#2511=DIRECTION('',(-0.377683854904606,-0.925934612024195,0.));
#2512=DIRECTION('',(0.,1.,0.));
#2513=DIRECTION('',(0.,0.,1.));
#2514=DIRECTION('',(-1.,0.,0.));
#2515=DIRECTION('',(0.,0.,1.));
#2516=DIRECTION('',(-1.,0.,0.));
#2517=DIRECTION('',(0.925093896516073,-0.379738439756512,0.));
#2518=DIRECTION('',(0.379738439756512,0.925093896516073,0.));
#2519=DIRECTION('',(0.379738439756512,0.925093896516073,0.));
#2520=DIRECTION('',(0.,0.,1.));
#2521=DIRECTION('',(0.379738439756512,0.925093896516073,0.));
#2522=DIRECTION('',(0.912555582085604,0.408952698492629,0.));
#2523=DIRECTION('',(-0.408952698492629,0.912555582085604,0.));
#2524=DIRECTION('',(-0.408952698492629,0.912555582085604,0.));
#2525=DIRECTION('',(0.,0.,1.));
#2526=DIRECTION('',(-0.408952698492629,0.912555582085604,0.));
#2527=DIRECTION('',(0.,-1.,0.));
#2528=DIRECTION('',(0.,0.,-1.));
#2529=DIRECTION('',(1.,0.,0.));
#2530=DIRECTION('',(0.,0.,1.));
#2531=DIRECTION('',(1.,0.,0.));
#2532=DIRECTION('',(-0.899012140326485,-0.437923705165171,0.));
#2533=DIRECTION('',(0.437923705165171,-0.899012140326485,0.));
#2534=DIRECTION('',(0.437923705165171,-0.899012140326485,0.));
#2535=DIRECTION('',(0.,0.,1.));
#2536=DIRECTION('',(0.437923705165171,-0.899012140326485,0.));
#2537=DIRECTION('',(1.,0.,0.));
#2538=DIRECTION('',(0.,0.,-1.));
#2539=DIRECTION('',(0.,1.,0.));
#2540=DIRECTION('',(0.,0.,1.));
#2541=DIRECTION('',(0.,1.,0.));
#2542=DIRECTION('',(0.,-1.,0.));
#2543=DIRECTION('',(0.,0.,-1.));
#2544=DIRECTION('',(1.,0.,0.));
#2545=DIRECTION('',(1.,0.,0.));
#2546=DIRECTION('',(0.,0.,-1.));
#2547=DIRECTION('',(1.,0.,0.));
#2548=DIRECTION('',(0.,0.,-1.));
#2549=DIRECTION('',(1.,0.,0.));
#2550=DIRECTION('',(0.,0.,1.));
#2551=DIRECTION('',(1.,0.,0.));
#2552=DIRECTION('',(1.,0.,0.));
#2553=DIRECTION('',(0.,0.,-1.));
#2554=DIRECTION('',(0.,0.,-1.));
#2555=DIRECTION('',(0.,-1.,0.));
#2556=DIRECTION('',(0.,0.,-1.));
#2557=DIRECTION('',(0.,-1.,0.));
#2558=DIRECTION('',(0.,1.,0.));
#2559=DIRECTION('',(0.,0.,1.));
#2560=DIRECTION('',(0.,0.,-1.));
#2561=DIRECTION('',(1.,0.,0.));
#2562=DIRECTION('',(1.,0.,0.));
#2563=DIRECTION('',(1.,0.,0.));
#2564=DIRECTION('',(0.,0.,-1.));
#2565=DIRECTION('',(0.,0.,-1.));
#2566=DIRECTION('',(0.,-1.,0.));
#2567=DIRECTION('',(0.,-1.,0.));
#2568=DIRECTION('',(-1.,0.,0.));
#2569=DIRECTION('',(0.,0.,1.));
#2570=DIRECTION('',(0.,0.,-1.));
#2571=DIRECTION('',(0.,1.,0.));
#2572=DIRECTION('',(0.,0.,-1.));
#2573=DIRECTION('',(0.,1.,0.));
#2574=DIRECTION('',(1.81836842345577E-16,1.,0.));
#2575=DIRECTION('',(-1.,1.81836842345577E-16,0.));
#2576=DIRECTION('',(0.,0.,-1.));
#2577=DIRECTION('',(1.,-1.81836842345577E-16,0.));
#2578=DIRECTION('',(1.,-1.81836842345577E-16,0.));
#2579=DIRECTION('',(-1.,0.,0.));
#2580=DIRECTION('',(0.,0.,1.));
#2581=DIRECTION('',(0.,0.,-1.));
#2582=DIRECTION('',(0.,1.,0.));
#2583=DIRECTION('',(0.,1.,0.));
#2584=DIRECTION('',(1.81836842345577E-16,1.,0.));
#2585=DIRECTION('',(-1.,1.81836842345577E-16,0.));
#2586=DIRECTION('',(1.,-1.81836842345577E-16,0.));
#2587=DIRECTION('',(1.,-1.81836842345577E-16,0.));
#2588=DIRECTION('',(0.,0.,-1.));
#2589=DIRECTION('',(-1.,0.,0.));
#2590=DIRECTION('',(0.,0.,-1.));
#2591=DIRECTION('',(-1.,0.,0.));
#2592=DIRECTION('',(0.,0.,-1.));
#2593=DIRECTION('',(-1.,0.,0.));
#2594=DIRECTION('',(0.,0.,-1.));
#2595=DIRECTION('',(-1.,0.,0.));
#2596=DIRECTION('',(0.,0.,-1.));
#2597=DIRECTION('',(-1.,0.,0.));
#2598=DIRECTION('',(0.,0.,-1.));
#2599=DIRECTION('',(-1.,0.,0.));
#2600=DIRECTION('',(0.,0.,-1.));
#2601=DIRECTION('',(-1.,0.,0.));
#2602=DIRECTION('',(0.,0.,-1.));
#2603=DIRECTION('',(-1.,0.,0.));
#2604=DIRECTION('',(0.,0.,-1.));
#2605=DIRECTION('',(-1.,0.,0.));
#2606=DIRECTION('',(0.,0.,-1.));
#2607=DIRECTION('',(-1.,0.,0.));
#2608=DIRECTION('',(0.,0.,-1.));
#2609=DIRECTION('',(-1.,0.,0.));
#2610=DIRECTION('',(0.,0.,-1.));
#2611=DIRECTION('',(-1.,0.,0.));
#2612=DIRECTION('',(0.,1.,0.));
#2613=DIRECTION('',(0.,0.,1.));
#2614=DIRECTION('',(1.,0.,0.));
#2615=DIRECTION('',(1.,0.,0.));
#2616=DIRECTION('',(0.,0.,-1.));
#2617=DIRECTION('',(1.,0.,0.));
#2618=DIRECTION('',(0.,0.,-1.));
#2619=DIRECTION('',(1.,0.,0.));
#2620=DIRECTION('',(0.,1.,0.));
#2621=DIRECTION('',(1.,-1.81836842345577E-16,0.));
#2622=DIRECTION('',(0.,1.,0.));
#2623=DIRECTION('',(1.,-1.81836842345577E-16,0.));
#2624=DIRECTION('',(0.,0.,-1.));
#2625=DIRECTION('',(-1.,0.,0.));
#2626=DIRECTION('',(0.,0.,-1.));
#2627=DIRECTION('',(-1.,0.,0.));
#2628=DIRECTION('',(0.,0.,-1.));
#2629=DIRECTION('',(-1.,0.,0.));
#2630=DIRECTION('',(1.,0.,0.));
#2631=DIRECTION('',(0.,0.,-1.));
#2632=DIRECTION('',(-1.,0.,0.));
#2633=DIRECTION('',(1.,0.,0.));
#2634=DIRECTION('',(0.,-1.,0.));
#2635=DIRECTION('',(1.,0.,0.));
#2636=DIRECTION('',(0.,-1.,0.));
#2637=DIRECTION('',(1.,0.,0.));
#2638=DIRECTION('',(0.,-1.,0.));
#2639=DIRECTION('',(0.,0.,-1.));
#2640=DIRECTION('',(-0.707106781186548,-0.707106781186548,0.));
#2641=DIRECTION('',(0.707106781186548,-0.707106781186548,0.));
#2642=DIRECTION('',(0.707106781186548,-0.707106781186548,0.));
#2643=DIRECTION('',(-0.707106781186548,-0.707106781186548,0.));
#2644=DIRECTION('',(1.,-1.81836842345577E-16,0.));
#2645=DIRECTION('',(1.81836842345577E-16,1.,0.));
#2646=DIRECTION('',(0.707106781186548,0.707106781186548,0.));
#2647=DIRECTION('',(-0.707106781186548,0.707106781186548,0.));
#2648=DIRECTION('',(-1.,1.81836842345577E-16,0.));
#2649=DIRECTION('',(-1.81836842345577E-16,-1.,0.));
#2650=DIRECTION('',(-0.707106781186548,0.707106781186548,0.));
#2651=DIRECTION('',(0.707106781186548,0.707106781186548,0.));
#2652=DIRECTION('',(0.,1.,0.));
#2653=DIRECTION('',(0.,0.,1.));
#2654=DIRECTION('',(-1.,0.,0.));
#2655=DIRECTION('',(0.,0.,1.));
#2656=DIRECTION('',(-0.707106781186548,0.707106781186548,0.));
#2657=DIRECTION('',(0.707106781186548,0.707106781186548,0.));
#2658=DIRECTION('',(-0.707106781186548,-0.707106781186548,0.));
#2659=DIRECTION('',(-0.707106781186548,0.707106781186548,0.));
#2660=DIRECTION('',(0.,-1.,0.));
#2661=DIRECTION('',(0.,0.,-1.));
#2662=DIRECTION('',(0.707106781186548,-0.707106781186548,0.));
#2663=DIRECTION('',(-0.707106781186548,-0.707106781186548,0.));
#2664=DIRECTION('',(0.,1.,0.));
#2665=DIRECTION('',(0.,0.,1.));
#2666=DIRECTION('',(0.707106781186548,0.707106781186548,0.));
#2667=DIRECTION('',(-0.707106781186548,0.707106781186548,0.));
#2668=DIRECTION('',(0.,0.,-1.));
#2669=DIRECTION('',(-1.,0.,0.));
#2670=DIRECTION('',(1.,0.,0.));
#2671=DIRECTION('',(0.,0.,-1.));
#2672=DIRECTION('',(0.,0.,-1.));
#2673=DIRECTION('',(-1.,0.,0.));
#2674=DIRECTION('',(0.,0.,-1.));
#2675=DIRECTION('',(-1.,0.,0.));
#2676=DIRECTION('',(0.,0.,-1.));
#2677=DIRECTION('',(-1.,0.,0.));
#2678=DIRECTION('',(0.,0.,1.));
#2679=DIRECTION('',(1.,0.,0.));
#2680=DIRECTION('',(-0.986974247091354,0.160878325384297,0.));
#2681=DIRECTION('',(-0.160878325384297,-0.986974247091354,0.));
#2682=DIRECTION('',(-0.160878325384297,-0.986974247091354,0.));
#2683=DIRECTION('',(0.,0.,1.));
#2684=DIRECTION('',(-0.160878325384297,-0.986974247091354,0.));
#2685=DIRECTION('',(0.,0.,1.));
#2686=DIRECTION('',(0.,1.,0.));
#2687=DIRECTION('',(0.,0.,1.));
#2688=DIRECTION('',(-1.,0.,0.));
#2689=DIRECTION('',(0.,0.,1.));
#2690=DIRECTION('',(-1.,0.,0.));
#2691=DIRECTION('',(0.982452590863652,0.186512484046772,0.));
#2692=DIRECTION('',(-0.186512484046772,0.982452590863652,0.));
#2693=DIRECTION('',(-0.186512484046772,0.982452590863652,0.));
#2694=DIRECTION('',(0.,0.,1.));
#2695=DIRECTION('',(-0.186512484046772,0.982452590863652,0.));
#2696=DIRECTION('',(-0.982732841124685,0.185030167743007,0.));
#2697=DIRECTION('',(-0.185030167743007,-0.982732841124685,0.));
#2698=DIRECTION('',(-0.185030167743007,-0.982732841124685,0.));
#2699=DIRECTION('',(0.,0.,1.));
#2700=DIRECTION('',(-0.185030167743007,-0.982732841124685,0.));
#2701=DIRECTION('',(0.,1.,0.));
#2702=DIRECTION('',(0.,0.,1.));
#2703=DIRECTION('',(-1.,0.,0.));
#2704=DIRECTION('',(0.,0.,1.));
#2705=DIRECTION('',(-1.,0.,0.));
#2706=DIRECTION('',(0.987364450794347,0.158465899510204,0.));
#2707=DIRECTION('',(-0.158465899510204,0.987364450794347,0.));
#2708=DIRECTION('',(-0.158465899510204,0.987364450794347,0.));
#2709=DIRECTION('',(0.,0.,1.));
#2710=DIRECTION('',(-0.158465899510204,0.987364450794347,0.));
#2711=DIRECTION('',(0.,-1.,0.));
#2712=DIRECTION('',(0.,0.,-1.));
#2713=DIRECTION('',(1.,0.,0.));
#2714=DIRECTION('',(0.,0.,1.));
#2715=DIRECTION('',(1.,0.,0.));
#2716=DIRECTION('',(-0.989608333143059,-0.143789244986599,0.));
#2717=DIRECTION('',(0.143789244986599,-0.989608333143059,0.));
#2718=DIRECTION('',(0.143789244986599,-0.989608333143059,0.));
#2719=DIRECTION('',(0.,0.,1.));
#2720=DIRECTION('',(0.143789244986599,-0.989608333143059,0.));
#2721=DIRECTION('',(0.982605387277926,-0.185705823528499,0.));
#2722=DIRECTION('',(0.185705823528499,0.982605387277926,0.));
#2723=DIRECTION('',(0.185705823528499,0.982605387277926,0.));
#2724=DIRECTION('',(0.,0.,1.));
#2725=DIRECTION('',(0.185705823528499,0.982605387277926,0.));
#2726=DIRECTION('',(0.,-1.,0.));
#2727=DIRECTION('',(0.,0.,-1.));
#2728=DIRECTION('',(1.,0.,0.));
#2729=DIRECTION('',(0.,0.,1.));
#2730=DIRECTION('',(1.,0.,0.));
#2731=DIRECTION('',(-0.982769965557924,-0.184832883430619,0.));
#2732=DIRECTION('',(0.184832883430619,-0.982769965557924,0.));
#2733=DIRECTION('',(0.184832883430619,-0.982769965557924,0.));
#2734=DIRECTION('',(0.,0.,1.));
#2735=DIRECTION('',(0.184832883430619,-0.982769965557924,0.));
#2736=DIRECTION('',(0.989004409781713,-0.147886028523065,0.));
#2737=DIRECTION('',(0.147886028523065,0.989004409781713,0.));
#2738=DIRECTION('',(0.147886028523065,0.989004409781713,0.));
#2739=DIRECTION('',(0.,0.,1.));
#2740=DIRECTION('',(0.147886028523065,0.989004409781713,0.));
#2741=DIRECTION('',(0.,-1.,0.));
#2742=DIRECTION('',(0.,0.,-1.));
#2743=DIRECTION('',(1.,0.,0.));
#2744=DIRECTION('',(1.,0.,0.));
#2745=DIRECTION('',(0.,0.,-1.));
#2746=DIRECTION('',(1.,0.,0.));
#2747=DIRECTION('',(0.,0.,-1.));
#2748=DIRECTION('',(1.,0.,0.));
#2749=DIRECTION('',(0.,0.,1.));
#2750=DIRECTION('',(1.,0.,0.));
#2751=DIRECTION('',(0.,-1.,0.));
#2752=DIRECTION('',(0.,0.,-1.));
#2753=DIRECTION('',(1.,0.,0.));
#2754=DIRECTION('',(0.,0.,1.));
#2755=DIRECTION('',(1.,0.,0.));
#2756=DIRECTION('',(0.,0.,1.));
#2757=DIRECTION('',(0.983626467756193,0.180219232962179,0.));
#2758=DIRECTION('',(-0.180219232962179,0.983626467756193,0.));
#2759=DIRECTION('',(-0.180219232962179,0.983626467756193,0.));
#2760=DIRECTION('',(0.,0.,1.));
#2761=DIRECTION('',(-0.180219232962179,0.983626467756193,0.));
#2762=DIRECTION('',(-0.978220194260497,-0.207569871467312,0.));
#2763=DIRECTION('',(0.207569871467312,-0.978220194260497,0.));
#2764=DIRECTION('',(0.207569871467312,-0.978220194260497,0.));
#2765=DIRECTION('',(0.,0.,1.));
#2766=DIRECTION('',(0.207569871467312,-0.978220194260497,0.));
#2767=DIRECTION('',(0.,0.,1.));
#2768=DIRECTION('',(0.,1.,0.));
#2769=DIRECTION('',(0.,0.,1.));
#2770=DIRECTION('',(-1.,0.,0.));
#2771=DIRECTION('',(0.,0.,1.));
#2772=DIRECTION('',(-1.,0.,0.));
#2773=DIRECTION('',(0.982167012447877,0.188010530713606,0.));
#2774=DIRECTION('',(-0.188010530713606,0.982167012447877,0.));
#2775=DIRECTION('',(-0.188010530713606,0.982167012447877,0.));
#2776=DIRECTION('',(0.,0.,1.));
#2777=DIRECTION('',(-0.188010530713606,0.982167012447877,0.));
#2778=DIRECTION('',(0.,1.,0.));
#2779=DIRECTION('',(0.,0.,1.));
#2780=DIRECTION('',(-1.,0.,0.));
#2781=DIRECTION('',(0.,0.,1.));
#2782=DIRECTION('',(-1.,0.,0.));
#2783=DIRECTION('',(-0.984062232380625,0.177824415652241,0.));
#2784=DIRECTION('',(-0.177824415652241,-0.984062232380625,0.));
#2785=DIRECTION('',(-0.177824415652241,-0.984062232380625,0.));
#2786=DIRECTION('',(0.,0.,1.));
#2787=DIRECTION('',(-0.177824415652241,-0.984062232380625,0.));
#2788=DIRECTION('',(0.,1.,0.));
#2789=DIRECTION('',(0.,0.,1.));
#2790=DIRECTION('',(-1.,0.,0.));
#2791=DIRECTION('',(0.,0.,1.));
#2792=DIRECTION('',(-1.,0.,0.));
#2793=DIRECTION('',(0.97795124452012,-0.208833338673568,0.));
#2794=DIRECTION('',(0.208833338673568,0.97795124452012,0.));
#2795=DIRECTION('',(0.208833338673568,0.97795124452012,0.));
#2796=DIRECTION('',(0.,0.,1.));
#2797=DIRECTION('',(0.208833338673568,0.97795124452012,0.));
#2798=DIRECTION('',(0.,-1.,0.));
#2799=DIRECTION('',(0.,0.,-1.));
#2800=DIRECTION('',(1.,0.,0.));
#2801=DIRECTION('',(1.,0.,0.));
#2802=DIRECTION('',(-0.983024296911539,0.183475425279722,0.));
#2803=DIRECTION('',(-0.183475425279722,-0.983024296911539,0.));
#2804=DIRECTION('',(-0.183475425279722,-0.983024296911539,0.));
#2805=DIRECTION('',(-0.183475425279722,-0.983024296911539,0.));
#2806=DIRECTION('',(0.,0.,-1.));
#2807=DIRECTION('',(1.,0.,0.));
#2808=DIRECTION('',(0.,0.,-1.));
#2809=DIRECTION('',(1.,0.,0.));
#2810=DIRECTION('',(0.,0.,1.));
#2811=DIRECTION('',(1.,0.,0.));
#2812=DIRECTION('',(-1.,0.,0.));
#2813=DIRECTION('',(0.,0.,1.));
#2814=DIRECTION('',(0.,-1.,0.));
#2815=DIRECTION('',(0.,0.,1.));
#2816=DIRECTION('',(0.,-1.,0.));
#2817=DIRECTION('',(0.,0.,1.));
#2818=DIRECTION('',(0.,1.,0.));
#2819=DIRECTION('',(0.,0.,1.));
#2820=DIRECTION('',(-1.,0.,0.));
#2821=DIRECTION('',(0.,0.,1.));
#2822=DIRECTION('',(-1.,0.,0.));
#2823=DIRECTION('',(1.,0.,0.));
#2824=DIRECTION('',(0.,0.,-1.));
#2825=DIRECTION('',(0.,1.,0.));
#2826=DIRECTION('',(0.,0.,1.));
#2827=DIRECTION('',(0.,1.,0.));
#2828=DIRECTION('',(0.,-1.,0.));
#2829=DIRECTION('',(0.,0.,-1.));
#2830=DIRECTION('',(1.,0.,0.));
#2831=DIRECTION('',(0.,0.,1.));
#2832=DIRECTION('',(1.,0.,0.));
#2833=DIRECTION('',(1.,0.,0.));
#2834=DIRECTION('',(0.,0.,-1.));
#2835=DIRECTION('',(0.,1.,0.));
#2836=DIRECTION('',(0.,0.,1.));
#2837=DIRECTION('',(0.,1.,0.));
#2838=DIRECTION('',(0.,1.,0.));
#2839=DIRECTION('',(0.,0.,1.));
#2840=DIRECTION('',(-1.,0.,0.));
#2841=DIRECTION('',(0.,0.,1.));
#2842=DIRECTION('',(-1.,0.,0.));
#2843=DIRECTION('',(1.,0.,0.));
#2844=DIRECTION('',(0.,0.,-1.));
#2845=DIRECTION('',(0.,1.,0.));
#2846=DIRECTION('',(0.,0.,1.));
#2847=DIRECTION('',(0.,1.,0.));
#2848=DIRECTION('',(0.,-1.,0.));
#2849=DIRECTION('',(0.,0.,-1.));
#2850=DIRECTION('',(1.,0.,0.));
#2851=DIRECTION('',(0.,0.,1.));
#2852=DIRECTION('',(1.,0.,0.));
#2853=DIRECTION('',(1.,0.,0.));
#2854=DIRECTION('',(0.,0.,-1.));
#2855=DIRECTION('',(0.,1.,0.));
#2856=DIRECTION('',(0.,0.,1.));
#2857=DIRECTION('',(0.,1.,0.));
#2858=DIRECTION('',(0.,1.,0.));
#2859=DIRECTION('',(0.,0.,1.));
#2860=DIRECTION('',(-1.,0.,0.));
#2861=DIRECTION('',(0.,0.,1.));
#2862=DIRECTION('',(-1.,0.,0.));
#2863=DIRECTION('',(1.,0.,0.));
#2864=DIRECTION('',(0.,0.,-1.));
#2865=DIRECTION('',(0.,1.,0.));
#2866=DIRECTION('',(0.,0.,1.));
#2867=DIRECTION('',(0.,1.,0.));
#2868=DIRECTION('',(0.,-1.,0.));
#2869=DIRECTION('',(0.,0.,-1.));
#2870=DIRECTION('',(1.,0.,0.));
#2871=DIRECTION('',(1.,0.,0.));
#2872=DIRECTION('',(0.,0.,-1.));
#2873=DIRECTION('',(1.,0.,0.));
#2874=DIRECTION('',(0.,0.,-1.));
#2875=DIRECTION('',(1.,0.,0.));
#2876=DIRECTION('',(0.,0.,1.));
#2877=DIRECTION('',(1.,0.,0.));
#2878=DIRECTION('',(0.,0.,1.));
#2879=DIRECTION('',(0.,0.,1.));
#2880=DIRECTION('',(0.,0.,1.));
#2881=DIRECTION('',(0.,0.,1.));
#2882=DIRECTION('',(0.,0.,1.));
#2883=DIRECTION('',(1.,0.,0.));
#2884=DIRECTION('',(0.,0.,-1.));
#2885=DIRECTION('',(0.,1.,0.));
#2886=DIRECTION('',(0.,0.,1.));
#2887=DIRECTION('',(0.,1.,0.));
#2888=DIRECTION('',(0.,-1.,0.));
#2889=DIRECTION('',(0.,0.,-1.));
#2890=DIRECTION('',(1.,0.,0.));
#2891=DIRECTION('',(0.,0.,1.));
#2892=DIRECTION('',(1.,0.,0.));
#2893=DIRECTION('',(-1.,0.,0.));
#2894=DIRECTION('',(0.,0.,1.));
#2895=DIRECTION('',(0.,-1.,0.));
#2896=DIRECTION('',(0.,0.,1.));
#2897=DIRECTION('',(0.,-1.,0.));
#2898=DIRECTION('',(0.,0.,1.));
#2899=DIRECTION('',(0.,0.,1.));
#2900=DIRECTION('',(0.,0.,1.));
#2901=DIRECTION('',(0.,0.,1.));
#2902=DIRECTION('',(0.,0.,1.));
#2903=DIRECTION('',(0.,0.,1.));
#2904=DIRECTION('',(1.,0.,0.));
#2905=DIRECTION('',(0.,0.,-1.));
#2906=DIRECTION('',(0.,1.,0.));
#2907=DIRECTION('',(0.,0.,1.));
#2908=DIRECTION('',(0.,1.,0.));
#2909=DIRECTION('',(0.,-1.,0.));
#2910=DIRECTION('',(0.,0.,-1.));
#2911=DIRECTION('',(1.,0.,0.));
#2912=DIRECTION('',(0.,0.,1.));
#2913=DIRECTION('',(1.,0.,0.));
#2914=DIRECTION('',(-1.,0.,0.));
#2915=DIRECTION('',(0.,0.,1.));
#2916=DIRECTION('',(0.,-1.,0.));
#2917=DIRECTION('',(0.,0.,1.));
#2918=DIRECTION('',(0.,-1.,0.));
#2919=DIRECTION('',(0.,0.,1.));
#2920=DIRECTION('',(0.,0.,-1.));
#2921=DIRECTION('',(1.,0.,0.));
#2922=DIRECTION('',(0.,0.,-1.));
#2923=DIRECTION('',(1.,0.,0.));
#2924=DIRECTION('',(0.,0.,1.));
#2925=DIRECTION('',(1.,0.,0.));
#2926=DIRECTION('',(0.,-1.,0.));
#2927=DIRECTION('',(0.,0.,-1.));
#2928=DIRECTION('',(1.,0.,0.));
#2929=DIRECTION('',(0.,0.,1.));
#2930=DIRECTION('',(1.,0.,0.));
#2931=DIRECTION('',(0.,0.,1.));
#2932=DIRECTION('',(1.,0.,0.));
#2933=DIRECTION('',(0.,0.,-1.));
#2934=DIRECTION('',(0.,1.,0.));
#2935=DIRECTION('',(0.,0.,1.));
#2936=DIRECTION('',(0.,1.,0.));
#2937=DIRECTION('',(0.,1.,0.));
#2938=DIRECTION('',(0.,0.,1.));
#2939=DIRECTION('',(-1.,0.,0.));
#2940=DIRECTION('',(0.,0.,1.));
#2941=DIRECTION('',(-1.,0.,0.));
#2942=DIRECTION('',(0.,0.,1.));
#2943=DIRECTION('',(0.,0.,1.));
#2944=DIRECTION('',(0.,0.,1.));
#2945=DIRECTION('',(0.,0.,1.));
#2946=DIRECTION('',(0.,0.,1.));
#2947=DIRECTION('',(0.693694116768616,0.72026972195186,0.));
#2948=DIRECTION('',(0.,0.,1.));
#2949=DIRECTION('',(1.,0.,0.));
#2950=DIRECTION('',(0.,0.,1.));
#2951=DIRECTION('',(0.,0.,1.));
#2952=DIRECTION('',(1.,0.,0.));
#2953=DIRECTION('',(-1.,0.,0.));
#2954=DIRECTION('',(0.,0.,1.));
#2955=DIRECTION('',(0.,-1.,0.));
#2956=DIRECTION('',(0.,0.,1.));
#2957=DIRECTION('',(0.,-1.,0.));
#2958=DIRECTION('',(0.,0.,1.));
#2959=DIRECTION('',(0.,1.,0.));
#2960=DIRECTION('',(0.,0.,1.));
#2961=DIRECTION('',(-1.,0.,0.));
#2962=DIRECTION('',(0.,0.,1.));
#2963=DIRECTION('',(-1.,0.,0.));
#2964=DIRECTION('',(1.,0.,0.));
#2965=DIRECTION('',(0.,0.,-1.));
#2966=DIRECTION('',(0.,1.,0.));
#2967=DIRECTION('',(0.,0.,1.));
#2968=DIRECTION('',(0.,1.,0.));
#2969=DIRECTION('',(0.,1.,0.));
#2970=DIRECTION('',(0.,0.,1.));
#2971=DIRECTION('',(-1.,0.,0.));
#2972=DIRECTION('',(0.,0.,1.));
#2973=DIRECTION('',(-1.,0.,0.));
#2974=DIRECTION('',(0.,0.,1.));
#2975=DIRECTION('',(0.,0.,1.));
#2976=DIRECTION('',(0.,0.,1.));
#2977=DIRECTION('',(0.,0.,1.));
#2978=DIRECTION('',(0.,0.,1.));
#2979=DIRECTION('',(0.,0.,1.));
#2980=DIRECTION('',(0.,-1.,0.));
#2981=DIRECTION('',(0.,0.,-1.));
#2982=DIRECTION('',(1.,0.,0.));
#2983=DIRECTION('',(1.,0.,0.));
#2984=DIRECTION('',(0.,0.,-1.));
#2985=DIRECTION('',(1.,0.,0.));
#2986=DIRECTION('',(0.,0.,-1.));
#2987=DIRECTION('',(1.,0.,0.));
#2988=CARTESIAN_POINT('',(0.,0.,0.));
#2989=CARTESIAN_POINT('',(-0.0130693523121105,-0.0316308756591752,0.003));
#2990=CARTESIAN_POINT('',(-0.0130693523121105,-0.0316308756591752,0.0035));
#2991=CARTESIAN_POINT('',(-0.0130693523121105,-0.0238813105970621,0.0035));
#2992=CARTESIAN_POINT('',(-0.0130693523121105,-0.0393804407212884,0.0035));
#2993=CARTESIAN_POINT('',(-0.0130693523121105,-0.0238813105970621,0.003));
#2994=CARTESIAN_POINT('',(-0.0130693523121105,-0.0238813105970621,0.003));
#2995=CARTESIAN_POINT('',(-0.0130693523121105,-0.0316308756591752,0.003));
#2996=CARTESIAN_POINT('',(-0.0130693523121105,-0.0393804407212884,0.003));
#2997=CARTESIAN_POINT('',(-0.0130693523121105,-0.0393804407212884,0.003));
#2998=CARTESIAN_POINT('',(-0.0119885391292579,-0.0238813105970621,0.003));
#2999=CARTESIAN_POINT('',(-0.0119885391292579,-0.0238813105970621,0.0035));
#3000=CARTESIAN_POINT('',(-0.0109077259464054,-0.0238813105970621,0.0035));
#3001=CARTESIAN_POINT('',(-0.0109077259464054,-0.0238813105970621,0.003));
#3002=CARTESIAN_POINT('',(-0.0109077259464054,-0.0238813105970621,0.003));
#3003=CARTESIAN_POINT('',(-0.0119885391292579,-0.0238813105970621,0.003));
#3004=CARTESIAN_POINT('',(-0.0109077259464054,-0.0266169788192201,0.003));
#3005=CARTESIAN_POINT('',(-0.0109077259464054,-0.0266169788192201,0.0035));
#3006=CARTESIAN_POINT('',(-0.0109077259464054,-0.0293526470413781,0.0035));
#3007=CARTESIAN_POINT('',(-0.0109077259464054,-0.0293526470413781,0.003));
#3008=CARTESIAN_POINT('',(-0.0109077259464054,-0.0293526470413781,0.003));
#3009=CARTESIAN_POINT('',(-0.0109077259464054,-0.0266169788192201,0.003));
#3010=CARTESIAN_POINT('',(-0.0104099240240127,-0.0302525772434213,0.003));
#3011=CARTESIAN_POINT('',(-0.0104099240240127,-0.0302525772434213,0.0035));
#3012=CARTESIAN_POINT('',(-0.00991212210162,-0.0311525074454646,0.0035));
#3013=CARTESIAN_POINT('',(-0.00991212210162,-0.0311525074454646,0.003));
#3014=CARTESIAN_POINT('',(-0.00991212210162,-0.0311525074454646,0.003));
#3015=CARTESIAN_POINT('',(-0.0104099240240127,-0.0302525772434213,0.003));
#3016=CARTESIAN_POINT('',(-0.00842918063911687,-0.0275169090212633,0.003));
#3017=CARTESIAN_POINT('',(-0.00842918063911687,-0.0275169090212633,0.0035));
#3018=CARTESIAN_POINT('',(-0.00694623917661375,-0.0238813105970621,0.0035));
#3019=CARTESIAN_POINT('',(-0.00694623917661375,-0.0238813105970621,0.003));
#3020=CARTESIAN_POINT('',(-0.00694623917661375,-0.0238813105970621,0.003));
#3021=CARTESIAN_POINT('',(-0.00842918063911687,-0.0275169090212633,0.003));
#3022=CARTESIAN_POINT('',(-0.00589382910645024,-0.0238813105970621,0.003));
#3023=CARTESIAN_POINT('',(-0.00589382910645024,-0.0238813105970621,0.0035));
#3024=CARTESIAN_POINT('',(-0.00484141903628673,-0.0238813105970621,0.0035));
#3025=CARTESIAN_POINT('',(-0.00484141903628673,-0.0238813105970621,0.003));
#3026=CARTESIAN_POINT('',(-0.00484141903628673,-0.0238813105970621,0.003));
#3027=CARTESIAN_POINT('',(-0.00589382910645024,-0.0238813105970621,0.003));
#3028=CARTESIAN_POINT('',(-0.00662035083102334,-0.0282150276331474,0.003));
#3029=CARTESIAN_POINT('',(-0.00662035083102334,-0.0282150276331474,0.0035));
#3030=CARTESIAN_POINT('',(-0.00839928262575996,-0.0325487446692326,0.0035));
#3031=CARTESIAN_POINT('',(-0.00839928262575996,-0.0325487446692326,0.003));
#3032=CARTESIAN_POINT('',(-0.00839928262575996,-0.0325487446692326,0.003));
#3033=CARTESIAN_POINT('',(-0.00662035083102334,-0.0282150276331474,0.003));
#3034=CARTESIAN_POINT('',(-0.00686850434188576,-0.0359645926952604,0.003));
#3035=CARTESIAN_POINT('',(-0.00686850434188576,-0.0359645926952604,0.0035));
#3036=CARTESIAN_POINT('',(-0.00533772605801157,-0.0393804407212883,0.0035));
#3037=CARTESIAN_POINT('',(-0.00533772605801157,-0.0393804407212883,0.003));
#3038=CARTESIAN_POINT('',(-0.00533772605801157,-0.0393804407212883,0.003));
#3039=CARTESIAN_POINT('',(-0.00686850434188576,-0.0359645926952604,0.003));
#3040=CARTESIAN_POINT('',(-0.00634229930680401,-0.0393804407212884,0.003));
#3041=CARTESIAN_POINT('',(-0.00634229930680401,-0.0393804407212884,0.0035));
#3042=CARTESIAN_POINT('',(-0.00734687255559645,-0.0393804407212884,0.0035));
#3043=CARTESIAN_POINT('',(-0.00734687255559645,-0.0393804407212884,0.003));
#3044=CARTESIAN_POINT('',(-0.00734687255559645,-0.0393804407212884,0.003));
#3045=CARTESIAN_POINT('',(-0.00634229930680401,-0.0393804407212884,0.003));
#3046=CARTESIAN_POINT('',(-0.0091272992510009,-0.0357254085884051,0.003));
#3047=CARTESIAN_POINT('',(-0.0091272992510009,-0.0357254085884051,0.0035));
#3048=CARTESIAN_POINT('',(-0.0109077259464054,-0.0320703764555219,0.0035));
#3049=CARTESIAN_POINT('',(-0.0109077259464054,-0.0320703764555219,0.003));
#3050=CARTESIAN_POINT('',(-0.0109077259464054,-0.0320703764555219,0.003));
#3051=CARTESIAN_POINT('',(-0.0091272992510009,-0.0357254085884051,0.003));
#3052=CARTESIAN_POINT('',(-0.0109077259464054,-0.0357254085884051,0.003));
#3053=CARTESIAN_POINT('',(-0.0109077259464054,-0.0357254085884051,0.0035));
#3054=CARTESIAN_POINT('',(-0.0109077259464054,-0.0393804407212884,0.0035));
#3055=CARTESIAN_POINT('',(-0.0109077259464054,-0.0393804407212884,0.003));
#3056=CARTESIAN_POINT('',(-0.0109077259464054,-0.0393804407212884,0.003));
#3057=CARTESIAN_POINT('',(-0.0109077259464054,-0.0357254085884051,0.003));
#3058=CARTESIAN_POINT('',(-0.0119885391292579,-0.0393804407212884,0.003));
#3059=CARTESIAN_POINT('',(-0.0119885391292579,-0.0393804407212884,0.0035));
#3060=CARTESIAN_POINT('',(-0.0119885391292579,-0.0393804407212884,0.003));
#3061=CARTESIAN_POINT('',(-3.50921171154636E-5,-0.00863626452086404,0.003));
#3062=CARTESIAN_POINT('',(-3.50921171154636E-5,-0.00863626452086404,0.0035));
#3063=CARTESIAN_POINT('',(0.,0.,0.));
#3064=CARTESIAN_POINT('',(-0.0567850921171155,-0.00863626452086404,0.0065));
#3065=CARTESIAN_POINT('',(-0.0567850921171155,0.0343294904274997,0.0065));
#3066=CARTESIAN_POINT('',(-0.0567850921171155,0.0343294904274997,0.0065));
#3067=CARTESIAN_POINT('',(-0.0567850921171155,0.0343294904274997,0.0045));
#3068=CARTESIAN_POINT('',(-0.0567850921171155,-0.0516020194692278,0.0045));
#3069=CARTESIAN_POINT('',(-0.0567850921171155,-0.0516020194692278,0.0045));
#3070=CARTESIAN_POINT('',(-0.0567850921171155,-0.0516020194692278,0.0065));
#3071=CARTESIAN_POINT('',(-0.0567850921171155,-0.0516020194692278,0.0065));
#3072=CARTESIAN_POINT('',(-0.0567850921171155,-0.00863626452086404,0.0065));
#3073=CARTESIAN_POINT('',(-3.50921171154705E-5,0.0343294904274997,0.0065));
#3074=CARTESIAN_POINT('',(0.0567149078828846,0.0343294904274997,0.0065));
#3075=CARTESIAN_POINT('',(0.0567149078828846,0.0343294904274997,0.0065));
#3076=CARTESIAN_POINT('',(0.0567149078828846,0.0343294904274997,0.0045));
#3077=CARTESIAN_POINT('',(-3.50921171154705E-5,0.0343294904274997,0.0045));
#3078=CARTESIAN_POINT('',(-3.50921171154705E-5,0.0343294904274997,0.0065));
#3079=CARTESIAN_POINT('',(0.0567149078828846,-0.00863626452086404,0.0065));
#3080=CARTESIAN_POINT('',(0.0567149078828846,-0.0516020194692278,0.0065));
#3081=CARTESIAN_POINT('',(0.0567149078828846,-0.0516020194692278,0.0065));
#3082=CARTESIAN_POINT('',(0.0567149078828846,-0.0516020194692278,0.0045));
#3083=CARTESIAN_POINT('',(0.0567149078828846,-0.00863626452086404,0.0045));
#3084=CARTESIAN_POINT('',(0.0567149078828846,-0.00863626452086404,0.0065));
#3085=CARTESIAN_POINT('',(-0.0388650921171154,-0.0029372110479009,0.0065));
#3086=CARTESIAN_POINT('',(-0.0388650921171154,-0.012392402626574,0.0065));
#3087=CARTESIAN_POINT('',(-0.0388650921171154,-0.012392402626574,0.0065));
#3088=CARTESIAN_POINT('',(-0.0388650921171154,-0.012392402626574,0.0045));
#3089=CARTESIAN_POINT('',(-0.0388650921171154,0.00651798053077224,0.0045));
#3090=CARTESIAN_POINT('',(-0.0388650921171154,0.00651798053077224,0.0045));
#3091=CARTESIAN_POINT('',(-0.0388650921171154,0.00651798053077224,0.0065));
#3092=CARTESIAN_POINT('',(-0.0388650921171154,0.00651798053077224,0.0065));
#3093=CARTESIAN_POINT('',(-0.0388650921171154,-0.0029372110479009,0.0065));
#3094=CARTESIAN_POINT('',(-0.000705092117115454,-0.012392402626574,0.0065));
#3095=CARTESIAN_POINT('',(0.0374549078828846,-0.0123924026265741,0.0065));
#3096=CARTESIAN_POINT('',(0.0374549078828846,-0.0123924026265741,0.0065));
#3097=CARTESIAN_POINT('',(0.0374549078828846,-0.0123924026265741,0.0045));
#3098=CARTESIAN_POINT('',(-0.000705092117115454,-0.012392402626574,0.0045));
#3099=CARTESIAN_POINT('',(-0.000705092117115454,-0.012392402626574,0.0065));
#3100=CARTESIAN_POINT('',(0.0374549078828846,-0.00293721104790092,0.0065));
#3101=CARTESIAN_POINT('',(0.0374549078828846,0.00651798053077222,0.0065));
#3102=CARTESIAN_POINT('',(0.0374549078828846,0.00651798053077222,0.0065));
#3103=CARTESIAN_POINT('',(0.0374549078828846,0.00651798053077222,0.0045));
#3104=CARTESIAN_POINT('',(0.0374549078828846,-0.00293721104790092,0.0045));
#3105=CARTESIAN_POINT('',(0.0374549078828846,-0.00293721104790092,0.0065));
#3106=CARTESIAN_POINT('',(-0.000705092117115454,0.00651798053077224,0.0065));
#3107=CARTESIAN_POINT('',(0.0374549078828846,0.00651798053077223,0.0045));
#3108=CARTESIAN_POINT('',(-0.000705092117115454,0.00651798053077224,0.0065));
#3109=CARTESIAN_POINT('',(0.0525375302868411,0.0313769808038671,0.0065));
#3110=CARTESIAN_POINT('',(0.0525375302868411,0.0313769808038671,0.0045));
#3111=CARTESIAN_POINT('',(0.0509375302868411,0.0313769808038671,0.0045));
#3112=CARTESIAN_POINT('',(0.0525375302868411,0.0313769808038671,0.0065));
#3113=CARTESIAN_POINT('',(0.0509375302868411,0.0313769808038671,0.0065));
#3114=CARTESIAN_POINT('',(-0.0531753580674673,0.0313769808038671,0.0065));
#3115=CARTESIAN_POINT('',(-0.0531753580674673,0.0313769808038671,0.0045));
#3116=CARTESIAN_POINT('',(-0.0547753580674673,0.0313769808038671,0.0045));
#3117=CARTESIAN_POINT('',(-0.0531753580674673,0.0313769808038671,0.0065));
#3118=CARTESIAN_POINT('',(-0.0547753580674673,0.0313769808038671,0.0065));
#3119=CARTESIAN_POINT('',(0.0525375302868411,-0.0436020194692278,0.0065));
#3120=CARTESIAN_POINT('',(0.0525375302868411,-0.0436020194692278,0.0045));
#3121=CARTESIAN_POINT('',(0.0509375302868411,-0.0436020194692278,0.0045));
#3122=CARTESIAN_POINT('',(0.0525375302868411,-0.0436020194692278,0.0065));
#3123=CARTESIAN_POINT('',(0.0509375302868411,-0.0436020194692278,0.0065));
#3124=CARTESIAN_POINT('',(-0.0531753580674673,-0.0436020194692278,0.0065));
#3125=CARTESIAN_POINT('',(-0.0531753580674673,-0.0436020194692278,0.0045));
#3126=CARTESIAN_POINT('',(-0.0547753580674673,-0.0436020194692278,0.0045));
#3127=CARTESIAN_POINT('',(-0.0531753580674673,-0.0436020194692278,0.0065));
#3128=CARTESIAN_POINT('',(-0.0547753580674673,-0.0436020194692278,0.0065));
#3129=CARTESIAN_POINT('',(-3.50921171154567E-5,-0.0516020194692278,0.0065));
#3130=CARTESIAN_POINT('',(0.0567149078828846,-0.0516020194692278,0.0045));
#3131=CARTESIAN_POINT('',(-3.50921171154567E-5,-0.0516020194692278,0.0065));
#3132=CARTESIAN_POINT('',(-3.50921171154636E-5,-0.00863626452086404,0.0065));
#3133=CARTESIAN_POINT('',(-3.50921171154636E-5,-0.00863626452086404,0.0035));
#3134=CARTESIAN_POINT('',(0.0384549078828846,-0.00863626452086404,0.0035));
#3135=CARTESIAN_POINT('',(0.0384549078828846,-0.0133924026265741,0.0035));
#3136=CARTESIAN_POINT('',(0.0384549078828846,0.00751798053077223,0.0035));
#3137=CARTESIAN_POINT('',(-0.0388650921171154,0.00751798053077224,0.0035));
#3138=CARTESIAN_POINT('',(-0.0398650921171154,0.00751798053077224,0.0035));
#3139=CARTESIAN_POINT('',(-0.0398650921171154,-0.012392402626574,0.0035));
#3140=CARTESIAN_POINT('',(-0.0398650921171154,-0.013392402626574,0.0035));
#3141=CARTESIAN_POINT('',(-3.50921171154645E-5,-0.013392402626574,0.0035));
#3142=CARTESIAN_POINT('',(0.0525375302868411,-0.0436020194692278,0.0035));
#3143=CARTESIAN_POINT('',(0.0499375302868411,-0.0436020194692278,0.0035));
#3144=CARTESIAN_POINT('',(-0.0531753580674673,-0.0436020194692278,0.0035));
#3145=CARTESIAN_POINT('',(-0.0557753580674673,-0.0436020194692278,0.0035));
#3146=CARTESIAN_POINT('',(-0.0531753580674673,0.0313769808038671,0.0035));
#3147=CARTESIAN_POINT('',(-0.0548922465815013,0.0333294904274997,0.0035));
#3148=CARTESIAN_POINT('',(-0.0514584695534333,0.0333294904274997,0.0035));
#3149=CARTESIAN_POINT('',(-3.50921171154636E-5,0.0333294904274997,0.0035));
#3150=CARTESIAN_POINT('',(0.0508206417728071,0.0333294904274997,0.0035));
#3151=CARTESIAN_POINT('',(0.0525375302868411,0.0313769808038671,0.0035));
#3152=CARTESIAN_POINT('',(0.0542544188008751,0.0333294904274997,0.0035));
#3153=CARTESIAN_POINT('',(-3.50921171154636E-5,0.0333294904274997,0.0035));
#3154=CARTESIAN_POINT('',(0.0557149078828845,0.0333294904274997,0.0035));
#3155=CARTESIAN_POINT('',(0.0557149078828845,-0.00863626452086404,0.0035));
#3156=CARTESIAN_POINT('',(0.0557149078828845,-0.0506020194692278,0.0035));
#3157=CARTESIAN_POINT('',(-0.0567850921171155,-0.0506020194692278,0.0035));
#3158=CARTESIAN_POINT('',(-0.0557850921171155,-0.0506020194692278,0.0035));
#3159=CARTESIAN_POINT('',(-0.0557850921171155,0.0343294904274997,0.0035));
#3160=CARTESIAN_POINT('',(-0.0557850921171155,0.0333294904274997,0.0035));
#3161=CARTESIAN_POINT('',(-3.50921171154636E-5,0.0333294904274997,0.0035));
#3162=CARTESIAN_POINT('',(-0.0398650921171154,-0.0029372110479009,0.0045));
#3163=CARTESIAN_POINT('',(-0.0398650921171154,0.00751798053077224,0.0045));
#3164=CARTESIAN_POINT('',(-0.0398650921171154,-0.013392402626574,0.0045));
#3165=CARTESIAN_POINT('',(-3.50921171154645E-5,-0.013392402626574,0.0045));
#3166=CARTESIAN_POINT('',(0.0384549078828846,-0.0133924026265741,0.0045));
#3167=CARTESIAN_POINT('',(-0.000705092117115453,0.00751798053077224,0.0045));
#3168=CARTESIAN_POINT('',(0.0384549078828846,0.00751798053077223,0.0045));
#3169=CARTESIAN_POINT('',(0.0384549078828846,-0.00863626452086404,0.0045));
#3170=CARTESIAN_POINT('',(-3.50921171154567E-5,-0.0506020194692278,0.0045));
#3171=CARTESIAN_POINT('',(-0.0557850921171155,-0.0506020194692278,0.0045));
#3172=CARTESIAN_POINT('',(0.0557149078828845,-0.0506020194692278,0.0045));
#3173=CARTESIAN_POINT('',(0.0557149078828845,-0.00863626452086404,0.0045));
#3174=CARTESIAN_POINT('',(0.0557149078828845,0.0333294904274997,0.0045));
#3175=CARTESIAN_POINT('',(-0.0557850921171155,-0.00863626452086404,0.0045));
#3176=CARTESIAN_POINT('',(-0.0557850921171155,0.0333294904274997,0.0045));
#3177=CARTESIAN_POINT('',(-0.0531753580674673,0.0313769808038671,0.0045));
#3178=CARTESIAN_POINT('',(-0.0548922465815013,0.0333294904274997,0.0035));
#3179=CARTESIAN_POINT('',(-0.0543465315292088,0.0335348594268819,0.0035));
#3180=CARTESIAN_POINT('',(-0.0531735354991015,0.0337716116220715,0.0036077113199256));
#3181=CARTESIAN_POINT('',(-0.0520041846057258,0.0335348594268819,0.0035));
#3182=CARTESIAN_POINT('',(-0.0514584695534333,0.0333294904274997,0.0035));
#3183=CARTESIAN_POINT('',(-3.50921171154636E-5,0.0333294904274997,0.0045));
#3184=CARTESIAN_POINT('',(0.0508206417728071,0.0333294904274997,0.0035));
#3185=CARTESIAN_POINT('',(0.0513671327340649,0.0335351514247792,0.0035));
#3186=CARTESIAN_POINT('',(0.0525443605160935,0.0337713172447008,0.00360771050573509));
#3187=CARTESIAN_POINT('',(0.0537079278396185,0.0335351514247824,0.0035));
#3188=CARTESIAN_POINT('',(0.0542544188008751,0.0333294904274997,0.0035));
#3189=CARTESIAN_POINT('',(0.0525375302868411,0.0313769808038671,0.0045));
#3190=CARTESIAN_POINT('',(0.0525375302868411,-0.0436020194692278,0.0045));
#3191=CARTESIAN_POINT('',(-0.0531753580674673,-0.0436020194692278,0.0045));
#3192=CARTESIAN_POINT('',(0.,0.,0.));
#3193=CARTESIAN_POINT('',(-0.0356886943172867,-0.0316308756591752,0.003));
#3194=CARTESIAN_POINT('',(-0.0356886943172867,-0.0316308756591752,0.0035));
#3195=CARTESIAN_POINT('',(-0.034425503252957,-0.0238813105970621,0.0035));
#3196=CARTESIAN_POINT('',(-0.0369518853816165,-0.0393804407212884,0.0035));
#3197=CARTESIAN_POINT('',(-0.034425503252957,-0.0238813105970621,0.003));
#3198=CARTESIAN_POINT('',(-0.034425503252957,-0.0238813105970621,0.003));
#3199=CARTESIAN_POINT('',(-0.0356886943172867,-0.0316308756591752,0.003));
#3200=CARTESIAN_POINT('',(-0.0369518853816165,-0.0393804407212884,0.003));
#3201=CARTESIAN_POINT('',(-0.0369518853816165,-0.0393804407212884,0.003));
#3202=CARTESIAN_POINT('',(-0.0336018129849738,-0.0238813105970621,0.003));
#3203=CARTESIAN_POINT('',(-0.0336018129849738,-0.0238813105970621,0.0035));
#3204=CARTESIAN_POINT('',(-0.0327781227169908,-0.0238813105970621,0.0035));
#3205=CARTESIAN_POINT('',(-0.0327781227169908,-0.0238813105970621,0.003));
#3206=CARTESIAN_POINT('',(-0.0327781227169908,-0.0238813105970621,0.003));
#3207=CARTESIAN_POINT('',(-0.0336018129849738,-0.0238813105970621,0.003));
#3208=CARTESIAN_POINT('',(-0.0316883401301311,-0.0296217291615904,0.003));
#3209=CARTESIAN_POINT('',(-0.0316883401301311,-0.0296217291615904,0.0035));
#3210=CARTESIAN_POINT('',(-0.0305985575432715,-0.0353621477261186,0.0035));
#3211=CARTESIAN_POINT('',(-0.0305985575432715,-0.0353621477261186,0.003));
#3212=CARTESIAN_POINT('',(-0.0305985575432715,-0.0353621477261186,0.003));
#3213=CARTESIAN_POINT('',(-0.0316883401301311,-0.0296217291615904,0.003));
#3214=CARTESIAN_POINT('',(-0.0295177443604189,-0.0296217291615904,0.003));
#3215=CARTESIAN_POINT('',(-0.0295177443604189,-0.0296217291615904,0.0035));
#3216=CARTESIAN_POINT('',(-0.0284369311775663,-0.0238813105970621,0.0035));
#3217=CARTESIAN_POINT('',(-0.0284369311775663,-0.0238813105970621,0.003));
#3218=CARTESIAN_POINT('',(-0.0284369311775663,-0.0238813105970621,0.003));
#3219=CARTESIAN_POINT('',(-0.0295177443604189,-0.0296217291615904,0.003));
#3220=CARTESIAN_POINT('',(-0.0276521083269472,-0.0238813105970621,0.003));
#3221=CARTESIAN_POINT('',(-0.0276521083269472,-0.0238813105970621,0.0035));
#3222=CARTESIAN_POINT('',(-0.0268672854763281,-0.0238813105970621,0.0035));
#3223=CARTESIAN_POINT('',(-0.0268672854763281,-0.0238813105970621,0.003));
#3224=CARTESIAN_POINT('',(-0.0268672854763281,-0.0238813105970621,0.003));
#3225=CARTESIAN_POINT('',(-0.0276521083269472,-0.0238813105970621,0.003));
#3226=CARTESIAN_POINT('',(-0.0256235281206804,-0.0316308756591752,0.003));
#3227=CARTESIAN_POINT('',(-0.0256235281206804,-0.0316308756591752,0.0035));
#3228=CARTESIAN_POINT('',(-0.0243797707650325,-0.0393804407212884,0.0035));
#3229=CARTESIAN_POINT('',(-0.0243797707650325,-0.0393804407212884,0.003));
#3230=CARTESIAN_POINT('',(-0.0243797707650325,-0.0393804407212884,0.003));
#3231=CARTESIAN_POINT('',(-0.0256235281206804,-0.0316308756591752,0.003));
#3232=CARTESIAN_POINT('',(-0.0252602672583938,-0.0393804407212884,0.003));
#3233=CARTESIAN_POINT('',(-0.0252602672583938,-0.0393804407212884,0.0035));
#3234=CARTESIAN_POINT('',(-0.026140763751755,-0.0393804407212884,0.0035));
#3235=CARTESIAN_POINT('',(-0.026140763751755,-0.0393804407212884,0.003));
#3236=CARTESIAN_POINT('',(-0.026140763751755,-0.0393804407212884,0.003));
#3237=CARTESIAN_POINT('',(-0.0252602672583938,-0.0393804407212884,0.003));
#3238=CARTESIAN_POINT('',(-0.0269539897150631,-0.0337835326208733,0.003));
#3239=CARTESIAN_POINT('',(-0.0269539897150631,-0.0337835326208733,0.0035));
#3240=CARTESIAN_POINT('',(-0.0277672156783714,-0.0281866245204583,0.0035));
#3241=CARTESIAN_POINT('',(-0.0277672156783714,-0.0281866245204583,0.003));
#3242=CARTESIAN_POINT('',(-0.0277672156783714,-0.0281866245204583,0.003));
#3243=CARTESIAN_POINT('',(-0.0269539897150631,-0.0337835326208733,0.003));
#3244=CARTESIAN_POINT('',(-0.0288196257485349,-0.0337551295081843,0.003));
#3245=CARTESIAN_POINT('',(-0.0288196257485349,-0.0337551295081843,0.0035));
#3246=CARTESIAN_POINT('',(-0.0298720358186983,-0.0393236344959101,0.0035));
#3247=CARTESIAN_POINT('',(-0.0298720358186983,-0.0393236344959101,0.003));
#3248=CARTESIAN_POINT('',(-0.0298720358186983,-0.0393236344959101,0.003));
#3249=CARTESIAN_POINT('',(-0.0288196257485349,-0.0337551295081843,0.003));
#3250=CARTESIAN_POINT('',(-0.0306374249606355,-0.0393236344959102,0.003));
#3251=CARTESIAN_POINT('',(-0.0306374249606355,-0.0393236344959102,0.0035));
#3252=CARTESIAN_POINT('',(-0.0314028141025726,-0.0393236344959102,0.0035));
#3253=CARTESIAN_POINT('',(-0.0314028141025726,-0.0393236344959102,0.003));
#3254=CARTESIAN_POINT('',(-0.0314028141025726,-0.0393236344959102,0.003));
#3255=CARTESIAN_POINT('',(-0.0306374249606355,-0.0393236344959102,0.003));
#3256=CARTESIAN_POINT('',(-0.0324447598680611,-0.0337835326208733,0.003));
#3257=CARTESIAN_POINT('',(-0.0324447598680611,-0.0337835326208733,0.0035));
#3258=CARTESIAN_POINT('',(-0.0334867056335497,-0.0282434307458364,0.0035));
#3259=CARTESIAN_POINT('',(-0.0334867056335497,-0.0282434307458364,0.003));
#3260=CARTESIAN_POINT('',(-0.0334867056335497,-0.0282434307458364,0.003));
#3261=CARTESIAN_POINT('',(-0.0324447598680611,-0.0337835326208733,0.003));
#3262=CARTESIAN_POINT('',(-0.0343193653055399,-0.0338119357335623,0.003));
#3263=CARTESIAN_POINT('',(-0.0343193653055399,-0.0338119357335623,0.0035));
#3264=CARTESIAN_POINT('',(-0.0351520249775301,-0.0393804407212884,0.0035));
#3265=CARTESIAN_POINT('',(-0.0351520249775301,-0.0393804407212884,0.003));
#3266=CARTESIAN_POINT('',(-0.0351520249775301,-0.0393804407212884,0.003));
#3267=CARTESIAN_POINT('',(-0.0343193653055399,-0.0338119357335623,0.003));
#3268=CARTESIAN_POINT('',(-0.0360519551795732,-0.0393804407212884,0.003));
#3269=CARTESIAN_POINT('',(-0.0360519551795732,-0.0393804407212884,0.0035));
#3270=CARTESIAN_POINT('',(-0.0360519551795732,-0.0393804407212884,0.003));
#3271=CARTESIAN_POINT('',(-3.50921171154636E-5,-0.00863626452086404,0.003));
#3272=CARTESIAN_POINT('',(-3.50921171154636E-5,-0.00863626452086404,0.0035));
#3273=CARTESIAN_POINT('',(0.,0.,0.));
#3274=CARTESIAN_POINT('',(-0.0189712201487661,-0.029334708233364,0.003));
#3275=CARTESIAN_POINT('',(-0.0189712201487661,-0.029334708233364,0.0035));
#3276=CARTESIAN_POINT('',(-0.0202628143257849,-0.029334708233364,0.0035));
#3277=CARTESIAN_POINT('',(-0.0176796259717473,-0.029334708233364,0.0035));
#3278=CARTESIAN_POINT('',(-0.0202628143257849,-0.029334708233364,0.003));
#3279=CARTESIAN_POINT('',(-0.0202628143257849,-0.029334708233364,0.003));
#3280=CARTESIAN_POINT('',(-0.0189712201487661,-0.029334708233364,0.003));
#3281=CARTESIAN_POINT('',(-0.0176796259717473,-0.029334708233364,0.003));
#3282=CARTESIAN_POINT('',(-0.0176796259717473,-0.029334708233364,0.003));
#3283=CARTESIAN_POINT('',(-0.0196229968399469,-0.0328267961934519,0.003));
#3284=CARTESIAN_POINT('',(-0.0196229968399469,-0.0328267961934519,0.0035));
#3285=CARTESIAN_POINT('',(-0.0189831793541088,-0.0363188841535399,0.0035));
#3286=CARTESIAN_POINT('',(-0.0189831793541088,-0.0363188841535399,0.003));
#3287=CARTESIAN_POINT('',(-0.0189831793541088,-0.0363188841535399,0.003));
#3288=CARTESIAN_POINT('',(-0.0196229968399469,-0.0328267961934519,0.003));
#3289=CARTESIAN_POINT('',(-0.0216799801589029,-0.0316308756591752,0.003));
#3290=CARTESIAN_POINT('',(-0.0216799801589029,-0.0316308756591752,0.0035));
#3291=CARTESIAN_POINT('',(-0.0233243708935334,-0.0238813105970621,0.0035));
#3292=CARTESIAN_POINT('',(-0.0200355894242724,-0.0393804407212884,0.0035));
#3293=CARTESIAN_POINT('',(-0.0233243708935334,-0.0238813105970621,0.003));
#3294=CARTESIAN_POINT('',(-0.0233243708935334,-0.0238813105970621,0.003));
#3295=CARTESIAN_POINT('',(-0.0216799801589029,-0.0316308756591752,0.003));
#3296=CARTESIAN_POINT('',(-0.0200355894242724,-0.0393804407212884,0.003));
#3297=CARTESIAN_POINT('',(-0.0200355894242724,-0.0393804407212884,0.003));
#3298=CARTESIAN_POINT('',(-0.0223108282407339,-0.0238813105970621,0.003));
#3299=CARTESIAN_POINT('',(-0.0223108282407339,-0.0238813105970621,0.0035));
#3300=CARTESIAN_POINT('',(-0.0212972855879343,-0.0238813105970621,0.0035));
#3301=CARTESIAN_POINT('',(-0.0212972855879343,-0.0238813105970621,0.003));
#3302=CARTESIAN_POINT('',(-0.0212972855879343,-0.0238813105970621,0.003));
#3303=CARTESIAN_POINT('',(-0.0223108282407339,-0.0238813105970621,0.003));
#3304=CARTESIAN_POINT('',(-0.0209235604209729,-0.0258336508692689,0.003));
#3305=CARTESIAN_POINT('',(-0.0209235604209729,-0.0258336508692689,0.0035));
#3306=CARTESIAN_POINT('',(-0.0205498352540113,-0.0277859911414756,0.0035));
#3307=CARTESIAN_POINT('',(-0.0205498352540113,-0.0277859911414756,0.003));
#3308=CARTESIAN_POINT('',(-0.0205498352540113,-0.0277859911414756,0.003));
#3309=CARTESIAN_POINT('',(-0.0209235604209729,-0.0258336508692689,0.003));
#3310=CARTESIAN_POINT('',(-0.0189712201487661,-0.0277859911414756,0.003));
#3311=CARTESIAN_POINT('',(-0.0189712201487661,-0.0277859911414756,0.0035));
#3312=CARTESIAN_POINT('',(-0.0173926050435208,-0.0277859911414756,0.0035));
#3313=CARTESIAN_POINT('',(-0.0173926050435208,-0.0277859911414756,0.003));
#3314=CARTESIAN_POINT('',(-0.0173926050435208,-0.0277859911414756,0.003));
#3315=CARTESIAN_POINT('',(-0.0189712201487661,-0.0277859911414756,0.003));
#3316=CARTESIAN_POINT('',(-0.0170398084859092,-0.0258336508692689,0.003));
#3317=CARTESIAN_POINT('',(-0.0170398084859092,-0.0258336508692689,0.0035));
#3318=CARTESIAN_POINT('',(-0.0166870119282976,-0.0238813105970621,0.0035));
#3319=CARTESIAN_POINT('',(-0.0166870119282976,-0.0238813105970621,0.003));
#3320=CARTESIAN_POINT('',(-0.0166870119282976,-0.0238813105970621,0.003));
#3321=CARTESIAN_POINT('',(-0.0170398084859092,-0.0258336508692689,0.003));
#3322=CARTESIAN_POINT('',(-0.0156630049708232,-0.0238813105970621,0.003));
#3323=CARTESIAN_POINT('',(-0.0156630049708232,-0.0238813105970621,0.0035));
#3324=CARTESIAN_POINT('',(-0.0146389980133487,-0.0238813105970621,0.0035));
#3325=CARTESIAN_POINT('',(-0.0146389980133487,-0.0238813105970621,0.003));
#3326=CARTESIAN_POINT('',(-0.0146389980133487,-0.0238813105970621,0.003));
#3327=CARTESIAN_POINT('',(-0.0156630049708232,-0.0238813105970621,0.003));
#3328=CARTESIAN_POINT('',(-0.0162938530526541,-0.0316308756591752,0.003));
#3329=CARTESIAN_POINT('',(-0.0162938530526541,-0.0316308756591752,0.0035));
#3330=CARTESIAN_POINT('',(-0.0179487080919595,-0.0393804407212884,0.0035));
#3331=CARTESIAN_POINT('',(-0.0179487080919595,-0.0393804407212884,0.003));
#3332=CARTESIAN_POINT('',(-0.0179487080919595,-0.0393804407212884,0.003));
#3333=CARTESIAN_POINT('',(-0.0162938530526541,-0.0316308756591752,0.003));
#3334=CARTESIAN_POINT('',(-0.0189921487581159,-0.0393804407212884,0.003));
#3335=CARTESIAN_POINT('',(-0.0189921487581159,-0.0393804407212884,0.0035));
#3336=CARTESIAN_POINT('',(-0.0189921487581159,-0.0393804407212884,0.003));
#3337=CARTESIAN_POINT('',(-0.018331402662928,-0.0328267961934519,0.003));
#3338=CARTESIAN_POINT('',(-0.018331402662928,-0.0328267961934519,0.0035));
#3339=CARTESIAN_POINT('',(-0.018331402662928,-0.0328267961934519,0.003));
#3340=CARTESIAN_POINT('',(-3.50921171154636E-5,-0.00863626452086404,0.003));
#3341=CARTESIAN_POINT('',(-3.50921171154636E-5,-0.00863626452086404,0.0035));
#3342=CARTESIAN_POINT('',(0.,0.,0.));
#3343=CARTESIAN_POINT('',(-0.00359766168063895,-0.0316308756591752,0.003));
#3344=CARTESIAN_POINT('',(-0.00359766168063895,-0.0316308756591752,0.0035));
#3345=CARTESIAN_POINT('',(-0.00359766168063895,-0.0238813105970621,0.0035));
#3346=CARTESIAN_POINT('',(-0.00359766168063895,-0.0393804407212884,0.0035));
#3347=CARTESIAN_POINT('',(-0.00359766168063895,-0.0238813105970621,0.003));
#3348=CARTESIAN_POINT('',(-0.00359766168063895,-0.0238813105970621,0.003));
#3349=CARTESIAN_POINT('',(-0.00359766168063895,-0.0316308756591752,0.003));
#3350=CARTESIAN_POINT('',(-0.00359766168063895,-0.0393804407212884,0.003));
#3351=CARTESIAN_POINT('',(-0.00359766168063895,-0.0393804407212884,0.003));
#3352=CARTESIAN_POINT('',(-0.000573477629586709,-0.0238813105970621,0.003));
#3353=CARTESIAN_POINT('',(-0.000573477629586709,-0.0238813105970621,0.0035));
#3354=CARTESIAN_POINT('',(0.00245070642146554,-0.0238813105970621,0.0035));
#3355=CARTESIAN_POINT('',(0.00245070642146554,-0.0238813105970621,0.003));
#3356=CARTESIAN_POINT('',(0.00245070642146554,-0.0238813105970621,0.003));
#3357=CARTESIAN_POINT('',(-0.000573477629586709,-0.0238813105970621,0.003));
#3358=CARTESIAN_POINT('',(0.00245070642146554,-0.0246556691430063,0.003));
#3359=CARTESIAN_POINT('',(0.00245070642146554,-0.0246556691430063,0.0035));
#3360=CARTESIAN_POINT('',(0.00245070642146554,-0.0254300276889504,0.0035));
#3361=CARTESIAN_POINT('',(0.00245070642146554,-0.0254300276889504,0.003));
#3362=CARTESIAN_POINT('',(0.00245070642146554,-0.0254300276889504,0.003));
#3363=CARTESIAN_POINT('',(0.00245070642146554,-0.0246556691430063,0.003));
#3364=CARTESIAN_POINT('',(0.000507335553265872,-0.0254300276889504,0.003));
#3365=CARTESIAN_POINT('',(0.000507335553265872,-0.0254300276889504,0.0035));
#3366=CARTESIAN_POINT('',(-0.00143603531493379,-0.0254300276889504,0.0035));
#3367=CARTESIAN_POINT('',(-0.00143603531493379,-0.0254300276889504,0.003));
#3368=CARTESIAN_POINT('',(-0.00143603531493379,-0.0254300276889504,0.003));
#3369=CARTESIAN_POINT('',(0.000507335553265872,-0.0254300276889504,0.003));
#3370=CARTESIAN_POINT('',(-0.00143603531493379,-0.0282718338585255,0.003));
#3371=CARTESIAN_POINT('',(-0.00143603531493379,-0.0282718338585255,0.0035));
#3372=CARTESIAN_POINT('',(-0.00143603531493379,-0.0311136400281006,0.0035));
#3373=CARTESIAN_POINT('',(-0.00143603531493379,-0.0311136400281006,0.003));
#3374=CARTESIAN_POINT('',(-0.00143603531493379,-0.0311136400281006,0.003));
#3375=CARTESIAN_POINT('',(-0.00143603531493379,-0.0282718338585255,0.003));
#3376=CARTESIAN_POINT('',(0.000124640982297322,-0.0311136400281006,0.003));
#3377=CARTESIAN_POINT('',(0.000124640982297322,-0.0311136400281006,0.0035));
#3378=CARTESIAN_POINT('',(0.00168531727952843,-0.0311136400281006,0.0035));
#3379=CARTESIAN_POINT('',(0.00168531727952843,-0.0311136400281006,0.003));
#3380=CARTESIAN_POINT('',(0.00168531727952843,-0.0311136400281006,0.003));
#3381=CARTESIAN_POINT('',(0.000124640982297322,-0.0311136400281006,0.003));
#3382=CARTESIAN_POINT('',(0.00168531727952843,-0.0318790291700376,0.003));
#3383=CARTESIAN_POINT('',(0.00168531727952843,-0.0318790291700376,0.0035));
#3384=CARTESIAN_POINT('',(0.00168531727952843,-0.0326444183119747,0.0035));
#3385=CARTESIAN_POINT('',(0.00168531727952843,-0.0326444183119747,0.003));
#3386=CARTESIAN_POINT('',(0.00168531727952843,-0.0326444183119747,0.003));
#3387=CARTESIAN_POINT('',(0.00168531727952843,-0.0318790291700376,0.003));
#3388=CARTESIAN_POINT('',(0.000124640982297322,-0.0326444183119747,0.003));
#3389=CARTESIAN_POINT('',(0.000124640982297322,-0.0326444183119747,0.0035));
#3390=CARTESIAN_POINT('',(-0.00143603531493379,-0.0326444183119747,0.0035));
#3391=CARTESIAN_POINT('',(-0.00143603531493379,-0.0326444183119747,0.003));
#3392=CARTESIAN_POINT('',(-0.00143603531493379,-0.0326444183119747,0.003));
#3393=CARTESIAN_POINT('',(0.000124640982297322,-0.0326444183119747,0.003));
#3394=CARTESIAN_POINT('',(-0.00143603531493379,-0.0352081729573305,0.003));
#3395=CARTESIAN_POINT('',(-0.00143603531493379,-0.0352081729573305,0.0035));
#3396=CARTESIAN_POINT('',(-0.00143603531493379,-0.0377719276026861,0.0035));
#3397=CARTESIAN_POINT('',(-0.00143603531493379,-0.0377719276026861,0.003));
#3398=CARTESIAN_POINT('',(-0.00143603531493379,-0.0377719276026861,0.003));
#3399=CARTESIAN_POINT('',(-0.00143603531493379,-0.0352081729573305,0.003));
#3400=CARTESIAN_POINT('',(0.000487901844583874,-0.0377719276026861,0.003));
#3401=CARTESIAN_POINT('',(0.000487901844583874,-0.0377719276026861,0.0035));
#3402=CARTESIAN_POINT('',(0.00241183900410154,-0.0377719276026861,0.0035));
#3403=CARTESIAN_POINT('',(0.00241183900410154,-0.0377719276026861,0.003));
#3404=CARTESIAN_POINT('',(0.00241183900410154,-0.0377719276026861,0.003));
#3405=CARTESIAN_POINT('',(0.000487901844583874,-0.0377719276026861,0.003));
#3406=CARTESIAN_POINT('',(0.00241183900410154,-0.0385761841619872,0.003));
#3407=CARTESIAN_POINT('',(0.00241183900410154,-0.0385761841619872,0.0035));
#3408=CARTESIAN_POINT('',(0.00241183900410154,-0.0393804407212883,0.0035));
#3409=CARTESIAN_POINT('',(0.00241183900410154,-0.0393804407212883,0.003));
#3410=CARTESIAN_POINT('',(0.00241183900410154,-0.0393804407212883,0.003));
#3411=CARTESIAN_POINT('',(0.00241183900410154,-0.0385761841619872,0.003));
#3412=CARTESIAN_POINT('',(-0.000592911338268706,-0.0393804407212884,0.003));
#3413=CARTESIAN_POINT('',(-0.000592911338268706,-0.0393804407212884,0.0035));
#3414=CARTESIAN_POINT('',(-0.000592911338268706,-0.0393804407212884,0.003));
#3415=CARTESIAN_POINT('',(-3.50921171154636E-5,-0.00863626452086404,0.003));
#3416=CARTESIAN_POINT('',(-3.50921171154636E-5,-0.00863626452086404,0.0035));
#3417=CARTESIAN_POINT('',(0.,0.,0.));
#3418=CARTESIAN_POINT('',(0.0125741737441179,-0.023707902119592,0.003));
#3419=CARTESIAN_POINT('',(0.0125741737441179,-0.023707902119592,0.0035));
#3420=CARTESIAN_POINT('',(0.0114520016427883,-0.023707902119592,0.003));
#3421=CARTESIAN_POINT('',(0.0114520016427883,-0.023707902119592,0.0035));
#3422=CARTESIAN_POINT('',(0.010590938858109,-0.0239311406193236,0.003));
#3423=CARTESIAN_POINT('',(0.010590938858109,-0.0239311406193236,0.0035));
#3424=CARTESIAN_POINT('',(0.00999098539008021,-0.0243776176187869,0.003));
#3425=CARTESIAN_POINT('',(0.00999098539008021,-0.0243776176187869,0.0035));
#3426=CARTESIAN_POINT('',(0.0125741737441179,-0.023707902119592,0.0035));
#3427=CARTESIAN_POINT('',(0.0108909155921234,-0.023707902119592,0.0035));
#3428=CARTESIAN_POINT('',(0.00999098539008021,-0.0243776176187869,0.0035));
#3429=CARTESIAN_POINT('',(0.0125741737441179,-0.023707902119592,0.0035));
#3430=CARTESIAN_POINT('',(0.00999098539008021,-0.0243776176187869,0.0035));
#3431=CARTESIAN_POINT('',(0.0125741737441179,-0.023707902119592,0.003));
#3432=CARTESIAN_POINT('',(0.0125741737441179,-0.023707902119592,0.003));
#3433=CARTESIAN_POINT('',(0.0125741737441179,-0.023707902119592,0.003));
#3434=CARTESIAN_POINT('',(0.0108909155921234,-0.023707902119592,0.003));
#3435=CARTESIAN_POINT('',(0.00999098539008021,-0.0243776176187869,0.003));
#3436=CARTESIAN_POINT('',(0.00999098539008021,-0.0243776176187869,0.003));
#3437=CARTESIAN_POINT('',(0.00999098539008021,-0.0243776176187869,0.003));
#3438=CARTESIAN_POINT('',(0.0151468977934807,-0.0243776176187869,0.003));
#3439=CARTESIAN_POINT('',(0.0151468977934807,-0.0243776176187869,0.0035));
#3440=CARTESIAN_POINT('',(0.0145539205285685,-0.0239311406193236,0.003));
#3441=CARTESIAN_POINT('',(0.0145539205285685,-0.0239311406193236,0.0035));
#3442=CARTESIAN_POINT('',(0.0136963458454476,-0.023707902119592,0.003));
#3443=CARTESIAN_POINT('',(0.0136963458454476,-0.023707902119592,0.0035));
#3444=CARTESIAN_POINT('',(0.0125741737441179,-0.023707902119592,0.003));
#3445=CARTESIAN_POINT('',(0.0125741737441179,-0.023707902119592,0.0035));
#3446=CARTESIAN_POINT('',(0.0151468977934807,-0.0243776176187869,0.0035));
#3447=CARTESIAN_POINT('',(0.0142574318961124,-0.023707902119592,0.0035));
#3448=CARTESIAN_POINT('',(0.0125741737441179,-0.023707902119592,0.0035));
#3449=CARTESIAN_POINT('',(0.0151468977934807,-0.0243776176187869,0.0035));
#3450=CARTESIAN_POINT('',(0.0151468977934807,-0.0243776176187869,0.003));
#3451=CARTESIAN_POINT('',(0.0151468977934807,-0.0243776176187869,0.003));
#3452=CARTESIAN_POINT('',(0.0151468977934807,-0.0243776176187869,0.003));
#3453=CARTESIAN_POINT('',(0.0142574318961124,-0.023707902119592,0.003));
#3454=CARTESIAN_POINT('',(0.0125741737441179,-0.023707902119592,0.003));
#3455=CARTESIAN_POINT('',(0.0163622520364394,-0.0262626873609406,0.003));
#3456=CARTESIAN_POINT('',(0.0163622520364394,-0.0262626873609406,0.0035));
#3457=CARTESIAN_POINT('',(0.0161449931393791,-0.0254524511989681,0.003));
#3458=CARTESIAN_POINT('',(0.0161449931393791,-0.0254524511989681,0.0035));
#3459=CARTESIAN_POINT('',(0.0157398750583929,-0.0248240946182502,0.003));
#3460=CARTESIAN_POINT('',(0.0157398750583929,-0.0248240946182502,0.0035));
#3461=CARTESIAN_POINT('',(0.0151468977934807,-0.0243776176187869,0.003));
#3462=CARTESIAN_POINT('',(0.0151468977934807,-0.0243776176187869,0.0035));
#3463=CARTESIAN_POINT('',(0.0163622520364394,-0.0262626873609406,0.0035));
#3464=CARTESIAN_POINT('',(0.016036363690849,-0.0250473331179819,0.0035));
#3465=CARTESIAN_POINT('',(0.0151468977934807,-0.0243776176187869,0.0035));
#3466=CARTESIAN_POINT('',(0.0163622520364394,-0.0262626873609406,0.0035));
#3467=CARTESIAN_POINT('',(0.0163622520364394,-0.0262626873609406,0.003));
#3468=CARTESIAN_POINT('',(0.0163622520364394,-0.0262626873609406,0.003));
#3469=CARTESIAN_POINT('',(0.0163622520364394,-0.0262626873609406,0.003));
#3470=CARTESIAN_POINT('',(0.016036363690849,-0.0250473331179819,0.003));
#3471=CARTESIAN_POINT('',(0.0151468977934807,-0.0243776176187869,0.003));
#3472=CARTESIAN_POINT('',(0.0166881403820298,-0.0291044935305156,0.003));
#3473=CARTESIAN_POINT('',(0.0166881403820298,-0.0291044935305156,0.0035));
#3474=CARTESIAN_POINT('',(0.0166881403820298,-0.0280201922461048,0.003));
#3475=CARTESIAN_POINT('',(0.0166881403820298,-0.0280201922461048,0.0035));
#3476=CARTESIAN_POINT('',(0.0165795109334997,-0.0270729235229131,0.003));
#3477=CARTESIAN_POINT('',(0.0165795109334997,-0.0270729235229131,0.0035));
#3478=CARTESIAN_POINT('',(0.0163622520364394,-0.0262626873609406,0.003));
#3479=CARTESIAN_POINT('',(0.0163622520364394,-0.0262626873609406,0.0035));
#3480=CARTESIAN_POINT('',(0.0166881403820298,-0.0291044935305156,0.0035));
#3481=CARTESIAN_POINT('',(0.0166881403820298,-0.0274780416038993,0.0035));
#3482=CARTESIAN_POINT('',(0.0163622520364394,-0.0262626873609406,0.0035));
#3483=CARTESIAN_POINT('',(0.0166881403820298,-0.0291044935305156,0.0035));
#3484=CARTESIAN_POINT('',(0.0166881403820298,-0.0291044935305156,0.003));
#3485=CARTESIAN_POINT('',(0.0166881403820298,-0.0291044935305156,0.003));
#3486=CARTESIAN_POINT('',(0.0166881403820298,-0.0291044935305156,0.003));
#3487=CARTESIAN_POINT('',(0.0166881403820298,-0.0274780416038993,0.003));
#3488=CARTESIAN_POINT('',(0.0163622520364394,-0.0262626873609406,0.003));
#3489=CARTESIAN_POINT('',(0.0166881403820298,-0.034242467125902,0.003));
#3490=CARTESIAN_POINT('',(0.0166881403820298,-0.034242467125902,0.0035));
#3491=CARTESIAN_POINT('',(0.0166881403820298,-0.0393804407212884,0.0035));
#3492=CARTESIAN_POINT('',(0.0166881403820298,-0.0393804407212884,0.003));
#3493=CARTESIAN_POINT('',(0.0166881403820298,-0.0393804407212884,0.003));
#3494=CARTESIAN_POINT('',(0.0166881403820298,-0.034242467125902,0.003));
#3495=CARTESIAN_POINT('',(0.0156641334245553,-0.0393804407212884,0.003));
#3496=CARTESIAN_POINT('',(0.0156641334245553,-0.0393804407212884,0.0035));
#3497=CARTESIAN_POINT('',(0.0146401264670809,-0.0393804407212884,0.0035));
#3498=CARTESIAN_POINT('',(0.0146401264670809,-0.0393804407212884,0.003));
#3499=CARTESIAN_POINT('',(0.0146401264670809,-0.0393804407212884,0.003));
#3500=CARTESIAN_POINT('',(0.0156641334245553,-0.0393804407212884,0.003));
#3501=CARTESIAN_POINT('',(0.0146401264670809,-0.0341946303045309,0.003));
#3502=CARTESIAN_POINT('',(0.0146401264670809,-0.0341946303045309,0.0035));
#3503=CARTESIAN_POINT('',(0.0146401264670809,-0.0290088198877735,0.0035));
#3504=CARTESIAN_POINT('',(0.0146401264670809,-0.0290088198877735,0.003));
#3505=CARTESIAN_POINT('',(0.0146401264670809,-0.0290088198877735,0.003));
#3506=CARTESIAN_POINT('',(0.0146401264670809,-0.0341946303045309,0.003));
#3507=CARTESIAN_POINT('',(0.0145055854069748,-0.0271910206756729,0.003));
#3508=CARTESIAN_POINT('',(0.0145055854069748,-0.0271910206756729,0.0035));
#3509=CARTESIAN_POINT('',(0.0145952794470456,-0.0277391509205497,0.003));
#3510=CARTESIAN_POINT('',(0.0145952794470456,-0.0277391509205497,0.0035));
#3511=CARTESIAN_POINT('',(0.0146401264670809,-0.0283450839912499,0.003));
#3512=CARTESIAN_POINT('',(0.0146401264670809,-0.0283450839912499,0.0035));
#3513=CARTESIAN_POINT('',(0.0146401264670809,-0.0290088198877735,0.003));
#3514=CARTESIAN_POINT('',(0.0146401264670809,-0.0290088198877735,0.0035));
#3515=CARTESIAN_POINT('',(0.0145055854069748,-0.0271910206756729,0.0035));
#3516=CARTESIAN_POINT('',(0.0146401264670809,-0.0280132160429882,0.0035));
#3517=CARTESIAN_POINT('',(0.0146401264670809,-0.0290088198877735,0.0035));
#3518=CARTESIAN_POINT('',(0.0145055854069748,-0.0271910206756729,0.0035));
#3519=CARTESIAN_POINT('',(0.0145055854069748,-0.0271910206756729,0.003));
#3520=CARTESIAN_POINT('',(0.0145055854069748,-0.0271910206756729,0.003));
#3521=CARTESIAN_POINT('',(0.0145055854069748,-0.0271910206756729,0.003));
#3522=CARTESIAN_POINT('',(0.0146401264670809,-0.0280132160429882,0.003));
#3523=CARTESIAN_POINT('',(0.0146401264670809,-0.0290088198877735,0.003));
#3524=CARTESIAN_POINT('',(0.013931543550522,-0.025890457094647,0.003));
#3525=CARTESIAN_POINT('',(0.013931543550522,-0.025890457094647,0.0035));
#3526=CARTESIAN_POINT('',(0.0142245440814198,-0.0262093692371208,0.003));
#3527=CARTESIAN_POINT('',(0.0142245440814198,-0.0262093692371208,0.0035));
#3528=CARTESIAN_POINT('',(0.0144158913669041,-0.0266428904307961,0.003));
#3529=CARTESIAN_POINT('',(0.0144158913669041,-0.0266428904307961,0.0035));
#3530=CARTESIAN_POINT('',(0.0145055854069748,-0.0271910206756729,0.003));
#3531=CARTESIAN_POINT('',(0.0145055854069748,-0.0271910206756729,0.0035));
#3532=CARTESIAN_POINT('',(0.013931543550522,-0.025890457094647,0.0035));
#3533=CARTESIAN_POINT('',(0.0143710443468687,-0.0263688253083577,0.0035));
#3534=CARTESIAN_POINT('',(0.0145055854069748,-0.0271910206756729,0.0035));
#3535=CARTESIAN_POINT('',(0.013931543550522,-0.025890457094647,0.0035));
#3536=CARTESIAN_POINT('',(0.013931543550522,-0.025890457094647,0.003));
#3537=CARTESIAN_POINT('',(0.013931543550522,-0.025890457094647,0.003));
#3538=CARTESIAN_POINT('',(0.013931543550522,-0.025890457094647,0.003));
#3539=CARTESIAN_POINT('',(0.0143710443468687,-0.0263688253083577,0.003));
#3540=CARTESIAN_POINT('',(0.0145055854069748,-0.0271910206756729,0.003));
#3541=CARTESIAN_POINT('',(0.0125741737441179,-0.0254120888809363,0.003));
#3542=CARTESIAN_POINT('',(0.0125741737441179,-0.0254120888809363,0.0035));
#3543=CARTESIAN_POINT('',(0.0131860864174895,-0.0254120888809363,0.003));
#3544=CARTESIAN_POINT('',(0.0131860864174895,-0.0254120888809363,0.0035));
#3545=CARTESIAN_POINT('',(0.0136385430196242,-0.0255715449521732,0.003));
#3546=CARTESIAN_POINT('',(0.0136385430196242,-0.0255715449521732,0.0035));
#3547=CARTESIAN_POINT('',(0.013931543550522,-0.025890457094647,0.003));
#3548=CARTESIAN_POINT('',(0.013931543550522,-0.025890457094647,0.0035));
#3549=CARTESIAN_POINT('',(0.0125741737441179,-0.0254120888809363,0.0035));
#3550=CARTESIAN_POINT('',(0.0134920427541753,-0.0254120888809363,0.0035));
#3551=CARTESIAN_POINT('',(0.013931543550522,-0.025890457094647,0.0035));
#3552=CARTESIAN_POINT('',(0.0125741737441179,-0.0254120888809363,0.0035));
#3553=CARTESIAN_POINT('',(0.0125741737441179,-0.0254120888809363,0.003));
#3554=CARTESIAN_POINT('',(0.0125741737441179,-0.0254120888809363,0.003));
#3555=CARTESIAN_POINT('',(0.0125741737441179,-0.0254120888809363,0.003));
#3556=CARTESIAN_POINT('',(0.0134920427541753,-0.0254120888809363,0.003));
#3557=CARTESIAN_POINT('',(0.013931543550522,-0.025890457094647,0.003));
#3558=CARTESIAN_POINT('',(0.0112242784410531,-0.025890457094647,0.003));
#3559=CARTESIAN_POINT('',(0.0112242784410531,-0.025890457094647,0.0035));
#3560=CARTESIAN_POINT('',(0.0115242551750675,-0.0255715449521732,0.003));
#3561=CARTESIAN_POINT('',(0.0115242551750675,-0.0255715449521732,0.0035));
#3562=CARTESIAN_POINT('',(0.0119742202760891,-0.0254120888809363,0.003));
#3563=CARTESIAN_POINT('',(0.0119742202760891,-0.0254120888809363,0.0035));
#3564=CARTESIAN_POINT('',(0.0125741737441179,-0.0254120888809363,0.003));
#3565=CARTESIAN_POINT('',(0.0125741737441179,-0.0254120888809363,0.0035));
#3566=CARTESIAN_POINT('',(0.0112242784410531,-0.025890457094647,0.0035));
#3567=CARTESIAN_POINT('',(0.0116742435420747,-0.0254120888809363,0.0035));
#3568=CARTESIAN_POINT('',(0.0125741737441179,-0.0254120888809363,0.0035));
#3569=CARTESIAN_POINT('',(0.0112242784410531,-0.025890457094647,0.0035));
#3570=CARTESIAN_POINT('',(0.0112242784410531,-0.025890457094647,0.003));
#3571=CARTESIAN_POINT('',(0.0112242784410531,-0.025890457094647,0.003));
#3572=CARTESIAN_POINT('',(0.0112242784410531,-0.025890457094647,0.003));
#3573=CARTESIAN_POINT('',(0.0116742435420747,-0.0254120888809363,0.003));
#3574=CARTESIAN_POINT('',(0.0125741737441179,-0.0254120888809363,0.003));
#3575=CARTESIAN_POINT('',(0.0106412671805932,-0.0271910206756729,0.003));
#3576=CARTESIAN_POINT('',(0.0106412671805932,-0.0271910206756729,0.0035));
#3577=CARTESIAN_POINT('',(0.0107299646202187,-0.0266428904307961,0.003));
#3578=CARTESIAN_POINT('',(0.0107299646202187,-0.0266428904307961,0.0035));
#3579=CARTESIAN_POINT('',(0.0109243017070387,-0.0262093692371208,0.003));
#3580=CARTESIAN_POINT('',(0.0109243017070387,-0.0262093692371208,0.0035));
#3581=CARTESIAN_POINT('',(0.0112242784410531,-0.025890457094647,0.003));
#3582=CARTESIAN_POINT('',(0.0112242784410531,-0.025890457094647,0.0035));
#3583=CARTESIAN_POINT('',(0.0106412671805932,-0.0271910206756729,0.0035));
#3584=CARTESIAN_POINT('',(0.0107743133400315,-0.0263688253083577,0.0035));
#3585=CARTESIAN_POINT('',(0.0112242784410531,-0.025890457094647,0.0035));
#3586=CARTESIAN_POINT('',(0.0106412671805932,-0.0271910206756729,0.0035));
#3587=CARTESIAN_POINT('',(0.0106412671805932,-0.0271910206756729,0.003));
#3588=CARTESIAN_POINT('',(0.0106412671805932,-0.0271910206756729,0.003));
#3589=CARTESIAN_POINT('',(0.0106412671805932,-0.0271910206756729,0.003));
#3590=CARTESIAN_POINT('',(0.0107743133400315,-0.0263688253083577,0.003));
#3591=CARTESIAN_POINT('',(0.0112242784410531,-0.025890457094647,0.003));
#3592=CARTESIAN_POINT('',(0.0105082210211549,-0.0290088198877735,0.003));
#3593=CARTESIAN_POINT('',(0.0105082210211549,-0.0290088198877735,0.0035));
#3594=CARTESIAN_POINT('',(0.0105082210211549,-0.0283450839912499,0.003));
#3595=CARTESIAN_POINT('',(0.0105082210211549,-0.0283450839912499,0.0035));
#3596=CARTESIAN_POINT('',(0.0105525697409677,-0.0277391509205497,0.003));
#3597=CARTESIAN_POINT('',(0.0105525697409677,-0.0277391509205497,0.0035));
#3598=CARTESIAN_POINT('',(0.0106412671805932,-0.0271910206756729,0.003));
#3599=CARTESIAN_POINT('',(0.0106412671805932,-0.0271910206756729,0.0035));
#3600=CARTESIAN_POINT('',(0.0105082210211549,-0.0290088198877735,0.0035));
#3601=CARTESIAN_POINT('',(0.0105082210211549,-0.0280132160429882,0.0035));
#3602=CARTESIAN_POINT('',(0.0106412671805932,-0.0271910206756729,0.0035));
#3603=CARTESIAN_POINT('',(0.0105082210211549,-0.0290088198877735,0.0035));
#3604=CARTESIAN_POINT('',(0.0105082210211549,-0.0290088198877735,0.003));
#3605=CARTESIAN_POINT('',(0.0105082210211549,-0.0290088198877735,0.003));
#3606=CARTESIAN_POINT('',(0.0105082210211549,-0.0290088198877735,0.003));
#3607=CARTESIAN_POINT('',(0.0105082210211549,-0.0280132160429882,0.003));
#3608=CARTESIAN_POINT('',(0.0106412671805932,-0.0271910206756729,0.003));
#3609=CARTESIAN_POINT('',(0.0105082210211549,-0.0341946303045309,0.003));
#3610=CARTESIAN_POINT('',(0.0105082210211549,-0.0341946303045309,0.0035));
#3611=CARTESIAN_POINT('',(0.0105082210211549,-0.0393804407212883,0.0035));
#3612=CARTESIAN_POINT('',(0.0105082210211549,-0.0393804407212883,0.003));
#3613=CARTESIAN_POINT('',(0.0105082210211549,-0.0393804407212883,0.003));
#3614=CARTESIAN_POINT('',(0.0105082210211549,-0.0341946303045309,0.003));
#3615=CARTESIAN_POINT('',(0.00947374975900553,-0.0393804407212884,0.003));
#3616=CARTESIAN_POINT('',(0.00947374975900553,-0.0393804407212884,0.0035));
#3617=CARTESIAN_POINT('',(0.00843927849685618,-0.0393804407212884,0.0035));
#3618=CARTESIAN_POINT('',(0.00843927849685618,-0.0393804407212884,0.003));
#3619=CARTESIAN_POINT('',(0.00843927849685618,-0.0393804407212884,0.003));
#3620=CARTESIAN_POINT('',(0.00947374975900553,-0.0393804407212884,0.003));
#3621=CARTESIAN_POINT('',(0.00843927849685618,-0.034242467125902,0.003));
#3622=CARTESIAN_POINT('',(0.00843927849685618,-0.034242467125902,0.0035));
#3623=CARTESIAN_POINT('',(0.00843927849685618,-0.0291044935305156,0.0035));
#3624=CARTESIAN_POINT('',(0.00843927849685618,-0.0291044935305156,0.003));
#3625=CARTESIAN_POINT('',(0.00843927849685618,-0.0291044935305156,0.003));
#3626=CARTESIAN_POINT('',(0.00843927849685618,-0.034242467125902,0.003));
#3627=CARTESIAN_POINT('',(0.00876516684244658,-0.0262626873609406,0.003));
#3628=CARTESIAN_POINT('',(0.00876516684244658,-0.0262626873609406,0.0035));
#3629=CARTESIAN_POINT('',(0.00854790794538631,-0.0270729235229131,0.003));
#3630=CARTESIAN_POINT('',(0.00854790794538631,-0.0270729235229131,0.0035));
#3631=CARTESIAN_POINT('',(0.00843927849685618,-0.0280201922461048,0.003));
#3632=CARTESIAN_POINT('',(0.00843927849685618,-0.0280201922461048,0.0035));
#3633=CARTESIAN_POINT('',(0.00843927849685618,-0.0291044935305156,0.003));
#3634=CARTESIAN_POINT('',(0.00843927849685618,-0.0291044935305156,0.0035));
#3635=CARTESIAN_POINT('',(0.00876516684244658,-0.0262626873609406,0.0035));
#3636=CARTESIAN_POINT('',(0.00843927849685618,-0.0274780416038993,0.0035));
#3637=CARTESIAN_POINT('',(0.00843927849685618,-0.0291044935305156,0.0035));
#3638=CARTESIAN_POINT('',(0.00876516684244658,-0.0262626873609406,0.0035));
#3639=CARTESIAN_POINT('',(0.00876516684244658,-0.0262626873609406,0.003));
#3640=CARTESIAN_POINT('',(0.00876516684244658,-0.0262626873609406,0.003));
#3641=CARTESIAN_POINT('',(0.00876516684244658,-0.0262626873609406,0.003));
#3642=CARTESIAN_POINT('',(0.00843927849685618,-0.0274780416038993,0.003));
#3643=CARTESIAN_POINT('',(0.00843927849685618,-0.0291044935305156,0.003));
#3644=CARTESIAN_POINT('',(0.00999098539008021,-0.0243776176187869,0.003));
#3645=CARTESIAN_POINT('',(0.00999098539008021,-0.0243776176187869,0.0035));
#3646=CARTESIAN_POINT('',(0.00939103192205139,-0.0248240946182502,0.003));
#3647=CARTESIAN_POINT('',(0.00939103192205139,-0.0248240946182502,0.0035));
#3648=CARTESIAN_POINT('',(0.00898242573950685,-0.0254524511989681,0.003));
#3649=CARTESIAN_POINT('',(0.00898242573950685,-0.0254524511989681,0.0035));
#3650=CARTESIAN_POINT('',(0.00876516684244658,-0.0262626873609406,0.003));
#3651=CARTESIAN_POINT('',(0.00876516684244658,-0.0262626873609406,0.0035));
#3652=CARTESIAN_POINT('',(0.00999098539008021,-0.0243776176187869,0.0035));
#3653=CARTESIAN_POINT('',(0.00909105518803698,-0.0250473331179819,0.0035));
#3654=CARTESIAN_POINT('',(0.00876516684244658,-0.0262626873609406,0.0035));
#3655=CARTESIAN_POINT('',(0.00999098539008021,-0.0243776176187869,0.003));
#3656=CARTESIAN_POINT('',(0.00909105518803698,-0.0250473331179819,0.003));
#3657=CARTESIAN_POINT('',(0.00876516684244658,-0.0262626873609406,0.003));
#3658=CARTESIAN_POINT('',(-3.50921171154636E-5,-0.00863626452086404,0.003));
#3659=CARTESIAN_POINT('',(-3.50921171154636E-5,-0.00863626452086404,0.0035));
#3660=CARTESIAN_POINT('',(0.,0.,0.));
#3661=CARTESIAN_POINT('',(0.0216228074865891,-0.0326444183119747,0.003));
#3662=CARTESIAN_POINT('',(0.0216228074865891,-0.0326444183119747,0.0035));
#3663=CARTESIAN_POINT('',(0.0211250055641964,-0.0326444183119747,0.0035));
#3664=CARTESIAN_POINT('',(0.0221206094089818,-0.0326444183119747,0.0035));
#3665=CARTESIAN_POINT('',(0.0211250055641964,-0.0326444183119747,0.003));
#3666=CARTESIAN_POINT('',(0.0211250055641964,-0.0326444183119747,0.003));
#3667=CARTESIAN_POINT('',(0.0216228074865891,-0.0326444183119747,0.003));
#3668=CARTESIAN_POINT('',(0.0221206094089818,-0.0326444183119747,0.003));
#3669=CARTESIAN_POINT('',(0.0221206094089818,-0.0326444183119747,0.003));
#3670=CARTESIAN_POINT('',(0.0211250055641964,-0.0352380709706874,0.003));
#3671=CARTESIAN_POINT('',(0.0211250055641964,-0.0352380709706874,0.0035));
#3672=CARTESIAN_POINT('',(0.0211250055641964,-0.0378317236294,0.0035));
#3673=CARTESIAN_POINT('',(0.0211250055641964,-0.0378317236294,0.003));
#3674=CARTESIAN_POINT('',(0.0211250055641964,-0.0378317236294,0.003));
#3675=CARTESIAN_POINT('',(0.0211250055641964,-0.0352380709706874,0.003));
#3676=CARTESIAN_POINT('',(0.021633271791264,-0.0378317236294,0.003));
#3677=CARTESIAN_POINT('',(0.021633271791264,-0.0378317236294,0.0035));
#3678=CARTESIAN_POINT('',(0.0221415380183316,-0.0378317236294,0.0035));
#3679=CARTESIAN_POINT('',(0.0221415380183316,-0.0378317236294,0.003));
#3680=CARTESIAN_POINT('',(0.0221415380183316,-0.0378317236294,0.003));
#3681=CARTESIAN_POINT('',(0.021633271791264,-0.0378317236294,0.003));
#3682=CARTESIAN_POINT('',(0.0237470613355981,-0.0376015089265517,0.003));
#3683=CARTESIAN_POINT('',(0.0237470613355981,-0.0376015089265517,0.0035));
#3684=CARTESIAN_POINT('',(0.0234022375815483,-0.0377549853951172,0.003));
#3685=CARTESIAN_POINT('',(0.0234022375815483,-0.0377549853951172,0.0035));
#3686=CARTESIAN_POINT('',(0.0228670631424595,-0.0378317236294,0.003));
#3687=CARTESIAN_POINT('',(0.0228670631424595,-0.0378317236294,0.0035));
#3688=CARTESIAN_POINT('',(0.0221415380183316,-0.0378317236294,0.003));
#3689=CARTESIAN_POINT('',(0.0221415380183316,-0.0378317236294,0.0035));
#3690=CARTESIAN_POINT('',(0.0237470613355981,-0.0376015089265517,0.0035));
#3691=CARTESIAN_POINT('',(0.0232298257045235,-0.0378317236294,0.0035));
#3692=CARTESIAN_POINT('',(0.0221415380183316,-0.0378317236294,0.0035));
#3693=CARTESIAN_POINT('',(0.0237470613355981,-0.0376015089265517,0.0035));
#3694=CARTESIAN_POINT('',(0.0237470613355981,-0.0376015089265517,0.003));
#3695=CARTESIAN_POINT('',(0.0237470613355981,-0.0376015089265517,0.003));
#3696=CARTESIAN_POINT('',(0.0237470613355981,-0.0376015089265517,0.003));
#3697=CARTESIAN_POINT('',(0.0232298257045235,-0.0378317236294,0.003));
#3698=CARTESIAN_POINT('',(0.0221415380183316,-0.0378317236294,0.003));
#3699=CARTESIAN_POINT('',(0.024427241139468,-0.0367778186585686,0.003));
#3700=CARTESIAN_POINT('',(0.024427241139468,-0.0367778186585686,0.0035));
#3701=CARTESIAN_POINT('',(0.0243186116909379,-0.0371734690353252,0.003));
#3702=CARTESIAN_POINT('',(0.0243186116909379,-0.0371734690353252,0.0035));
#3703=CARTESIAN_POINT('',(0.0240918850896479,-0.0374480324579862,0.003));
#3704=CARTESIAN_POINT('',(0.0240918850896479,-0.0374480324579862,0.0035));
#3705=CARTESIAN_POINT('',(0.0237470613355981,-0.0376015089265517,0.003));
#3706=CARTESIAN_POINT('',(0.0237470613355981,-0.0376015089265517,0.0035));
#3707=CARTESIAN_POINT('',(0.024427241139468,-0.0367778186585686,0.0035));
#3708=CARTESIAN_POINT('',(0.0242642969666728,-0.0373712942237035,0.0035));
#3709=CARTESIAN_POINT('',(0.0237470613355981,-0.0376015089265517,0.0035));
#3710=CARTESIAN_POINT('',(0.024427241139468,-0.0367778186585686,0.0035));
#3711=CARTESIAN_POINT('',(0.024427241139468,-0.0367778186585686,0.003));
#3712=CARTESIAN_POINT('',(0.024427241139468,-0.0367778186585686,0.003));
#3713=CARTESIAN_POINT('',(0.024427241139468,-0.0367778186585686,0.003));
#3714=CARTESIAN_POINT('',(0.0242642969666728,-0.0373712942237035,0.003));
#3715=CARTESIAN_POINT('',(0.0237470613355981,-0.0376015089265517,0.003));
#3716=CARTESIAN_POINT('',(0.0245901853122632,-0.0350751267978922,0.003));
#3717=CARTESIAN_POINT('',(0.0245901853122632,-0.0350751267978922,0.0035));
#3718=CARTESIAN_POINT('',(0.0245901853122632,-0.0358146043282533,0.003));
#3719=CARTESIAN_POINT('',(0.0245901853122632,-0.0358146043282533,0.0035));
#3720=CARTESIAN_POINT('',(0.0245358705879981,-0.0363821682818121,0.003));
#3721=CARTESIAN_POINT('',(0.0245358705879981,-0.0363821682818121,0.0035));
#3722=CARTESIAN_POINT('',(0.024427241139468,-0.0367778186585686,0.003));
#3723=CARTESIAN_POINT('',(0.024427241139468,-0.0367778186585686,0.0035));
#3724=CARTESIAN_POINT('',(0.0245901853122632,-0.0350751267978922,0.0035));
#3725=CARTESIAN_POINT('',(0.0245901853122632,-0.0361843430934338,0.0035));
#3726=CARTESIAN_POINT('',(0.024427241139468,-0.0367778186585686,0.0035));
#3727=CARTESIAN_POINT('',(0.0245901853122632,-0.0350751267978922,0.0035));
#3728=CARTESIAN_POINT('',(0.0245901853122632,-0.0350751267978922,0.003));
#3729=CARTESIAN_POINT('',(0.0245901853122632,-0.0350751267978922,0.003));
#3730=CARTESIAN_POINT('',(0.0245901853122632,-0.0350751267978922,0.003));
#3731=CARTESIAN_POINT('',(0.0245901853122632,-0.0361843430934338,0.003));
#3732=CARTESIAN_POINT('',(0.024427241139468,-0.0367778186585686,0.003));
#3733=CARTESIAN_POINT('',(0.024359970609415,-0.0335921853353891,0.003));
#3734=CARTESIAN_POINT('',(0.024359970609415,-0.0335921853353891,0.0035));
#3735=CARTESIAN_POINT('',(0.0245134470779805,-0.0339429886921102,0.003));
#3736=CARTESIAN_POINT('',(0.0245134470779805,-0.0339429886921102,0.0035));
#3737=CARTESIAN_POINT('',(0.0245901853122632,-0.0344373025129446,0.003));
#3738=CARTESIAN_POINT('',(0.0245901853122632,-0.0344373025129446,0.0035));
#3739=CARTESIAN_POINT('',(0.0245901853122632,-0.0350751267978922,0.003));
#3740=CARTESIAN_POINT('',(0.0245901853122632,-0.0350751267978922,0.0035));
#3741=CARTESIAN_POINT('',(0.024359970609415,-0.0335921853353891,0.0035));
#3742=CARTESIAN_POINT('',(0.0245901853122632,-0.0341183903704708,0.0035));
#3743=CARTESIAN_POINT('',(0.0245901853122632,-0.0350751267978922,0.0035));
#3744=CARTESIAN_POINT('',(0.024359970609415,-0.0335921853353891,0.0035));
#3745=CARTESIAN_POINT('',(0.024359970609415,-0.0335921853353891,0.003));
#3746=CARTESIAN_POINT('',(0.024359970609415,-0.0335921853353891,0.003));
#3747=CARTESIAN_POINT('',(0.024359970609415,-0.0335921853353891,0.003));
#3748=CARTESIAN_POINT('',(0.0245901853122632,-0.0341183903704708,0.003));
#3749=CARTESIAN_POINT('',(0.0245901853122632,-0.0350751267978922,0.003));
#3750=CARTESIAN_POINT('',(0.0231251526197664,-0.0341087655089893,0.003));
#3751=CARTESIAN_POINT('',(0.0231251526197664,-0.0341087655089893,0.0035));
#3752=CARTESIAN_POINT('',(0.0235945814674778,-0.032855199306141,0.0035));
#3753=CARTESIAN_POINT('',(0.0235945814674778,-0.032855199306141,0.003));
#3754=CARTESIAN_POINT('',(0.0235945814674778,-0.032855199306141,0.003));
#3755=CARTESIAN_POINT('',(0.0231251526197664,-0.0341087655089893,0.003));
#3756=CARTESIAN_POINT('',(0.0189633791984913,-0.0316308756591752,0.003));
#3757=CARTESIAN_POINT('',(0.0189633791984913,-0.0316308756591752,0.0035));
#3758=CARTESIAN_POINT('',(0.0189633791984913,-0.0238813105970621,0.0035));
#3759=CARTESIAN_POINT('',(0.0189633791984913,-0.0393804407212884,0.0035));
#3760=CARTESIAN_POINT('',(0.0189633791984913,-0.0238813105970621,0.003));
#3761=CARTESIAN_POINT('',(0.0189633791984913,-0.0238813105970621,0.003));
#3762=CARTESIAN_POINT('',(0.0189633791984913,-0.0316308756591752,0.003));
#3763=CARTESIAN_POINT('',(0.0189633791984913,-0.0393804407212884,0.003));
#3764=CARTESIAN_POINT('',(0.0189633791984913,-0.0393804407212884,0.003));
#3765=CARTESIAN_POINT('',(0.0200441923813438,-0.0238813105970621,0.003));
#3766=CARTESIAN_POINT('',(0.0200441923813438,-0.0238813105970621,0.0035));
#3767=CARTESIAN_POINT('',(0.0211250055641964,-0.0238813105970621,0.0035));
#3768=CARTESIAN_POINT('',(0.0211250055641964,-0.0238813105970621,0.003));
#3769=CARTESIAN_POINT('',(0.0211250055641964,-0.0238813105970621,0.003));
#3770=CARTESIAN_POINT('',(0.0200441923813438,-0.0238813105970621,0.003));
#3771=CARTESIAN_POINT('',(0.0211250055641964,-0.0274885059085743,0.003));
#3772=CARTESIAN_POINT('',(0.0211250055641964,-0.0274885059085743,0.0035));
#3773=CARTESIAN_POINT('',(0.0211250055641964,-0.0310957012200864,0.0035));
#3774=CARTESIAN_POINT('',(0.0211250055641964,-0.0310957012200864,0.003));
#3775=CARTESIAN_POINT('',(0.0211250055641964,-0.0310957012200864,0.003));
#3776=CARTESIAN_POINT('',(0.0211250055641964,-0.0274885059085743,0.003));
#3777=CARTESIAN_POINT('',(0.0219770989448686,-0.0310957012200864,0.003));
#3778=CARTESIAN_POINT('',(0.0219770989448686,-0.0310957012200864,0.0035));
#3779=CARTESIAN_POINT('',(0.0228291923255407,-0.0310957012200864,0.0035));
#3780=CARTESIAN_POINT('',(0.0228291923255407,-0.0310957012200864,0.003));
#3781=CARTESIAN_POINT('',(0.0228291923255407,-0.0310957012200864,0.003));
#3782=CARTESIAN_POINT('',(0.0219770989448686,-0.0310957012200864,0.003));
#3783=CARTESIAN_POINT('',(0.0249340124658677,-0.0315830388378041,0.003));
#3784=CARTESIAN_POINT('',(0.0249340124658677,-0.0315830388378041,0.0035));
#3785=CARTESIAN_POINT('',(0.0243719298147577,-0.031258147092659,0.003));
#3786=CARTESIAN_POINT('',(0.0243719298147577,-0.031258147092659,0.0035));
#3787=CARTESIAN_POINT('',(0.0236703231013153,-0.0310957012200864,0.003));
#3788=CARTESIAN_POINT('',(0.0236703231013153,-0.0310957012200864,0.0035));
#3789=CARTESIAN_POINT('',(0.0228291923255407,-0.0310957012200864,0.003));
#3790=CARTESIAN_POINT('',(0.0228291923255407,-0.0310957012200864,0.0035));
#3791=CARTESIAN_POINT('',(0.0249340124658677,-0.0315830388378041,0.0035));
#3792=CARTESIAN_POINT('',(0.0240908884892026,-0.0310957012200864,0.0035));
#3793=CARTESIAN_POINT('',(0.0228291923255407,-0.0310957012200864,0.0035));
#3794=CARTESIAN_POINT('',(0.0249340124658677,-0.0315830388378041,0.0035));
#3795=CARTESIAN_POINT('',(0.0249340124658677,-0.0315830388378041,0.003));
#3796=CARTESIAN_POINT('',(0.0249340124658677,-0.0315830388378041,0.003));
#3797=CARTESIAN_POINT('',(0.0249340124658677,-0.0315830388378041,0.003));
#3798=CARTESIAN_POINT('',(0.0240908884892026,-0.0310957012200864,0.003));
#3799=CARTESIAN_POINT('',(0.0228291923255407,-0.0310957012200864,0.003));
#3800=CARTESIAN_POINT('',(0.0262076678348724,-0.0329703066575651,0.003));
#3801=CARTESIAN_POINT('',(0.0262076678348724,-0.0329703066575651,0.0035));
#3802=CARTESIAN_POINT('',(0.025920646906646,-0.0323703531895363,0.003));
#3803=CARTESIAN_POINT('',(0.025920646906646,-0.0323703531895363,0.0035));
#3804=CARTESIAN_POINT('',(0.0254960951169778,-0.0319079305829493,0.003));
#3805=CARTESIAN_POINT('',(0.0254960951169778,-0.0319079305829493,0.0035));
#3806=CARTESIAN_POINT('',(0.0249340124658677,-0.0315830388378041,0.003));
#3807=CARTESIAN_POINT('',(0.0249340124658677,-0.0315830388378041,0.0035));
#3808=CARTESIAN_POINT('',(0.0262076678348724,-0.0329703066575651,0.0035));
#3809=CARTESIAN_POINT('',(0.0257771364425328,-0.0320703764555219,0.0035));
#3810=CARTESIAN_POINT('',(0.0249340124658677,-0.0315830388378041,0.0035));
#3811=CARTESIAN_POINT('',(0.0262076678348724,-0.0329703066575651,0.0035));
#3812=CARTESIAN_POINT('',(0.0262076678348724,-0.0329703066575651,0.003));
#3813=CARTESIAN_POINT('',(0.0262076678348724,-0.0329703066575651,0.003));
#3814=CARTESIAN_POINT('',(0.0262076678348724,-0.0329703066575651,0.003));
#3815=CARTESIAN_POINT('',(0.0257771364425328,-0.0320703764555219,0.003));
#3816=CARTESIAN_POINT('',(0.0249340124658677,-0.0315830388378041,0.003));
#3817=CARTESIAN_POINT('',(0.026638199227212,-0.0350930656059063,0.003));
#3818=CARTESIAN_POINT('',(0.026638199227212,-0.0350930656059063,0.0035));
#3819=CARTESIAN_POINT('',(0.026638199227212,-0.0342778464417077,0.003));
#3820=CARTESIAN_POINT('',(0.026638199227212,-0.0342778464417077,0.0035));
#3821=CARTESIAN_POINT('',(0.0264946887630989,-0.0335702601255939,0.003));
#3822=CARTESIAN_POINT('',(0.0264946887630989,-0.0335702601255939,0.0035));
#3823=CARTESIAN_POINT('',(0.0262076678348724,-0.0329703066575651,0.003));
#3824=CARTESIAN_POINT('',(0.0262076678348724,-0.0329703066575651,0.0035));
#3825=CARTESIAN_POINT('',(0.026638199227212,-0.0350930656059063,0.0035));
#3826=CARTESIAN_POINT('',(0.026638199227212,-0.0338702368596084,0.0035));
#3827=CARTESIAN_POINT('',(0.0262076678348724,-0.0329703066575651,0.0035));
#3828=CARTESIAN_POINT('',(0.026638199227212,-0.0350930656059063,0.0035));
#3829=CARTESIAN_POINT('',(0.026638199227212,-0.0350930656059063,0.003));
#3830=CARTESIAN_POINT('',(0.026638199227212,-0.0350930656059063,0.003));
#3831=CARTESIAN_POINT('',(0.026638199227212,-0.0350930656059063,0.003));
#3832=CARTESIAN_POINT('',(0.026638199227212,-0.0338702368596084,0.003));
#3833=CARTESIAN_POINT('',(0.0262076678348724,-0.0329703066575651,0.003));
#3834=CARTESIAN_POINT('',(0.0262555046562435,-0.0374101616410674,0.003));
#3835=CARTESIAN_POINT('',(0.0262555046562435,-0.0374101616410674,0.0035));
#3836=CARTESIAN_POINT('',(0.0265106343702225,-0.0367723373561199,0.003));
#3837=CARTESIAN_POINT('',(0.0265106343702225,-0.0367723373561199,0.0035));
#3838=CARTESIAN_POINT('',(0.026638199227212,-0.0359999720110661,0.003));
#3839=CARTESIAN_POINT('',(0.026638199227212,-0.0359999720110661,0.0035));
#3840=CARTESIAN_POINT('',(0.026638199227212,-0.0350930656059063,0.003));
#3841=CARTESIAN_POINT('',(0.026638199227212,-0.0350930656059063,0.0035));
#3842=CARTESIAN_POINT('',(0.0262555046562435,-0.0374101616410674,0.0035));
#3843=CARTESIAN_POINT('',(0.026638199227212,-0.036453425213646,0.0035));
#3844=CARTESIAN_POINT('',(0.026638199227212,-0.0350930656059063,0.0035));
#3845=CARTESIAN_POINT('',(0.0262555046562435,-0.0374101616410674,0.0035));
#3846=CARTESIAN_POINT('',(0.0262555046562435,-0.0374101616410674,0.003));
#3847=CARTESIAN_POINT('',(0.0262555046562435,-0.0374101616410674,0.003));
#3848=CARTESIAN_POINT('',(0.0262555046562435,-0.0374101616410674,0.003));
#3849=CARTESIAN_POINT('',(0.026638199227212,-0.036453425213646,0.003));
#3850=CARTESIAN_POINT('',(0.026638199227212,-0.0350930656059063,0.003));
#3851=CARTESIAN_POINT('',(0.0250401504132848,-0.0388736693948885,0.003));
#3852=CARTESIAN_POINT('',(0.0250401504132848,-0.0388736693948885,0.0035));
#3853=CARTESIAN_POINT('',(0.0255952568612783,-0.0385358218439554,0.003));
#3854=CARTESIAN_POINT('',(0.0255952568612783,-0.0385358218439554,0.0035));
#3855=CARTESIAN_POINT('',(0.0260003749422645,-0.038047985926015,0.003));
#3856=CARTESIAN_POINT('',(0.0260003749422645,-0.038047985926015,0.0035));
#3857=CARTESIAN_POINT('',(0.0262555046562435,-0.0374101616410674,0.003));
#3858=CARTESIAN_POINT('',(0.0262555046562435,-0.0374101616410674,0.0035));
#3859=CARTESIAN_POINT('',(0.0250401504132848,-0.0388736693948885,0.0035));
#3860=CARTESIAN_POINT('',(0.025872810085275,-0.0383668980684888,0.0035));
#3861=CARTESIAN_POINT('',(0.0262555046562435,-0.0374101616410674,0.0035));
#3862=CARTESIAN_POINT('',(0.0250401504132848,-0.0388736693948885,0.0035));
#3863=CARTESIAN_POINT('',(0.0250401504132848,-0.0388736693948885,0.003));
#3864=CARTESIAN_POINT('',(0.0250401504132848,-0.0388736693948885,0.003));
#3865=CARTESIAN_POINT('',(0.0250401504132848,-0.0388736693948885,0.003));
#3866=CARTESIAN_POINT('',(0.025872810085275,-0.0383668980684888,0.003));
#3867=CARTESIAN_POINT('',(0.0262555046562435,-0.0374101616410674,0.003));
#3868=CARTESIAN_POINT('',(0.0228112535175266,-0.0393804407212884,0.003));
#3869=CARTESIAN_POINT('',(0.0228112535175266,-0.0393804407212884,0.0035));
#3870=CARTESIAN_POINT('',(0.023742078333372,-0.0393804407212884,0.003));
#3871=CARTESIAN_POINT('',(0.023742078333372,-0.0393804407212884,0.0035));
#3872=CARTESIAN_POINT('',(0.0244850439652914,-0.0392115169458217,0.003));
#3873=CARTESIAN_POINT('',(0.0244850439652914,-0.0392115169458217,0.0035));
#3874=CARTESIAN_POINT('',(0.0250401504132848,-0.0388736693948885,0.003));
#3875=CARTESIAN_POINT('',(0.0250401504132848,-0.0388736693948885,0.0035));
#3876=CARTESIAN_POINT('',(0.0228112535175266,-0.0393804407212884,0.0035));
#3877=CARTESIAN_POINT('',(0.0242074907412947,-0.0393804407212884,0.0035));
#3878=CARTESIAN_POINT('',(0.0250401504132848,-0.0388736693948885,0.0035));
#3879=CARTESIAN_POINT('',(0.0228112535175266,-0.0393804407212884,0.0035));
#3880=CARTESIAN_POINT('',(0.0228112535175266,-0.0393804407212884,0.003));
#3881=CARTESIAN_POINT('',(0.0228112535175266,-0.0393804407212884,0.003));
#3882=CARTESIAN_POINT('',(0.0228112535175266,-0.0393804407212884,0.003));
#3883=CARTESIAN_POINT('',(0.0242074907412947,-0.0393804407212884,0.003));
#3884=CARTESIAN_POINT('',(0.0250401504132848,-0.0388736693948885,0.003));
#3885=CARTESIAN_POINT('',(0.020887316358009,-0.0393804407212884,0.003));
#3886=CARTESIAN_POINT('',(0.020887316358009,-0.0393804407212884,0.0035));
#3887=CARTESIAN_POINT('',(0.020887316358009,-0.0393804407212884,0.003));
#3888=CARTESIAN_POINT('',(0.0221206094089818,-0.0326444183119747,0.003));
#3889=CARTESIAN_POINT('',(0.0221206094089818,-0.0326444183119747,0.0035));
#3890=CARTESIAN_POINT('',(0.0227464744885866,-0.0326444183119747,0.003));
#3891=CARTESIAN_POINT('',(0.0227464744885866,-0.0326444183119747,0.0035));
#3892=CARTESIAN_POINT('',(0.0232377985080853,-0.0327146786433635,0.003));
#3893=CARTESIAN_POINT('',(0.0232377985080853,-0.0327146786433635,0.0035));
#3894=CARTESIAN_POINT('',(0.0235945814674778,-0.032855199306141,0.003));
#3895=CARTESIAN_POINT('',(0.0235945814674778,-0.032855199306141,0.0035));
#3896=CARTESIAN_POINT('',(0.0221206094089818,-0.0326444183119747,0.0035));
#3897=CARTESIAN_POINT('',(0.023059407028389,-0.0326444183119747,0.0035));
#3898=CARTESIAN_POINT('',(0.0235945814674778,-0.032855199306141,0.0035));
#3899=CARTESIAN_POINT('',(0.0221206094089818,-0.0326444183119747,0.003));
#3900=CARTESIAN_POINT('',(0.023059407028389,-0.0326444183119747,0.003));
#3901=CARTESIAN_POINT('',(0.0235945814674778,-0.032855199306141,0.003));
#3902=CARTESIAN_POINT('',(-3.50921171154636E-5,-0.00863626452086404,0.003));
#3903=CARTESIAN_POINT('',(-3.50921171154636E-5,-0.00863626452086404,0.0035));
#3904=MECHANICAL_DESIGN_GEOMETRIC_PRESENTATION_REPRESENTATION('',(#2277),
#3911);
#3905=MECHANICAL_DESIGN_GEOMETRIC_PRESENTATION_REPRESENTATION('',(#2278),
#3912);
#3906=MECHANICAL_DESIGN_GEOMETRIC_PRESENTATION_REPRESENTATION('',(#2279),
#3913);
#3907=MECHANICAL_DESIGN_GEOMETRIC_PRESENTATION_REPRESENTATION('',(#2280),
#3914);
#3908=MECHANICAL_DESIGN_GEOMETRIC_PRESENTATION_REPRESENTATION('',(#2281),
#3915);
#3909=MECHANICAL_DESIGN_GEOMETRIC_PRESENTATION_REPRESENTATION('',(#2282),
#3916);
#3910=MECHANICAL_DESIGN_GEOMETRIC_PRESENTATION_REPRESENTATION('',(#2283),
#3917);
#3911=(
GEOMETRIC_REPRESENTATION_CONTEXT(3)
GLOBAL_UNCERTAINTY_ASSIGNED_CONTEXT((#3918))
GLOBAL_UNIT_ASSIGNED_CONTEXT((#3939,#3932,#3925))
REPRESENTATION_CONTEXT('Part 5','TOP_LEVEL_ASSEMBLY_PART')
);
#3912=(
GEOMETRIC_REPRESENTATION_CONTEXT(3)
GLOBAL_UNCERTAINTY_ASSIGNED_CONTEXT((#3919))
GLOBAL_UNIT_ASSIGNED_CONTEXT((#3940,#3933,#3926))
REPRESENTATION_CONTEXT('Part 2','TOP_LEVEL_ASSEMBLY_PART')
);
#3913=(
GEOMETRIC_REPRESENTATION_CONTEXT(3)
GLOBAL_UNCERTAINTY_ASSIGNED_CONTEXT((#3920))
GLOBAL_UNIT_ASSIGNED_CONTEXT((#3941,#3934,#3927))
REPRESENTATION_CONTEXT('Part 3','TOP_LEVEL_ASSEMBLY_PART')
);
#3914=(
GEOMETRIC_REPRESENTATION_CONTEXT(3)
GLOBAL_UNCERTAINTY_ASSIGNED_CONTEXT((#3921))
GLOBAL_UNIT_ASSIGNED_CONTEXT((#3942,#3935,#3928))
REPRESENTATION_CONTEXT('Part 4','TOP_LEVEL_ASSEMBLY_PART')
);
#3915=(
GEOMETRIC_REPRESENTATION_CONTEXT(3)
GLOBAL_UNCERTAINTY_ASSIGNED_CONTEXT((#3922))
GLOBAL_UNIT_ASSIGNED_CONTEXT((#3943,#3936,#3929))
REPRESENTATION_CONTEXT('Part 6','TOP_LEVEL_ASSEMBLY_PART')
);
#3916=(
GEOMETRIC_REPRESENTATION_CONTEXT(3)
GLOBAL_UNCERTAINTY_ASSIGNED_CONTEXT((#3923))
GLOBAL_UNIT_ASSIGNED_CONTEXT((#3944,#3937,#3930))
REPRESENTATION_CONTEXT('Part 7','TOP_LEVEL_ASSEMBLY_PART')
);
#3917=(
GEOMETRIC_REPRESENTATION_CONTEXT(3)
GLOBAL_UNCERTAINTY_ASSIGNED_CONTEXT((#3924))
GLOBAL_UNIT_ASSIGNED_CONTEXT((#3945,#3938,#3931))
REPRESENTATION_CONTEXT('Part 8','TOP_LEVEL_ASSEMBLY_PART')
);
#3918=UNCERTAINTY_MEASURE_WITH_UNIT(LENGTH_MEASURE(1.E-8),#3939,
'DISTANCE_ACCURACY_VALUE','Maximum Tolerance applied to model');
#3919=UNCERTAINTY_MEASURE_WITH_UNIT(LENGTH_MEASURE(2.E-5),#3940,
'DISTANCE_ACCURACY_VALUE','Maximum Tolerance applied to model');
#3920=UNCERTAINTY_MEASURE_WITH_UNIT(LENGTH_MEASURE(1.E-8),#3941,
'DISTANCE_ACCURACY_VALUE','Maximum Tolerance applied to model');
#3921=UNCERTAINTY_MEASURE_WITH_UNIT(LENGTH_MEASURE(1.E-8),#3942,
'DISTANCE_ACCURACY_VALUE','Maximum Tolerance applied to model');
#3922=UNCERTAINTY_MEASURE_WITH_UNIT(LENGTH_MEASURE(1.E-8),#3943,
'DISTANCE_ACCURACY_VALUE','Maximum Tolerance applied to model');
#3923=UNCERTAINTY_MEASURE_WITH_UNIT(LENGTH_MEASURE(2.E-5),#3944,
'DISTANCE_ACCURACY_VALUE','Maximum Tolerance applied to model');
#3924=UNCERTAINTY_MEASURE_WITH_UNIT(LENGTH_MEASURE(2.E-5),#3945,
'DISTANCE_ACCURACY_VALUE','Maximum Tolerance applied to model');
#3925=(
NAMED_UNIT(*)
SI_UNIT($,.STERADIAN.)
SOLID_ANGLE_UNIT()
);
#3926=(
NAMED_UNIT(*)
SI_UNIT($,.STERADIAN.)
SOLID_ANGLE_UNIT()
);
#3927=(
NAMED_UNIT(*)
SI_UNIT($,.STERADIAN.)
SOLID_ANGLE_UNIT()
);
#3928=(
NAMED_UNIT(*)
SI_UNIT($,.STERADIAN.)
SOLID_ANGLE_UNIT()
);
#3929=(
NAMED_UNIT(*)
SI_UNIT($,.STERADIAN.)
SOLID_ANGLE_UNIT()
);
#3930=(
NAMED_UNIT(*)
SI_UNIT($,.STERADIAN.)
SOLID_ANGLE_UNIT()
);
#3931=(
NAMED_UNIT(*)
SI_UNIT($,.STERADIAN.)
SOLID_ANGLE_UNIT()
);
#3932=(
NAMED_UNIT(*)
PLANE_ANGLE_UNIT()
SI_UNIT($,.RADIAN.)
);
#3933=(
NAMED_UNIT(*)
PLANE_ANGLE_UNIT()
SI_UNIT($,.RADIAN.)
);
#3934=(
NAMED_UNIT(*)
PLANE_ANGLE_UNIT()
SI_UNIT($,.RADIAN.)
);
#3935=(
NAMED_UNIT(*)
PLANE_ANGLE_UNIT()
SI_UNIT($,.RADIAN.)
);
#3936=(
NAMED_UNIT(*)
PLANE_ANGLE_UNIT()
SI_UNIT($,.RADIAN.)
);
#3937=(
NAMED_UNIT(*)
PLANE_ANGLE_UNIT()
SI_UNIT($,.RADIAN.)
);
#3938=(
NAMED_UNIT(*)
PLANE_ANGLE_UNIT()
SI_UNIT($,.RADIAN.)
);
#3939=(
LENGTH_UNIT()
NAMED_UNIT(*)
SI_UNIT($,.METRE.)
);
#3940=(
LENGTH_UNIT()
NAMED_UNIT(*)
SI_UNIT($,.METRE.)
);
#3941=(
LENGTH_UNIT()
NAMED_UNIT(*)
SI_UNIT($,.METRE.)
);
#3942=(
LENGTH_UNIT()
NAMED_UNIT(*)
SI_UNIT($,.METRE.)
);
#3943=(
LENGTH_UNIT()
NAMED_UNIT(*)
SI_UNIT($,.METRE.)
);
#3944=(
LENGTH_UNIT()
NAMED_UNIT(*)
SI_UNIT($,.METRE.)
);
#3945=(
LENGTH_UNIT()
NAMED_UNIT(*)
SI_UNIT($,.METRE.)
);
#3946=PRODUCT_DEFINITION_SHAPE('','',#3953);
#3947=PRODUCT_DEFINITION_SHAPE('','',#3954);
#3948=PRODUCT_DEFINITION_SHAPE('','',#3955);
#3949=PRODUCT_DEFINITION_SHAPE('','',#3956);
#3950=PRODUCT_DEFINITION_SHAPE('','',#3957);
#3951=PRODUCT_DEFINITION_SHAPE('','',#3958);
#3952=PRODUCT_DEFINITION_SHAPE('','',#3959);
#3953=PRODUCT_DEFINITION('','',#3967,#3960);
#3954=PRODUCT_DEFINITION('','',#3968,#3961);
#3955=PRODUCT_DEFINITION('','',#3969,#3962);
#3956=PRODUCT_DEFINITION('','',#3970,#3963);
#3957=PRODUCT_DEFINITION('','',#3971,#3964);
#3958=PRODUCT_DEFINITION('','',#3972,#3965);
#3959=PRODUCT_DEFINITION('','',#3973,#3966);
#3960=PRODUCT_DEFINITION_CONTEXT('',#4009,'design');
#3961=PRODUCT_DEFINITION_CONTEXT('',#4010,'design');
#3962=PRODUCT_DEFINITION_CONTEXT('',#4011,'design');
#3963=PRODUCT_DEFINITION_CONTEXT('',#4012,'design');
#3964=PRODUCT_DEFINITION_CONTEXT('',#4013,'design');
#3965=PRODUCT_DEFINITION_CONTEXT('',#4014,'design');
#3966=PRODUCT_DEFINITION_CONTEXT('',#4015,'design');
#3967=PRODUCT_DEFINITION_FORMATION_WITH_SPECIFIED_SOURCE('','',#3981,
 .NOT_KNOWN.);
#3968=PRODUCT_DEFINITION_FORMATION_WITH_SPECIFIED_SOURCE('','',#3982,
 .NOT_KNOWN.);
#3969=PRODUCT_DEFINITION_FORMATION_WITH_SPECIFIED_SOURCE('','',#3983,
 .NOT_KNOWN.);
#3970=PRODUCT_DEFINITION_FORMATION_WITH_SPECIFIED_SOURCE('','',#3984,
 .NOT_KNOWN.);
#3971=PRODUCT_DEFINITION_FORMATION_WITH_SPECIFIED_SOURCE('','',#3985,
 .NOT_KNOWN.);
#3972=PRODUCT_DEFINITION_FORMATION_WITH_SPECIFIED_SOURCE('','',#3986,
 .NOT_KNOWN.);
#3973=PRODUCT_DEFINITION_FORMATION_WITH_SPECIFIED_SOURCE('','',#3987,
 .NOT_KNOWN.);
#3974=PRODUCT_RELATED_PRODUCT_CATEGORY('','',(#3981));
#3975=PRODUCT_RELATED_PRODUCT_CATEGORY('','',(#3982));
#3976=PRODUCT_RELATED_PRODUCT_CATEGORY('','',(#3983));
#3977=PRODUCT_RELATED_PRODUCT_CATEGORY('','',(#3984));
#3978=PRODUCT_RELATED_PRODUCT_CATEGORY('','',(#3985));
#3979=PRODUCT_RELATED_PRODUCT_CATEGORY('','',(#3986));
#3980=PRODUCT_RELATED_PRODUCT_CATEGORY('','',(#3987));
#3981=PRODUCT('Part 5','Part 5','Part 5',(#3995));
#3982=PRODUCT('Part 2','Part 2','Part 2',(#3996));
#3983=PRODUCT('Part 3','Part 3','Part 3',(#3997));
#3984=PRODUCT('Part 4','Part 4','Part 4',(#3998));
#3985=PRODUCT('Part 6','Part 6','Part 6',(#3999));
#3986=PRODUCT('Part 7','Part 7','Part 7',(#4000));
#3987=PRODUCT('Part 8','Part 8','Part 8',(#4001));
#3988=PRODUCT_CATEGORY('','');
#3989=PRODUCT_CATEGORY('','');
#3990=PRODUCT_CATEGORY('','');
#3991=PRODUCT_CATEGORY('','');
#3992=PRODUCT_CATEGORY('','');
#3993=PRODUCT_CATEGORY('','');
#3994=PRODUCT_CATEGORY('','');
#3995=PRODUCT_CONTEXT('',#4009,'mechanical');
#3996=PRODUCT_CONTEXT('',#4010,'mechanical');
#3997=PRODUCT_CONTEXT('',#4011,'mechanical');
#3998=PRODUCT_CONTEXT('',#4012,'mechanical');
#3999=PRODUCT_CONTEXT('',#4013,'mechanical');
#4000=PRODUCT_CONTEXT('',#4014,'mechanical');
#4001=PRODUCT_CONTEXT('',#4015,'mechanical');
#4002=APPLICATION_PROTOCOL_DEFINITION('international standard',
'ap242_managed_model_based_3d_engineering',2020,#4009);
#4003=APPLICATION_PROTOCOL_DEFINITION('international standard',
'ap242_managed_model_based_3d_engineering',2020,#4010);
#4004=APPLICATION_PROTOCOL_DEFINITION('international standard',
'ap242_managed_model_based_3d_engineering',2020,#4011);
#4005=APPLICATION_PROTOCOL_DEFINITION('international standard',
'ap242_managed_model_based_3d_engineering',2020,#4012);
#4006=APPLICATION_PROTOCOL_DEFINITION('international standard',
'ap242_managed_model_based_3d_engineering',2020,#4013);
#4007=APPLICATION_PROTOCOL_DEFINITION('international standard',
'ap242_managed_model_based_3d_engineering',2020,#4014);
#4008=APPLICATION_PROTOCOL_DEFINITION('international standard',
'ap242_managed_model_based_3d_engineering',2020,#4015);
#4009=APPLICATION_CONTEXT('managed model based 3d engineering');
#4010=APPLICATION_CONTEXT('managed model based 3d engineering');
#4011=APPLICATION_CONTEXT('managed model based 3d engineering');
#4012=APPLICATION_CONTEXT('managed model based 3d engineering');
#4013=APPLICATION_CONTEXT('managed model based 3d engineering');
#4014=APPLICATION_CONTEXT('managed model based 3d engineering');
#4015=APPLICATION_CONTEXT('managed model based 3d engineering');
ENDSEC;
END-ISO-10303-21;
